--
-- PostgreSQL database dump
--

SET statement_timeout = 0;
SET client_encoding = 'UTF8';
SET standard_conforming_strings = on;
SET check_function_bodies = false;
SET client_min_messages = warning;

--
-- Name: plpgsql; Type: EXTENSION; Schema: -; Owner: 
--

CREATE EXTENSION IF NOT EXISTS plpgsql WITH SCHEMA pg_catalog;


--
-- Name: EXTENSION plpgsql; Type: COMMENT; Schema: -; Owner: 
--

COMMENT ON EXTENSION plpgsql IS 'PL/pgSQL procedural language';


SET search_path = public, pg_catalog;

SET default_tablespace = '';

SET default_with_oids = false;

--
-- Name: address_address; Type: TABLE; Schema: public; Owner: data_garden; Tablespace: 
--

CREATE TABLE address_address (
    id integer NOT NULL,
    street_number character varying(20) NOT NULL,
    route character varying(100) NOT NULL,
    raw character varying(200) NOT NULL,
    formatted character varying(200) NOT NULL,
    latitude double precision,
    longitude double precision,
    locality_id integer
);


ALTER TABLE public.address_address OWNER TO data_garden;

--
-- Name: address_address_id_seq; Type: SEQUENCE; Schema: public; Owner: data_garden
--

CREATE SEQUENCE address_address_id_seq
    START WITH 1
    INCREMENT BY 1
    NO MINVALUE
    NO MAXVALUE
    CACHE 1;


ALTER TABLE public.address_address_id_seq OWNER TO data_garden;

--
-- Name: address_address_id_seq; Type: SEQUENCE OWNED BY; Schema: public; Owner: data_garden
--

ALTER SEQUENCE address_address_id_seq OWNED BY address_address.id;


--
-- Name: address_country; Type: TABLE; Schema: public; Owner: data_garden; Tablespace: 
--

CREATE TABLE address_country (
    id integer NOT NULL,
    name character varying(40) NOT NULL,
    code character varying(2) NOT NULL
);


ALTER TABLE public.address_country OWNER TO data_garden;

--
-- Name: address_country_id_seq; Type: SEQUENCE; Schema: public; Owner: data_garden
--

CREATE SEQUENCE address_country_id_seq
    START WITH 1
    INCREMENT BY 1
    NO MINVALUE
    NO MAXVALUE
    CACHE 1;


ALTER TABLE public.address_country_id_seq OWNER TO data_garden;

--
-- Name: address_country_id_seq; Type: SEQUENCE OWNED BY; Schema: public; Owner: data_garden
--

ALTER SEQUENCE address_country_id_seq OWNED BY address_country.id;


--
-- Name: address_locality; Type: TABLE; Schema: public; Owner: data_garden; Tablespace: 
--

CREATE TABLE address_locality (
    id integer NOT NULL,
    name character varying(165) NOT NULL,
    postal_code character varying(10) NOT NULL,
    state_id integer NOT NULL
);


ALTER TABLE public.address_locality OWNER TO data_garden;

--
-- Name: address_locality_id_seq; Type: SEQUENCE; Schema: public; Owner: data_garden
--

CREATE SEQUENCE address_locality_id_seq
    START WITH 1
    INCREMENT BY 1
    NO MINVALUE
    NO MAXVALUE
    CACHE 1;


ALTER TABLE public.address_locality_id_seq OWNER TO data_garden;

--
-- Name: address_locality_id_seq; Type: SEQUENCE OWNED BY; Schema: public; Owner: data_garden
--

ALTER SEQUENCE address_locality_id_seq OWNED BY address_locality.id;


--
-- Name: address_state; Type: TABLE; Schema: public; Owner: data_garden; Tablespace: 
--

CREATE TABLE address_state (
    id integer NOT NULL,
    name character varying(165) NOT NULL,
    code character varying(3) NOT NULL,
    country_id integer NOT NULL
);


ALTER TABLE public.address_state OWNER TO data_garden;

--
-- Name: address_state_id_seq; Type: SEQUENCE; Schema: public; Owner: data_garden
--

CREATE SEQUENCE address_state_id_seq
    START WITH 1
    INCREMENT BY 1
    NO MINVALUE
    NO MAXVALUE
    CACHE 1;


ALTER TABLE public.address_state_id_seq OWNER TO data_garden;

--
-- Name: address_state_id_seq; Type: SEQUENCE OWNED BY; Schema: public; Owner: data_garden
--

ALTER SEQUENCE address_state_id_seq OWNED BY address_state.id;


--
-- Name: auth_group; Type: TABLE; Schema: public; Owner: data_garden; Tablespace: 
--

CREATE TABLE auth_group (
    id integer NOT NULL,
    name character varying(80) NOT NULL
);


ALTER TABLE public.auth_group OWNER TO data_garden;

--
-- Name: auth_group_id_seq; Type: SEQUENCE; Schema: public; Owner: data_garden
--

CREATE SEQUENCE auth_group_id_seq
    START WITH 1
    INCREMENT BY 1
    NO MINVALUE
    NO MAXVALUE
    CACHE 1;


ALTER TABLE public.auth_group_id_seq OWNER TO data_garden;

--
-- Name: auth_group_id_seq; Type: SEQUENCE OWNED BY; Schema: public; Owner: data_garden
--

ALTER SEQUENCE auth_group_id_seq OWNED BY auth_group.id;


--
-- Name: auth_group_permissions; Type: TABLE; Schema: public; Owner: data_garden; Tablespace: 
--

CREATE TABLE auth_group_permissions (
    id integer NOT NULL,
    group_id integer NOT NULL,
    permission_id integer NOT NULL
);


ALTER TABLE public.auth_group_permissions OWNER TO data_garden;

--
-- Name: auth_group_permissions_id_seq; Type: SEQUENCE; Schema: public; Owner: data_garden
--

CREATE SEQUENCE auth_group_permissions_id_seq
    START WITH 1
    INCREMENT BY 1
    NO MINVALUE
    NO MAXVALUE
    CACHE 1;


ALTER TABLE public.auth_group_permissions_id_seq OWNER TO data_garden;

--
-- Name: auth_group_permissions_id_seq; Type: SEQUENCE OWNED BY; Schema: public; Owner: data_garden
--

ALTER SEQUENCE auth_group_permissions_id_seq OWNED BY auth_group_permissions.id;


--
-- Name: auth_permission; Type: TABLE; Schema: public; Owner: data_garden; Tablespace: 
--

CREATE TABLE auth_permission (
    id integer NOT NULL,
    name character varying(255) NOT NULL,
    content_type_id integer NOT NULL,
    codename character varying(100) NOT NULL
);


ALTER TABLE public.auth_permission OWNER TO data_garden;

--
-- Name: auth_permission_id_seq; Type: SEQUENCE; Schema: public; Owner: data_garden
--

CREATE SEQUENCE auth_permission_id_seq
    START WITH 1
    INCREMENT BY 1
    NO MINVALUE
    NO MAXVALUE
    CACHE 1;


ALTER TABLE public.auth_permission_id_seq OWNER TO data_garden;

--
-- Name: auth_permission_id_seq; Type: SEQUENCE OWNED BY; Schema: public; Owner: data_garden
--

ALTER SEQUENCE auth_permission_id_seq OWNED BY auth_permission.id;


--
-- Name: auth_user; Type: TABLE; Schema: public; Owner: data_garden; Tablespace: 
--

CREATE TABLE auth_user (
    id integer NOT NULL,
    password character varying(128) NOT NULL,
    last_login timestamp with time zone,
    is_superuser boolean NOT NULL,
    username character varying(30) NOT NULL,
    first_name character varying(30) NOT NULL,
    last_name character varying(30) NOT NULL,
    email character varying(254) NOT NULL,
    is_staff boolean NOT NULL,
    is_active boolean NOT NULL,
    date_joined timestamp with time zone NOT NULL
);


ALTER TABLE public.auth_user OWNER TO data_garden;

--
-- Name: auth_user_groups; Type: TABLE; Schema: public; Owner: data_garden; Tablespace: 
--

CREATE TABLE auth_user_groups (
    id integer NOT NULL,
    user_id integer NOT NULL,
    group_id integer NOT NULL
);


ALTER TABLE public.auth_user_groups OWNER TO data_garden;

--
-- Name: auth_user_groups_id_seq; Type: SEQUENCE; Schema: public; Owner: data_garden
--

CREATE SEQUENCE auth_user_groups_id_seq
    START WITH 1
    INCREMENT BY 1
    NO MINVALUE
    NO MAXVALUE
    CACHE 1;


ALTER TABLE public.auth_user_groups_id_seq OWNER TO data_garden;

--
-- Name: auth_user_groups_id_seq; Type: SEQUENCE OWNED BY; Schema: public; Owner: data_garden
--

ALTER SEQUENCE auth_user_groups_id_seq OWNED BY auth_user_groups.id;


--
-- Name: auth_user_id_seq; Type: SEQUENCE; Schema: public; Owner: data_garden
--

CREATE SEQUENCE auth_user_id_seq
    START WITH 1
    INCREMENT BY 1
    NO MINVALUE
    NO MAXVALUE
    CACHE 1;


ALTER TABLE public.auth_user_id_seq OWNER TO data_garden;

--
-- Name: auth_user_id_seq; Type: SEQUENCE OWNED BY; Schema: public; Owner: data_garden
--

ALTER SEQUENCE auth_user_id_seq OWNED BY auth_user.id;


--
-- Name: auth_user_user_permissions; Type: TABLE; Schema: public; Owner: data_garden; Tablespace: 
--

CREATE TABLE auth_user_user_permissions (
    id integer NOT NULL,
    user_id integer NOT NULL,
    permission_id integer NOT NULL
);


ALTER TABLE public.auth_user_user_permissions OWNER TO data_garden;

--
-- Name: auth_user_user_permissions_id_seq; Type: SEQUENCE; Schema: public; Owner: data_garden
--

CREATE SEQUENCE auth_user_user_permissions_id_seq
    START WITH 1
    INCREMENT BY 1
    NO MINVALUE
    NO MAXVALUE
    CACHE 1;


ALTER TABLE public.auth_user_user_permissions_id_seq OWNER TO data_garden;

--
-- Name: auth_user_user_permissions_id_seq; Type: SEQUENCE OWNED BY; Schema: public; Owner: data_garden
--

ALTER SEQUENCE auth_user_user_permissions_id_seq OWNED BY auth_user_user_permissions.id;


--
-- Name: blog_blogcategory; Type: TABLE; Schema: public; Owner: data_garden; Tablespace: 
--

CREATE TABLE blog_blogcategory (
    id integer NOT NULL,
    title character varying(500) NOT NULL,
    slug character varying(2000),
    site_id integer NOT NULL
);


ALTER TABLE public.blog_blogcategory OWNER TO data_garden;

--
-- Name: blog_blogcategory_id_seq; Type: SEQUENCE; Schema: public; Owner: data_garden
--

CREATE SEQUENCE blog_blogcategory_id_seq
    START WITH 1
    INCREMENT BY 1
    NO MINVALUE
    NO MAXVALUE
    CACHE 1;


ALTER TABLE public.blog_blogcategory_id_seq OWNER TO data_garden;

--
-- Name: blog_blogcategory_id_seq; Type: SEQUENCE OWNED BY; Schema: public; Owner: data_garden
--

ALTER SEQUENCE blog_blogcategory_id_seq OWNED BY blog_blogcategory.id;


--
-- Name: blog_blogpost; Type: TABLE; Schema: public; Owner: data_garden; Tablespace: 
--

CREATE TABLE blog_blogpost (
    id integer NOT NULL,
    comments_count integer NOT NULL,
    keywords_string character varying(500) NOT NULL,
    rating_count integer NOT NULL,
    rating_sum integer NOT NULL,
    rating_average double precision NOT NULL,
    title character varying(500) NOT NULL,
    slug character varying(2000),
    _meta_title character varying(500),
    description text NOT NULL,
    gen_description boolean NOT NULL,
    created timestamp with time zone,
    updated timestamp with time zone,
    status integer NOT NULL,
    publish_date timestamp with time zone,
    expiry_date timestamp with time zone,
    short_url character varying(200),
    in_sitemap boolean NOT NULL,
    content text NOT NULL,
    allow_comments boolean NOT NULL,
    featured_image character varying(255),
    site_id integer NOT NULL,
    user_id integer NOT NULL
);


ALTER TABLE public.blog_blogpost OWNER TO data_garden;

--
-- Name: blog_blogpost_categories; Type: TABLE; Schema: public; Owner: data_garden; Tablespace: 
--

CREATE TABLE blog_blogpost_categories (
    id integer NOT NULL,
    blogpost_id integer NOT NULL,
    blogcategory_id integer NOT NULL
);


ALTER TABLE public.blog_blogpost_categories OWNER TO data_garden;

--
-- Name: blog_blogpost_categories_id_seq; Type: SEQUENCE; Schema: public; Owner: data_garden
--

CREATE SEQUENCE blog_blogpost_categories_id_seq
    START WITH 1
    INCREMENT BY 1
    NO MINVALUE
    NO MAXVALUE
    CACHE 1;


ALTER TABLE public.blog_blogpost_categories_id_seq OWNER TO data_garden;

--
-- Name: blog_blogpost_categories_id_seq; Type: SEQUENCE OWNED BY; Schema: public; Owner: data_garden
--

ALTER SEQUENCE blog_blogpost_categories_id_seq OWNED BY blog_blogpost_categories.id;


--
-- Name: blog_blogpost_id_seq; Type: SEQUENCE; Schema: public; Owner: data_garden
--

CREATE SEQUENCE blog_blogpost_id_seq
    START WITH 1
    INCREMENT BY 1
    NO MINVALUE
    NO MAXVALUE
    CACHE 1;


ALTER TABLE public.blog_blogpost_id_seq OWNER TO data_garden;

--
-- Name: blog_blogpost_id_seq; Type: SEQUENCE OWNED BY; Schema: public; Owner: data_garden
--

ALTER SEQUENCE blog_blogpost_id_seq OWNED BY blog_blogpost.id;


--
-- Name: blog_blogpost_related_posts; Type: TABLE; Schema: public; Owner: data_garden; Tablespace: 
--

CREATE TABLE blog_blogpost_related_posts (
    id integer NOT NULL,
    from_blogpost_id integer NOT NULL,
    to_blogpost_id integer NOT NULL
);


ALTER TABLE public.blog_blogpost_related_posts OWNER TO data_garden;

--
-- Name: blog_blogpost_related_posts_id_seq; Type: SEQUENCE; Schema: public; Owner: data_garden
--

CREATE SEQUENCE blog_blogpost_related_posts_id_seq
    START WITH 1
    INCREMENT BY 1
    NO MINVALUE
    NO MAXVALUE
    CACHE 1;


ALTER TABLE public.blog_blogpost_related_posts_id_seq OWNER TO data_garden;

--
-- Name: blog_blogpost_related_posts_id_seq; Type: SEQUENCE OWNED BY; Schema: public; Owner: data_garden
--

ALTER SEQUENCE blog_blogpost_related_posts_id_seq OWNED BY blog_blogpost_related_posts.id;


--
-- Name: conf_setting; Type: TABLE; Schema: public; Owner: data_garden; Tablespace: 
--

CREATE TABLE conf_setting (
    id integer NOT NULL,
    name character varying(50) NOT NULL,
    value character varying(2000) NOT NULL,
    site_id integer NOT NULL
);


ALTER TABLE public.conf_setting OWNER TO data_garden;

--
-- Name: conf_setting_id_seq; Type: SEQUENCE; Schema: public; Owner: data_garden
--

CREATE SEQUENCE conf_setting_id_seq
    START WITH 1
    INCREMENT BY 1
    NO MINVALUE
    NO MAXVALUE
    CACHE 1;


ALTER TABLE public.conf_setting_id_seq OWNER TO data_garden;

--
-- Name: conf_setting_id_seq; Type: SEQUENCE OWNED BY; Schema: public; Owner: data_garden
--

ALTER SEQUENCE conf_setting_id_seq OWNED BY conf_setting.id;


--
-- Name: core_sitepermission; Type: TABLE; Schema: public; Owner: data_garden; Tablespace: 
--

CREATE TABLE core_sitepermission (
    id integer NOT NULL,
    user_id integer NOT NULL
);


ALTER TABLE public.core_sitepermission OWNER TO data_garden;

--
-- Name: core_sitepermission_id_seq; Type: SEQUENCE; Schema: public; Owner: data_garden
--

CREATE SEQUENCE core_sitepermission_id_seq
    START WITH 1
    INCREMENT BY 1
    NO MINVALUE
    NO MAXVALUE
    CACHE 1;


ALTER TABLE public.core_sitepermission_id_seq OWNER TO data_garden;

--
-- Name: core_sitepermission_id_seq; Type: SEQUENCE OWNED BY; Schema: public; Owner: data_garden
--

ALTER SEQUENCE core_sitepermission_id_seq OWNED BY core_sitepermission.id;


--
-- Name: core_sitepermission_sites; Type: TABLE; Schema: public; Owner: data_garden; Tablespace: 
--

CREATE TABLE core_sitepermission_sites (
    id integer NOT NULL,
    sitepermission_id integer NOT NULL,
    site_id integer NOT NULL
);


ALTER TABLE public.core_sitepermission_sites OWNER TO data_garden;

--
-- Name: core_sitepermission_sites_id_seq; Type: SEQUENCE; Schema: public; Owner: data_garden
--

CREATE SEQUENCE core_sitepermission_sites_id_seq
    START WITH 1
    INCREMENT BY 1
    NO MINVALUE
    NO MAXVALUE
    CACHE 1;


ALTER TABLE public.core_sitepermission_sites_id_seq OWNER TO data_garden;

--
-- Name: core_sitepermission_sites_id_seq; Type: SEQUENCE OWNED BY; Schema: public; Owner: data_garden
--

ALTER SEQUENCE core_sitepermission_sites_id_seq OWNED BY core_sitepermission_sites.id;


--
-- Name: django_admin_log; Type: TABLE; Schema: public; Owner: data_garden; Tablespace: 
--

CREATE TABLE django_admin_log (
    id integer NOT NULL,
    action_time timestamp with time zone NOT NULL,
    object_id text,
    object_repr character varying(200) NOT NULL,
    action_flag smallint NOT NULL,
    change_message text NOT NULL,
    content_type_id integer,
    user_id integer NOT NULL,
    CONSTRAINT django_admin_log_action_flag_check CHECK ((action_flag >= 0))
);


ALTER TABLE public.django_admin_log OWNER TO data_garden;

--
-- Name: django_admin_log_id_seq; Type: SEQUENCE; Schema: public; Owner: data_garden
--

CREATE SEQUENCE django_admin_log_id_seq
    START WITH 1
    INCREMENT BY 1
    NO MINVALUE
    NO MAXVALUE
    CACHE 1;


ALTER TABLE public.django_admin_log_id_seq OWNER TO data_garden;

--
-- Name: django_admin_log_id_seq; Type: SEQUENCE OWNED BY; Schema: public; Owner: data_garden
--

ALTER SEQUENCE django_admin_log_id_seq OWNED BY django_admin_log.id;


--
-- Name: django_comment_flags; Type: TABLE; Schema: public; Owner: data_garden; Tablespace: 
--

CREATE TABLE django_comment_flags (
    id integer NOT NULL,
    flag character varying(30) NOT NULL,
    flag_date timestamp with time zone NOT NULL,
    comment_id integer NOT NULL,
    user_id integer NOT NULL
);


ALTER TABLE public.django_comment_flags OWNER TO data_garden;

--
-- Name: django_comment_flags_id_seq; Type: SEQUENCE; Schema: public; Owner: data_garden
--

CREATE SEQUENCE django_comment_flags_id_seq
    START WITH 1
    INCREMENT BY 1
    NO MINVALUE
    NO MAXVALUE
    CACHE 1;


ALTER TABLE public.django_comment_flags_id_seq OWNER TO data_garden;

--
-- Name: django_comment_flags_id_seq; Type: SEQUENCE OWNED BY; Schema: public; Owner: data_garden
--

ALTER SEQUENCE django_comment_flags_id_seq OWNED BY django_comment_flags.id;


--
-- Name: django_comments; Type: TABLE; Schema: public; Owner: data_garden; Tablespace: 
--

CREATE TABLE django_comments (
    id integer NOT NULL,
    object_pk text NOT NULL,
    user_name character varying(50) NOT NULL,
    user_email character varying(254) NOT NULL,
    user_url character varying(200) NOT NULL,
    comment text NOT NULL,
    submit_date timestamp with time zone NOT NULL,
    ip_address inet,
    is_public boolean NOT NULL,
    is_removed boolean NOT NULL,
    content_type_id integer NOT NULL,
    site_id integer NOT NULL,
    user_id integer
);


ALTER TABLE public.django_comments OWNER TO data_garden;

--
-- Name: django_comments_id_seq; Type: SEQUENCE; Schema: public; Owner: data_garden
--

CREATE SEQUENCE django_comments_id_seq
    START WITH 1
    INCREMENT BY 1
    NO MINVALUE
    NO MAXVALUE
    CACHE 1;


ALTER TABLE public.django_comments_id_seq OWNER TO data_garden;

--
-- Name: django_comments_id_seq; Type: SEQUENCE OWNED BY; Schema: public; Owner: data_garden
--

ALTER SEQUENCE django_comments_id_seq OWNED BY django_comments.id;


--
-- Name: django_content_type; Type: TABLE; Schema: public; Owner: data_garden; Tablespace: 
--

CREATE TABLE django_content_type (
    id integer NOT NULL,
    app_label character varying(100) NOT NULL,
    model character varying(100) NOT NULL
);


ALTER TABLE public.django_content_type OWNER TO data_garden;

--
-- Name: django_content_type_id_seq; Type: SEQUENCE; Schema: public; Owner: data_garden
--

CREATE SEQUENCE django_content_type_id_seq
    START WITH 1
    INCREMENT BY 1
    NO MINVALUE
    NO MAXVALUE
    CACHE 1;


ALTER TABLE public.django_content_type_id_seq OWNER TO data_garden;

--
-- Name: django_content_type_id_seq; Type: SEQUENCE OWNED BY; Schema: public; Owner: data_garden
--

ALTER SEQUENCE django_content_type_id_seq OWNED BY django_content_type.id;


--
-- Name: django_migrations; Type: TABLE; Schema: public; Owner: data_garden; Tablespace: 
--

CREATE TABLE django_migrations (
    id integer NOT NULL,
    app character varying(255) NOT NULL,
    name character varying(255) NOT NULL,
    applied timestamp with time zone NOT NULL
);


ALTER TABLE public.django_migrations OWNER TO data_garden;

--
-- Name: django_migrations_id_seq; Type: SEQUENCE; Schema: public; Owner: data_garden
--

CREATE SEQUENCE django_migrations_id_seq
    START WITH 1
    INCREMENT BY 1
    NO MINVALUE
    NO MAXVALUE
    CACHE 1;


ALTER TABLE public.django_migrations_id_seq OWNER TO data_garden;

--
-- Name: django_migrations_id_seq; Type: SEQUENCE OWNED BY; Schema: public; Owner: data_garden
--

ALTER SEQUENCE django_migrations_id_seq OWNED BY django_migrations.id;


--
-- Name: django_redirect; Type: TABLE; Schema: public; Owner: data_garden; Tablespace: 
--

CREATE TABLE django_redirect (
    id integer NOT NULL,
    site_id integer NOT NULL,
    old_path character varying(200) NOT NULL,
    new_path character varying(200) NOT NULL
);


ALTER TABLE public.django_redirect OWNER TO data_garden;

--
-- Name: django_redirect_id_seq; Type: SEQUENCE; Schema: public; Owner: data_garden
--

CREATE SEQUENCE django_redirect_id_seq
    START WITH 1
    INCREMENT BY 1
    NO MINVALUE
    NO MAXVALUE
    CACHE 1;


ALTER TABLE public.django_redirect_id_seq OWNER TO data_garden;

--
-- Name: django_redirect_id_seq; Type: SEQUENCE OWNED BY; Schema: public; Owner: data_garden
--

ALTER SEQUENCE django_redirect_id_seq OWNED BY django_redirect.id;


--
-- Name: django_session; Type: TABLE; Schema: public; Owner: data_garden; Tablespace: 
--

CREATE TABLE django_session (
    session_key character varying(40) NOT NULL,
    session_data text NOT NULL,
    expire_date timestamp with time zone NOT NULL
);


ALTER TABLE public.django_session OWNER TO data_garden;

--
-- Name: django_site; Type: TABLE; Schema: public; Owner: data_garden; Tablespace: 
--

CREATE TABLE django_site (
    id integer NOT NULL,
    domain character varying(100) NOT NULL,
    name character varying(50) NOT NULL
);


ALTER TABLE public.django_site OWNER TO data_garden;

--
-- Name: django_site_id_seq; Type: SEQUENCE; Schema: public; Owner: data_garden
--

CREATE SEQUENCE django_site_id_seq
    START WITH 1
    INCREMENT BY 1
    NO MINVALUE
    NO MAXVALUE
    CACHE 1;


ALTER TABLE public.django_site_id_seq OWNER TO data_garden;

--
-- Name: django_site_id_seq; Type: SEQUENCE OWNED BY; Schema: public; Owner: data_garden
--

ALTER SEQUENCE django_site_id_seq OWNED BY django_site.id;


--
-- Name: forms_field; Type: TABLE; Schema: public; Owner: data_garden; Tablespace: 
--

CREATE TABLE forms_field (
    id integer NOT NULL,
    _order integer,
    label character varying(200) NOT NULL,
    field_type integer NOT NULL,
    required boolean NOT NULL,
    visible boolean NOT NULL,
    choices character varying(1000) NOT NULL,
    "default" character varying(2000) NOT NULL,
    placeholder_text character varying(100) NOT NULL,
    help_text character varying(100) NOT NULL,
    form_id integer NOT NULL
);


ALTER TABLE public.forms_field OWNER TO data_garden;

--
-- Name: forms_field_id_seq; Type: SEQUENCE; Schema: public; Owner: data_garden
--

CREATE SEQUENCE forms_field_id_seq
    START WITH 1
    INCREMENT BY 1
    NO MINVALUE
    NO MAXVALUE
    CACHE 1;


ALTER TABLE public.forms_field_id_seq OWNER TO data_garden;

--
-- Name: forms_field_id_seq; Type: SEQUENCE OWNED BY; Schema: public; Owner: data_garden
--

ALTER SEQUENCE forms_field_id_seq OWNED BY forms_field.id;


--
-- Name: forms_fieldentry; Type: TABLE; Schema: public; Owner: data_garden; Tablespace: 
--

CREATE TABLE forms_fieldentry (
    id integer NOT NULL,
    field_id integer NOT NULL,
    value character varying(2000),
    entry_id integer NOT NULL
);


ALTER TABLE public.forms_fieldentry OWNER TO data_garden;

--
-- Name: forms_fieldentry_id_seq; Type: SEQUENCE; Schema: public; Owner: data_garden
--

CREATE SEQUENCE forms_fieldentry_id_seq
    START WITH 1
    INCREMENT BY 1
    NO MINVALUE
    NO MAXVALUE
    CACHE 1;


ALTER TABLE public.forms_fieldentry_id_seq OWNER TO data_garden;

--
-- Name: forms_fieldentry_id_seq; Type: SEQUENCE OWNED BY; Schema: public; Owner: data_garden
--

ALTER SEQUENCE forms_fieldentry_id_seq OWNED BY forms_fieldentry.id;


--
-- Name: forms_form; Type: TABLE; Schema: public; Owner: data_garden; Tablespace: 
--

CREATE TABLE forms_form (
    page_ptr_id integer NOT NULL,
    content text NOT NULL,
    button_text character varying(50) NOT NULL,
    response text NOT NULL,
    send_email boolean NOT NULL,
    email_from character varying(254) NOT NULL,
    email_copies character varying(200) NOT NULL,
    email_subject character varying(200) NOT NULL,
    email_message text NOT NULL
);


ALTER TABLE public.forms_form OWNER TO data_garden;

--
-- Name: forms_formentry; Type: TABLE; Schema: public; Owner: data_garden; Tablespace: 
--

CREATE TABLE forms_formentry (
    id integer NOT NULL,
    entry_time timestamp with time zone NOT NULL,
    form_id integer NOT NULL
);


ALTER TABLE public.forms_formentry OWNER TO data_garden;

--
-- Name: forms_formentry_id_seq; Type: SEQUENCE; Schema: public; Owner: data_garden
--

CREATE SEQUENCE forms_formentry_id_seq
    START WITH 1
    INCREMENT BY 1
    NO MINVALUE
    NO MAXVALUE
    CACHE 1;


ALTER TABLE public.forms_formentry_id_seq OWNER TO data_garden;

--
-- Name: forms_formentry_id_seq; Type: SEQUENCE OWNED BY; Schema: public; Owner: data_garden
--

ALTER SEQUENCE forms_formentry_id_seq OWNED BY forms_formentry.id;


--
-- Name: galleries_gallery; Type: TABLE; Schema: public; Owner: data_garden; Tablespace: 
--

CREATE TABLE galleries_gallery (
    page_ptr_id integer NOT NULL,
    content text NOT NULL,
    zip_import character varying(100) NOT NULL
);


ALTER TABLE public.galleries_gallery OWNER TO data_garden;

--
-- Name: galleries_galleryimage; Type: TABLE; Schema: public; Owner: data_garden; Tablespace: 
--

CREATE TABLE galleries_galleryimage (
    id integer NOT NULL,
    _order integer,
    file character varying(200) NOT NULL,
    description character varying(1000) NOT NULL,
    gallery_id integer NOT NULL
);


ALTER TABLE public.galleries_galleryimage OWNER TO data_garden;

--
-- Name: galleries_galleryimage_id_seq; Type: SEQUENCE; Schema: public; Owner: data_garden
--

CREATE SEQUENCE galleries_galleryimage_id_seq
    START WITH 1
    INCREMENT BY 1
    NO MINVALUE
    NO MAXVALUE
    CACHE 1;


ALTER TABLE public.galleries_galleryimage_id_seq OWNER TO data_garden;

--
-- Name: galleries_galleryimage_id_seq; Type: SEQUENCE OWNED BY; Schema: public; Owner: data_garden
--

ALTER SEQUENCE galleries_galleryimage_id_seq OWNED BY galleries_galleryimage.id;


--
-- Name: generic_assignedkeyword; Type: TABLE; Schema: public; Owner: data_garden; Tablespace: 
--

CREATE TABLE generic_assignedkeyword (
    id integer NOT NULL,
    _order integer,
    object_pk integer NOT NULL,
    content_type_id integer NOT NULL,
    keyword_id integer NOT NULL
);


ALTER TABLE public.generic_assignedkeyword OWNER TO data_garden;

--
-- Name: generic_assignedkeyword_id_seq; Type: SEQUENCE; Schema: public; Owner: data_garden
--

CREATE SEQUENCE generic_assignedkeyword_id_seq
    START WITH 1
    INCREMENT BY 1
    NO MINVALUE
    NO MAXVALUE
    CACHE 1;


ALTER TABLE public.generic_assignedkeyword_id_seq OWNER TO data_garden;

--
-- Name: generic_assignedkeyword_id_seq; Type: SEQUENCE OWNED BY; Schema: public; Owner: data_garden
--

ALTER SEQUENCE generic_assignedkeyword_id_seq OWNED BY generic_assignedkeyword.id;


--
-- Name: generic_keyword; Type: TABLE; Schema: public; Owner: data_garden; Tablespace: 
--

CREATE TABLE generic_keyword (
    id integer NOT NULL,
    title character varying(500) NOT NULL,
    slug character varying(2000),
    site_id integer NOT NULL
);


ALTER TABLE public.generic_keyword OWNER TO data_garden;

--
-- Name: generic_keyword_id_seq; Type: SEQUENCE; Schema: public; Owner: data_garden
--

CREATE SEQUENCE generic_keyword_id_seq
    START WITH 1
    INCREMENT BY 1
    NO MINVALUE
    NO MAXVALUE
    CACHE 1;


ALTER TABLE public.generic_keyword_id_seq OWNER TO data_garden;

--
-- Name: generic_keyword_id_seq; Type: SEQUENCE OWNED BY; Schema: public; Owner: data_garden
--

ALTER SEQUENCE generic_keyword_id_seq OWNED BY generic_keyword.id;


--
-- Name: generic_rating; Type: TABLE; Schema: public; Owner: data_garden; Tablespace: 
--

CREATE TABLE generic_rating (
    id integer NOT NULL,
    value integer NOT NULL,
    rating_date timestamp with time zone,
    object_pk integer NOT NULL,
    content_type_id integer NOT NULL,
    user_id integer
);


ALTER TABLE public.generic_rating OWNER TO data_garden;

--
-- Name: generic_rating_id_seq; Type: SEQUENCE; Schema: public; Owner: data_garden
--

CREATE SEQUENCE generic_rating_id_seq
    START WITH 1
    INCREMENT BY 1
    NO MINVALUE
    NO MAXVALUE
    CACHE 1;


ALTER TABLE public.generic_rating_id_seq OWNER TO data_garden;

--
-- Name: generic_rating_id_seq; Type: SEQUENCE OWNED BY; Schema: public; Owner: data_garden
--

ALTER SEQUENCE generic_rating_id_seq OWNED BY generic_rating.id;


--
-- Name: generic_threadedcomment; Type: TABLE; Schema: public; Owner: data_garden; Tablespace: 
--

CREATE TABLE generic_threadedcomment (
    comment_ptr_id integer NOT NULL,
    rating_count integer NOT NULL,
    rating_sum integer NOT NULL,
    rating_average double precision NOT NULL,
    by_author boolean NOT NULL,
    replied_to_id integer
);


ALTER TABLE public.generic_threadedcomment OWNER TO data_garden;

--
-- Name: grow_records_action; Type: TABLE; Schema: public; Owner: data_garden; Tablespace: 
--

CREATE TABLE grow_records_action (
    id integer NOT NULL,
    start_time timestamp with time zone NOT NULL,
    end_time timestamp with time zone NOT NULL,
    description text
);


ALTER TABLE public.grow_records_action OWNER TO data_garden;

--
-- Name: grow_records_action_id_seq; Type: SEQUENCE; Schema: public; Owner: data_garden
--

CREATE SEQUENCE grow_records_action_id_seq
    START WITH 1
    INCREMENT BY 1
    NO MINVALUE
    NO MAXVALUE
    CACHE 1;


ALTER TABLE public.grow_records_action_id_seq OWNER TO data_garden;

--
-- Name: grow_records_action_id_seq; Type: SEQUENCE OWNED BY; Schema: public; Owner: data_garden
--

ALTER SEQUENCE grow_records_action_id_seq OWNED BY grow_records_action.id;


--
-- Name: grow_records_ammendinnoculate; Type: TABLE; Schema: public; Owner: data_garden; Tablespace: 
--

CREATE TABLE grow_records_ammendinnoculate (
    bedinteraction_ptr_id integer NOT NULL,
    recipe text
);


ALTER TABLE public.grow_records_ammendinnoculate OWNER TO data_garden;

--
-- Name: grow_records_areauom; Type: TABLE; Schema: public; Owner: data_garden; Tablespace: 
--

CREATE TABLE grow_records_areauom (
    id integer NOT NULL,
    unit character varying(4) NOT NULL
);


ALTER TABLE public.grow_records_areauom OWNER TO data_garden;

--
-- Name: grow_records_areauom_id_seq; Type: SEQUENCE; Schema: public; Owner: data_garden
--

CREATE SEQUENCE grow_records_areauom_id_seq
    START WITH 1
    INCREMENT BY 1
    NO MINVALUE
    NO MAXVALUE
    CACHE 1;


ALTER TABLE public.grow_records_areauom_id_seq OWNER TO data_garden;

--
-- Name: grow_records_areauom_id_seq; Type: SEQUENCE OWNED BY; Schema: public; Owner: data_garden
--

ALTER SEQUENCE grow_records_areauom_id_seq OWNED BY grow_records_areauom.id;


--
-- Name: grow_records_bed; Type: TABLE; Schema: public; Owner: data_garden; Tablespace: 
--

CREATE TABLE grow_records_bed (
    id integer NOT NULL,
    name character varying(200) NOT NULL,
    width integer NOT NULL,
    length integer NOT NULL,
    "length_UOM_id" integer,
    site_id integer,
    "width_UOM_id" integer,
    bed_set_id integer
);


ALTER TABLE public.grow_records_bed OWNER TO data_garden;

--
-- Name: grow_records_bed_id_seq; Type: SEQUENCE; Schema: public; Owner: data_garden
--

CREATE SEQUENCE grow_records_bed_id_seq
    START WITH 1
    INCREMENT BY 1
    NO MINVALUE
    NO MAXVALUE
    CACHE 1;


ALTER TABLE public.grow_records_bed_id_seq OWNER TO data_garden;

--
-- Name: grow_records_bed_id_seq; Type: SEQUENCE OWNED BY; Schema: public; Owner: data_garden
--

ALTER SEQUENCE grow_records_bed_id_seq OWNED BY grow_records_bed.id;


--
-- Name: grow_records_bedinteraction; Type: TABLE; Schema: public; Owner: data_garden; Tablespace: 
--

CREATE TABLE grow_records_bedinteraction (
    action_ptr_id integer NOT NULL
);


ALTER TABLE public.grow_records_bedinteraction OWNER TO data_garden;

--
-- Name: grow_records_bedinteraction_beds; Type: TABLE; Schema: public; Owner: data_garden; Tablespace: 
--

CREATE TABLE grow_records_bedinteraction_beds (
    id integer NOT NULL,
    bedinteraction_id integer NOT NULL,
    bed_id integer NOT NULL
);


ALTER TABLE public.grow_records_bedinteraction_beds OWNER TO data_garden;

--
-- Name: grow_records_bedinteraction_beds_id_seq; Type: SEQUENCE; Schema: public; Owner: data_garden
--

CREATE SEQUENCE grow_records_bedinteraction_beds_id_seq
    START WITH 1
    INCREMENT BY 1
    NO MINVALUE
    NO MAXVALUE
    CACHE 1;


ALTER TABLE public.grow_records_bedinteraction_beds_id_seq OWNER TO data_garden;

--
-- Name: grow_records_bedinteraction_beds_id_seq; Type: SEQUENCE OWNED BY; Schema: public; Owner: data_garden
--

ALTER SEQUENCE grow_records_bedinteraction_beds_id_seq OWNED BY grow_records_bedinteraction_beds.id;


--
-- Name: grow_records_bedrecord; Type: TABLE; Schema: public; Owner: data_garden; Tablespace: 
--

CREATE TABLE grow_records_bedrecord (
    id integer NOT NULL,
    in_bed_date date,
    out_bed_date date,
    rows integer,
    spacing_in integer,
    bed_percent integer,
    bed_id integer,
    nursery_record_id integer,
    seeder_id integer,
    variety_id integer
);


ALTER TABLE public.grow_records_bedrecord OWNER TO data_garden;

--
-- Name: grow_records_bedrecord_id_seq; Type: SEQUENCE; Schema: public; Owner: data_garden
--

CREATE SEQUENCE grow_records_bedrecord_id_seq
    START WITH 1
    INCREMENT BY 1
    NO MINVALUE
    NO MAXVALUE
    CACHE 1;


ALTER TABLE public.grow_records_bedrecord_id_seq OWNER TO data_garden;

--
-- Name: grow_records_bedrecord_id_seq; Type: SEQUENCE OWNED BY; Schema: public; Owner: data_garden
--

ALTER SEQUENCE grow_records_bedrecord_id_seq OWNED BY grow_records_bedrecord.id;


--
-- Name: grow_records_bedset; Type: TABLE; Schema: public; Owner: data_garden; Tablespace: 
--

CREATE TABLE grow_records_bedset (
    id integer NOT NULL,
    name character varying(200) NOT NULL,
    site_id integer
);


ALTER TABLE public.grow_records_bedset OWNER TO data_garden;

--
-- Name: grow_records_bedset_id_seq; Type: SEQUENCE; Schema: public; Owner: data_garden
--

CREATE SEQUENCE grow_records_bedset_id_seq
    START WITH 1
    INCREMENT BY 1
    NO MINVALUE
    NO MAXVALUE
    CACHE 1;


ALTER TABLE public.grow_records_bedset_id_seq OWNER TO data_garden;

--
-- Name: grow_records_bedset_id_seq; Type: SEQUENCE OWNED BY; Schema: public; Owner: data_garden
--

ALTER SEQUENCE grow_records_bedset_id_seq OWNED BY grow_records_bedset.id;


--
-- Name: grow_records_buyer; Type: TABLE; Schema: public; Owner: data_garden; Tablespace: 
--

CREATE TABLE grow_records_buyer (
    id integer NOT NULL,
    name character varying(100)
);


ALTER TABLE public.grow_records_buyer OWNER TO data_garden;

--
-- Name: grow_records_buyer_id_seq; Type: SEQUENCE; Schema: public; Owner: data_garden
--

CREATE SEQUENCE grow_records_buyer_id_seq
    START WITH 1
    INCREMENT BY 1
    NO MINVALUE
    NO MAXVALUE
    CACHE 1;


ALTER TABLE public.grow_records_buyer_id_seq OWNER TO data_garden;

--
-- Name: grow_records_buyer_id_seq; Type: SEQUENCE OWNED BY; Schema: public; Owner: data_garden
--

ALTER SEQUENCE grow_records_buyer_id_seq OWNED BY grow_records_buyer.id;


--
-- Name: grow_records_buyervarietyprice; Type: TABLE; Schema: public; Owner: data_garden; Tablespace: 
--

CREATE TABLE grow_records_buyervarietyprice (
    id integer NOT NULL,
    buyer_id integer,
    price double precision,
    date_effective timestamp with time zone,
    date_end timestamp with time zone,
    "price_UOM_id" integer,
    variety_id integer
);


ALTER TABLE public.grow_records_buyervarietyprice OWNER TO data_garden;

--
-- Name: grow_records_buyervarietyprice_id_seq; Type: SEQUENCE; Schema: public; Owner: data_garden
--

CREATE SEQUENCE grow_records_buyervarietyprice_id_seq
    START WITH 1
    INCREMENT BY 1
    NO MINVALUE
    NO MAXVALUE
    CACHE 1;


ALTER TABLE public.grow_records_buyervarietyprice_id_seq OWNER TO data_garden;

--
-- Name: grow_records_buyervarietyprice_id_seq; Type: SEQUENCE OWNED BY; Schema: public; Owner: data_garden
--

ALTER SEQUENCE grow_records_buyervarietyprice_id_seq OWNED BY grow_records_buyervarietyprice.id;


--
-- Name: grow_records_commonname; Type: TABLE; Schema: public; Owner: data_garden; Tablespace: 
--

CREATE TABLE grow_records_commonname (
    id integer NOT NULL,
    name character varying(100),
    preferred boolean NOT NULL,
    crop_id integer
);


ALTER TABLE public.grow_records_commonname OWNER TO data_garden;

--
-- Name: grow_records_commonname_id_seq; Type: SEQUENCE; Schema: public; Owner: data_garden
--

CREATE SEQUENCE grow_records_commonname_id_seq
    START WITH 1
    INCREMENT BY 1
    NO MINVALUE
    NO MAXVALUE
    CACHE 1;


ALTER TABLE public.grow_records_commonname_id_seq OWNER TO data_garden;

--
-- Name: grow_records_commonname_id_seq; Type: SEQUENCE OWNED BY; Schema: public; Owner: data_garden
--

ALTER SEQUENCE grow_records_commonname_id_seq OWNED BY grow_records_commonname.id;


--
-- Name: grow_records_crop; Type: TABLE; Schema: public; Owner: data_garden; Tablespace: 
--

CREATE TABLE grow_records_crop (
    id integer NOT NULL,
    species_id integer
);


ALTER TABLE public.grow_records_crop OWNER TO data_garden;

--
-- Name: grow_records_crop_id_seq; Type: SEQUENCE; Schema: public; Owner: data_garden
--

CREATE SEQUENCE grow_records_crop_id_seq
    START WITH 1
    INCREMENT BY 1
    NO MINVALUE
    NO MAXVALUE
    CACHE 1;


ALTER TABLE public.grow_records_crop_id_seq OWNER TO data_garden;

--
-- Name: grow_records_crop_id_seq; Type: SEQUENCE OWNED BY; Schema: public; Owner: data_garden
--

ALTER SEQUENCE grow_records_crop_id_seq OWNED BY grow_records_crop.id;


--
-- Name: grow_records_deliveryitem; Type: TABLE; Schema: public; Owner: data_garden; Tablespace: 
--

CREATE TABLE grow_records_deliveryitem (
    id integer NOT NULL,
    delivery_amount double precision NOT NULL,
    "delivery_UOM_id" integer,
    delivery_record_id integer,
    variety_id integer
);


ALTER TABLE public.grow_records_deliveryitem OWNER TO data_garden;

--
-- Name: grow_records_deliveryitem_id_seq; Type: SEQUENCE; Schema: public; Owner: data_garden
--

CREATE SEQUENCE grow_records_deliveryitem_id_seq
    START WITH 1
    INCREMENT BY 1
    NO MINVALUE
    NO MAXVALUE
    CACHE 1;


ALTER TABLE public.grow_records_deliveryitem_id_seq OWNER TO data_garden;

--
-- Name: grow_records_deliveryitem_id_seq; Type: SEQUENCE OWNED BY; Schema: public; Owner: data_garden
--

ALTER SEQUENCE grow_records_deliveryitem_id_seq OWNED BY grow_records_deliveryitem.id;


--
-- Name: grow_records_deliveryrecord; Type: TABLE; Schema: public; Owner: data_garden; Tablespace: 
--

CREATE TABLE grow_records_deliveryrecord (
    id integer NOT NULL,
    date date,
    buyer_id integer
);


ALTER TABLE public.grow_records_deliveryrecord OWNER TO data_garden;

--
-- Name: grow_records_deliveryrecord_id_seq; Type: SEQUENCE; Schema: public; Owner: data_garden
--

CREATE SEQUENCE grow_records_deliveryrecord_id_seq
    START WITH 1
    INCREMENT BY 1
    NO MINVALUE
    NO MAXVALUE
    CACHE 1;


ALTER TABLE public.grow_records_deliveryrecord_id_seq OWNER TO data_garden;

--
-- Name: grow_records_deliveryrecord_id_seq; Type: SEQUENCE OWNED BY; Schema: public; Owner: data_garden
--

ALTER SEQUENCE grow_records_deliveryrecord_id_seq OWNED BY grow_records_deliveryrecord.id;


--
-- Name: grow_records_family; Type: TABLE; Schema: public; Owner: data_garden; Tablespace: 
--

CREATE TABLE grow_records_family (
    id integer NOT NULL,
    name character varying(100) NOT NULL
);


ALTER TABLE public.grow_records_family OWNER TO data_garden;

--
-- Name: grow_records_family_id_seq; Type: SEQUENCE; Schema: public; Owner: data_garden
--

CREATE SEQUENCE grow_records_family_id_seq
    START WITH 1
    INCREMENT BY 1
    NO MINVALUE
    NO MAXVALUE
    CACHE 1;


ALTER TABLE public.grow_records_family_id_seq OWNER TO data_garden;

--
-- Name: grow_records_family_id_seq; Type: SEQUENCE OWNED BY; Schema: public; Owner: data_garden
--

ALTER SEQUENCE grow_records_family_id_seq OWNED BY grow_records_family.id;


--
-- Name: grow_records_fertiliseinnoculate; Type: TABLE; Schema: public; Owner: data_garden; Tablespace: 
--

CREATE TABLE grow_records_fertiliseinnoculate (
    plantinteraction_ptr_id integer NOT NULL,
    recipe text
);


ALTER TABLE public.grow_records_fertiliseinnoculate OWNER TO data_garden;

--
-- Name: grow_records_genus; Type: TABLE; Schema: public; Owner: data_garden; Tablespace: 
--

CREATE TABLE grow_records_genus (
    id integer NOT NULL,
    name character varying(100) NOT NULL,
    family_id integer
);


ALTER TABLE public.grow_records_genus OWNER TO data_garden;

--
-- Name: grow_records_genus_id_seq; Type: SEQUENCE; Schema: public; Owner: data_garden
--

CREATE SEQUENCE grow_records_genus_id_seq
    START WITH 1
    INCREMENT BY 1
    NO MINVALUE
    NO MAXVALUE
    CACHE 1;


ALTER TABLE public.grow_records_genus_id_seq OWNER TO data_garden;

--
-- Name: grow_records_genus_id_seq; Type: SEQUENCE OWNED BY; Schema: public; Owner: data_garden
--

ALTER SEQUENCE grow_records_genus_id_seq OWNED BY grow_records_genus.id;


--
-- Name: grow_records_harvestrecord; Type: TABLE; Schema: public; Owner: data_garden; Tablespace: 
--

CREATE TABLE grow_records_harvestrecord (
    id integer NOT NULL,
    yield_amount double precision NOT NULL,
    harvest_date date,
    bed_record_id integer,
    "yield_UOM_id" integer
);


ALTER TABLE public.grow_records_harvestrecord OWNER TO data_garden;

--
-- Name: grow_records_harvestrecord_id_seq; Type: SEQUENCE; Schema: public; Owner: data_garden
--

CREATE SEQUENCE grow_records_harvestrecord_id_seq
    START WITH 1
    INCREMENT BY 1
    NO MINVALUE
    NO MAXVALUE
    CACHE 1;


ALTER TABLE public.grow_records_harvestrecord_id_seq OWNER TO data_garden;

--
-- Name: grow_records_harvestrecord_id_seq; Type: SEQUENCE OWNED BY; Schema: public; Owner: data_garden
--

ALTER SEQUENCE grow_records_harvestrecord_id_seq OWNED BY grow_records_harvestrecord.id;


--
-- Name: grow_records_input; Type: TABLE; Schema: public; Owner: data_garden; Tablespace: 
--

CREATE TABLE grow_records_input (
    id integer NOT NULL,
    description character varying(200) NOT NULL,
    supplier_id integer NOT NULL,
    volume double precision,
    weight double precision,
    price numeric(10,2) NOT NULL,
    price_currency character varying(3) NOT NULL
);


ALTER TABLE public.grow_records_input OWNER TO data_garden;

--
-- Name: grow_records_input_id_seq; Type: SEQUENCE; Schema: public; Owner: data_garden
--

CREATE SEQUENCE grow_records_input_id_seq
    START WITH 1
    INCREMENT BY 1
    NO MINVALUE
    NO MAXVALUE
    CACHE 1;


ALTER TABLE public.grow_records_input_id_seq OWNER TO data_garden;

--
-- Name: grow_records_input_id_seq; Type: SEQUENCE OWNED BY; Schema: public; Owner: data_garden
--

ALTER SEQUENCE grow_records_input_id_seq OWNED BY grow_records_input.id;


--
-- Name: grow_records_lengthuom; Type: TABLE; Schema: public; Owner: data_garden; Tablespace: 
--

CREATE TABLE grow_records_lengthuom (
    id integer NOT NULL,
    unit character varying(2) NOT NULL
);


ALTER TABLE public.grow_records_lengthuom OWNER TO data_garden;

--
-- Name: grow_records_lengthuom_id_seq; Type: SEQUENCE; Schema: public; Owner: data_garden
--

CREATE SEQUENCE grow_records_lengthuom_id_seq
    START WITH 1
    INCREMENT BY 1
    NO MINVALUE
    NO MAXVALUE
    CACHE 1;


ALTER TABLE public.grow_records_lengthuom_id_seq OWNER TO data_garden;

--
-- Name: grow_records_lengthuom_id_seq; Type: SEQUENCE OWNED BY; Schema: public; Owner: data_garden
--

ALTER SEQUENCE grow_records_lengthuom_id_seq OWNED BY grow_records_lengthuom.id;


--
-- Name: grow_records_location; Type: TABLE; Schema: public; Owner: data_garden; Tablespace: 
--

CREATE TABLE grow_records_location (
    id integer NOT NULL,
    name character varying(200) NOT NULL
);


ALTER TABLE public.grow_records_location OWNER TO data_garden;

--
-- Name: grow_records_location_id_seq; Type: SEQUENCE; Schema: public; Owner: data_garden
--

CREATE SEQUENCE grow_records_location_id_seq
    START WITH 1
    INCREMENT BY 1
    NO MINVALUE
    NO MAXVALUE
    CACHE 1;


ALTER TABLE public.grow_records_location_id_seq OWNER TO data_garden;

--
-- Name: grow_records_location_id_seq; Type: SEQUENCE OWNED BY; Schema: public; Owner: data_garden
--

ALTER SEQUENCE grow_records_location_id_seq OWNED BY grow_records_location.id;


--
-- Name: grow_records_nurseryrecord; Type: TABLE; Schema: public; Owner: data_garden; Tablespace: 
--

CREATE TABLE grow_records_nurseryrecord (
    id integer NOT NULL,
    in_nursery_date date,
    germ_date date,
    tray_size_cell integer,
    number_trays double precision,
    medium_id integer,
    variety_id integer
);


ALTER TABLE public.grow_records_nurseryrecord OWNER TO data_garden;

--
-- Name: grow_records_nurseryrecord_id_seq; Type: SEQUENCE; Schema: public; Owner: data_garden
--

CREATE SEQUENCE grow_records_nurseryrecord_id_seq
    START WITH 1
    INCREMENT BY 1
    NO MINVALUE
    NO MAXVALUE
    CACHE 1;


ALTER TABLE public.grow_records_nurseryrecord_id_seq OWNER TO data_garden;

--
-- Name: grow_records_nurseryrecord_id_seq; Type: SEQUENCE OWNED BY; Schema: public; Owner: data_garden
--

ALTER SEQUENCE grow_records_nurseryrecord_id_seq OWNED BY grow_records_nurseryrecord.id;


--
-- Name: grow_records_plantinteraction; Type: TABLE; Schema: public; Owner: data_garden; Tablespace: 
--

CREATE TABLE grow_records_plantinteraction (
    action_ptr_id integer NOT NULL
);


ALTER TABLE public.grow_records_plantinteraction OWNER TO data_garden;

--
-- Name: grow_records_plantinteraction_bed_records; Type: TABLE; Schema: public; Owner: data_garden; Tablespace: 
--

CREATE TABLE grow_records_plantinteraction_bed_records (
    id integer NOT NULL,
    plantinteraction_id integer NOT NULL,
    bedrecord_id integer NOT NULL
);


ALTER TABLE public.grow_records_plantinteraction_bed_records OWNER TO data_garden;

--
-- Name: grow_records_plantinteraction_bed_recordss_id_seq; Type: SEQUENCE; Schema: public; Owner: data_garden
--

CREATE SEQUENCE grow_records_plantinteraction_bed_recordss_id_seq
    START WITH 1
    INCREMENT BY 1
    NO MINVALUE
    NO MAXVALUE
    CACHE 1;


ALTER TABLE public.grow_records_plantinteraction_bed_recordss_id_seq OWNER TO data_garden;

--
-- Name: grow_records_plantinteraction_bed_recordss_id_seq; Type: SEQUENCE OWNED BY; Schema: public; Owner: data_garden
--

ALTER SEQUENCE grow_records_plantinteraction_bed_recordss_id_seq OWNED BY grow_records_plantinteraction_bed_records.id;


--
-- Name: grow_records_plantinteraction_nursery_records; Type: TABLE; Schema: public; Owner: data_garden; Tablespace: 
--

CREATE TABLE grow_records_plantinteraction_nursery_records (
    id integer NOT NULL,
    plantinteraction_id integer NOT NULL,
    nurseryrecord_id integer NOT NULL
);


ALTER TABLE public.grow_records_plantinteraction_nursery_records OWNER TO data_garden;

--
-- Name: grow_records_plantinteraction_nursery_records_id_seq; Type: SEQUENCE; Schema: public; Owner: data_garden
--

CREATE SEQUENCE grow_records_plantinteraction_nursery_records_id_seq
    START WITH 1
    INCREMENT BY 1
    NO MINVALUE
    NO MAXVALUE
    CACHE 1;


ALTER TABLE public.grow_records_plantinteraction_nursery_records_id_seq OWNER TO data_garden;

--
-- Name: grow_records_plantinteraction_nursery_records_id_seq; Type: SEQUENCE OWNED BY; Schema: public; Owner: data_garden
--

ALTER SEQUENCE grow_records_plantinteraction_nursery_records_id_seq OWNED BY grow_records_plantinteraction_nursery_records.id;


--
-- Name: grow_records_plantrecord; Type: TABLE; Schema: public; Owner: data_garden; Tablespace: 
--

CREATE TABLE grow_records_plantrecord (
    id integer NOT NULL
);


ALTER TABLE public.grow_records_plantrecord OWNER TO data_garden;

--
-- Name: grow_records_plantrecord_id_seq; Type: SEQUENCE; Schema: public; Owner: data_garden
--

CREATE SEQUENCE grow_records_plantrecord_id_seq
    START WITH 1
    INCREMENT BY 1
    NO MINVALUE
    NO MAXVALUE
    CACHE 1;


ALTER TABLE public.grow_records_plantrecord_id_seq OWNER TO data_garden;

--
-- Name: grow_records_plantrecord_id_seq; Type: SEQUENCE OWNED BY; Schema: public; Owner: data_garden
--

ALTER SEQUENCE grow_records_plantrecord_id_seq OWNED BY grow_records_plantrecord.id;


--
-- Name: grow_records_potonrecord; Type: TABLE; Schema: public; Owner: data_garden; Tablespace: 
--

CREATE TABLE grow_records_potonrecord (
    id integer NOT NULL,
    pot_on_date date NOT NULL,
    pot_size_in integer,
    medium_id integer,
    nursery_record_id integer
);


ALTER TABLE public.grow_records_potonrecord OWNER TO data_garden;

--
-- Name: grow_records_potonrecord_id_seq; Type: SEQUENCE; Schema: public; Owner: data_garden
--

CREATE SEQUENCE grow_records_potonrecord_id_seq
    START WITH 1
    INCREMENT BY 1
    NO MINVALUE
    NO MAXVALUE
    CACHE 1;


ALTER TABLE public.grow_records_potonrecord_id_seq OWNER TO data_garden;

--
-- Name: grow_records_potonrecord_id_seq; Type: SEQUENCE OWNED BY; Schema: public; Owner: data_garden
--

ALTER SEQUENCE grow_records_potonrecord_id_seq OWNED BY grow_records_potonrecord.id;


--
-- Name: grow_records_protect; Type: TABLE; Schema: public; Owner: data_garden; Tablespace: 
--

CREATE TABLE grow_records_protect (
    plantinteraction_ptr_id integer NOT NULL
);


ALTER TABLE public.grow_records_protect OWNER TO data_garden;

--
-- Name: grow_records_seederrecord; Type: TABLE; Schema: public; Owner: data_garden; Tablespace: 
--

CREATE TABLE grow_records_seederrecord (
    id integer NOT NULL,
    name character varying(2) NOT NULL,
    seeder_settings character varying(100)
);


ALTER TABLE public.grow_records_seederrecord OWNER TO data_garden;

--
-- Name: grow_records_seederrecord_id_seq; Type: SEQUENCE; Schema: public; Owner: data_garden
--

CREATE SEQUENCE grow_records_seederrecord_id_seq
    START WITH 1
    INCREMENT BY 1
    NO MINVALUE
    NO MAXVALUE
    CACHE 1;


ALTER TABLE public.grow_records_seederrecord_id_seq OWNER TO data_garden;

--
-- Name: grow_records_seederrecord_id_seq; Type: SEQUENCE OWNED BY; Schema: public; Owner: data_garden
--

ALTER SEQUENCE grow_records_seederrecord_id_seq OWNED BY grow_records_seederrecord.id;


--
-- Name: grow_records_site; Type: TABLE; Schema: public; Owner: data_garden; Tablespace: 
--

CREATE TABLE grow_records_site (
    id integer NOT NULL,
    name character varying(200) NOT NULL,
    area integer,
    "area_UOM_id" integer
);


ALTER TABLE public.grow_records_site OWNER TO data_garden;

--
-- Name: grow_records_site_id_seq; Type: SEQUENCE; Schema: public; Owner: data_garden
--

CREATE SEQUENCE grow_records_site_id_seq
    START WITH 1
    INCREMENT BY 1
    NO MINVALUE
    NO MAXVALUE
    CACHE 1;


ALTER TABLE public.grow_records_site_id_seq OWNER TO data_garden;

--
-- Name: grow_records_site_id_seq; Type: SEQUENCE OWNED BY; Schema: public; Owner: data_garden
--

ALTER SEQUENCE grow_records_site_id_seq OWNED BY grow_records_site.id;


--
-- Name: grow_records_soilmediumbatch; Type: TABLE; Schema: public; Owner: data_garden; Tablespace: 
--

CREATE TABLE grow_records_soilmediumbatch (
    id integer NOT NULL,
    created date NOT NULL,
    recipe character varying(300) NOT NULL
);


ALTER TABLE public.grow_records_soilmediumbatch OWNER TO data_garden;

--
-- Name: grow_records_soilmediumbatch_id_seq; Type: SEQUENCE; Schema: public; Owner: data_garden
--

CREATE SEQUENCE grow_records_soilmediumbatch_id_seq
    START WITH 1
    INCREMENT BY 1
    NO MINVALUE
    NO MAXVALUE
    CACHE 1;


ALTER TABLE public.grow_records_soilmediumbatch_id_seq OWNER TO data_garden;

--
-- Name: grow_records_soilmediumbatch_id_seq; Type: SEQUENCE OWNED BY; Schema: public; Owner: data_garden
--

ALTER SEQUENCE grow_records_soilmediumbatch_id_seq OWNED BY grow_records_soilmediumbatch.id;


--
-- Name: grow_records_species; Type: TABLE; Schema: public; Owner: data_garden; Tablespace: 
--

CREATE TABLE grow_records_species (
    id integer NOT NULL,
    species character varying(100) NOT NULL,
    genus_id integer
);


ALTER TABLE public.grow_records_species OWNER TO data_garden;

--
-- Name: grow_records_species_id_seq; Type: SEQUENCE; Schema: public; Owner: data_garden
--

CREATE SEQUENCE grow_records_species_id_seq
    START WITH 1
    INCREMENT BY 1
    NO MINVALUE
    NO MAXVALUE
    CACHE 1;


ALTER TABLE public.grow_records_species_id_seq OWNER TO data_garden;

--
-- Name: grow_records_species_id_seq; Type: SEQUENCE OWNED BY; Schema: public; Owner: data_garden
--

ALTER SEQUENCE grow_records_species_id_seq OWNED BY grow_records_species.id;


--
-- Name: grow_records_supplier; Type: TABLE; Schema: public; Owner: data_garden; Tablespace: 
--

CREATE TABLE grow_records_supplier (
    id integer NOT NULL,
    name character varying(200) NOT NULL
);


ALTER TABLE public.grow_records_supplier OWNER TO data_garden;

--
-- Name: grow_records_supplier_id_seq; Type: SEQUENCE; Schema: public; Owner: data_garden
--

CREATE SEQUENCE grow_records_supplier_id_seq
    START WITH 1
    INCREMENT BY 1
    NO MINVALUE
    NO MAXVALUE
    CACHE 1;


ALTER TABLE public.grow_records_supplier_id_seq OWNER TO data_garden;

--
-- Name: grow_records_supplier_id_seq; Type: SEQUENCE OWNED BY; Schema: public; Owner: data_garden
--

ALTER SEQUENCE grow_records_supplier_id_seq OWNED BY grow_records_supplier.id;


--
-- Name: grow_records_tool; Type: TABLE; Schema: public; Owner: data_garden; Tablespace: 
--

CREATE TABLE grow_records_tool (
    id integer NOT NULL,
    name character varying(200) NOT NULL
);


ALTER TABLE public.grow_records_tool OWNER TO data_garden;

--
-- Name: grow_records_tool_id_seq; Type: SEQUENCE; Schema: public; Owner: data_garden
--

CREATE SEQUENCE grow_records_tool_id_seq
    START WITH 1
    INCREMENT BY 1
    NO MINVALUE
    NO MAXVALUE
    CACHE 1;


ALTER TABLE public.grow_records_tool_id_seq OWNER TO data_garden;

--
-- Name: grow_records_tool_id_seq; Type: SEQUENCE OWNED BY; Schema: public; Owner: data_garden
--

ALTER SEQUENCE grow_records_tool_id_seq OWNED BY grow_records_tool.id;


--
-- Name: grow_records_variety; Type: TABLE; Schema: public; Owner: data_garden; Tablespace: 
--

CREATE TABLE grow_records_variety (
    id integer NOT NULL,
    name character varying(100) NOT NULL,
    crop_id integer
);


ALTER TABLE public.grow_records_variety OWNER TO data_garden;

--
-- Name: grow_records_variety_id_seq; Type: SEQUENCE; Schema: public; Owner: data_garden
--

CREATE SEQUENCE grow_records_variety_id_seq
    START WITH 1
    INCREMENT BY 1
    NO MINVALUE
    NO MAXVALUE
    CACHE 1;


ALTER TABLE public.grow_records_variety_id_seq OWNER TO data_garden;

--
-- Name: grow_records_variety_id_seq; Type: SEQUENCE OWNED BY; Schema: public; Owner: data_garden
--

ALTER SEQUENCE grow_records_variety_id_seq OWNED BY grow_records_variety.id;


--
-- Name: grow_records_varietyprice; Type: TABLE; Schema: public; Owner: data_garden; Tablespace: 
--

CREATE TABLE grow_records_varietyprice (
    id integer NOT NULL,
    date_effective timestamp with time zone,
    date_end timestamp with time zone,
    price double precision,
    "price_UOM_id" integer,
    variety_id integer
);


ALTER TABLE public.grow_records_varietyprice OWNER TO data_garden;

--
-- Name: grow_records_varietyprice_id_seq; Type: SEQUENCE; Schema: public; Owner: data_garden
--

CREATE SEQUENCE grow_records_varietyprice_id_seq
    START WITH 1
    INCREMENT BY 1
    NO MINVALUE
    NO MAXVALUE
    CACHE 1;


ALTER TABLE public.grow_records_varietyprice_id_seq OWNER TO data_garden;

--
-- Name: grow_records_varietyprice_id_seq; Type: SEQUENCE OWNED BY; Schema: public; Owner: data_garden
--

ALTER SEQUENCE grow_records_varietyprice_id_seq OWNED BY grow_records_varietyprice.id;


--
-- Name: grow_records_yielduom; Type: TABLE; Schema: public; Owner: data_garden; Tablespace: 
--

CREATE TABLE grow_records_yielduom (
    id integer NOT NULL,
    unit character varying(2) NOT NULL
);


ALTER TABLE public.grow_records_yielduom OWNER TO data_garden;

--
-- Name: grow_records_yielduom_id_seq; Type: SEQUENCE; Schema: public; Owner: data_garden
--

CREATE SEQUENCE grow_records_yielduom_id_seq
    START WITH 1
    INCREMENT BY 1
    NO MINVALUE
    NO MAXVALUE
    CACHE 1;


ALTER TABLE public.grow_records_yielduom_id_seq OWNER TO data_garden;

--
-- Name: grow_records_yielduom_id_seq; Type: SEQUENCE OWNED BY; Schema: public; Owner: data_garden
--

ALTER SEQUENCE grow_records_yielduom_id_seq OWNED BY grow_records_yielduom.id;


--
-- Name: pages_link; Type: TABLE; Schema: public; Owner: data_garden; Tablespace: 
--

CREATE TABLE pages_link (
    page_ptr_id integer NOT NULL
);


ALTER TABLE public.pages_link OWNER TO data_garden;

--
-- Name: pages_page; Type: TABLE; Schema: public; Owner: data_garden; Tablespace: 
--

CREATE TABLE pages_page (
    id integer NOT NULL,
    keywords_string character varying(500) NOT NULL,
    title character varying(500) NOT NULL,
    slug character varying(2000),
    _meta_title character varying(500),
    description text NOT NULL,
    gen_description boolean NOT NULL,
    created timestamp with time zone,
    updated timestamp with time zone,
    status integer NOT NULL,
    publish_date timestamp with time zone,
    expiry_date timestamp with time zone,
    short_url character varying(200),
    in_sitemap boolean NOT NULL,
    _order integer,
    in_menus character varying(100),
    titles character varying(1000),
    content_model character varying(50),
    login_required boolean NOT NULL,
    parent_id integer,
    site_id integer NOT NULL
);


ALTER TABLE public.pages_page OWNER TO data_garden;

--
-- Name: pages_page_id_seq; Type: SEQUENCE; Schema: public; Owner: data_garden
--

CREATE SEQUENCE pages_page_id_seq
    START WITH 1
    INCREMENT BY 1
    NO MINVALUE
    NO MAXVALUE
    CACHE 1;


ALTER TABLE public.pages_page_id_seq OWNER TO data_garden;

--
-- Name: pages_page_id_seq; Type: SEQUENCE OWNED BY; Schema: public; Owner: data_garden
--

ALTER SEQUENCE pages_page_id_seq OWNED BY pages_page.id;


--
-- Name: pages_richtextpage; Type: TABLE; Schema: public; Owner: data_garden; Tablespace: 
--

CREATE TABLE pages_richtextpage (
    page_ptr_id integer NOT NULL,
    content text NOT NULL
);


ALTER TABLE public.pages_richtextpage OWNER TO data_garden;

--
-- Name: polls_choice; Type: TABLE; Schema: public; Owner: data_garden; Tablespace: 
--

CREATE TABLE polls_choice (
    id integer NOT NULL,
    choice_text character varying(200) NOT NULL,
    votes integer NOT NULL,
    question_id integer NOT NULL
);


ALTER TABLE public.polls_choice OWNER TO data_garden;

--
-- Name: polls_choice_id_seq; Type: SEQUENCE; Schema: public; Owner: data_garden
--

CREATE SEQUENCE polls_choice_id_seq
    START WITH 1
    INCREMENT BY 1
    NO MINVALUE
    NO MAXVALUE
    CACHE 1;


ALTER TABLE public.polls_choice_id_seq OWNER TO data_garden;

--
-- Name: polls_choice_id_seq; Type: SEQUENCE OWNED BY; Schema: public; Owner: data_garden
--

ALTER SEQUENCE polls_choice_id_seq OWNED BY polls_choice.id;


--
-- Name: polls_question; Type: TABLE; Schema: public; Owner: data_garden; Tablespace: 
--

CREATE TABLE polls_question (
    id integer NOT NULL,
    question_text character varying(200) NOT NULL,
    pub_date timestamp with time zone NOT NULL
);


ALTER TABLE public.polls_question OWNER TO data_garden;

--
-- Name: polls_question_id_seq; Type: SEQUENCE; Schema: public; Owner: data_garden
--

CREATE SEQUENCE polls_question_id_seq
    START WITH 1
    INCREMENT BY 1
    NO MINVALUE
    NO MAXVALUE
    CACHE 1;


ALTER TABLE public.polls_question_id_seq OWNER TO data_garden;

--
-- Name: polls_question_id_seq; Type: SEQUENCE OWNED BY; Schema: public; Owner: data_garden
--

ALTER SEQUENCE polls_question_id_seq OWNED BY polls_question.id;


--
-- Name: twitter_query; Type: TABLE; Schema: public; Owner: data_garden; Tablespace: 
--

CREATE TABLE twitter_query (
    id integer NOT NULL,
    type character varying(10) NOT NULL,
    value character varying(140) NOT NULL,
    interested boolean NOT NULL
);


ALTER TABLE public.twitter_query OWNER TO data_garden;

--
-- Name: twitter_query_id_seq; Type: SEQUENCE; Schema: public; Owner: data_garden
--

CREATE SEQUENCE twitter_query_id_seq
    START WITH 1
    INCREMENT BY 1
    NO MINVALUE
    NO MAXVALUE
    CACHE 1;


ALTER TABLE public.twitter_query_id_seq OWNER TO data_garden;

--
-- Name: twitter_query_id_seq; Type: SEQUENCE OWNED BY; Schema: public; Owner: data_garden
--

ALTER SEQUENCE twitter_query_id_seq OWNED BY twitter_query.id;


--
-- Name: twitter_tweet; Type: TABLE; Schema: public; Owner: data_garden; Tablespace: 
--

CREATE TABLE twitter_tweet (
    id integer NOT NULL,
    remote_id character varying(50) NOT NULL,
    created_at timestamp with time zone,
    text text,
    profile_image_url character varying(200),
    user_name character varying(100),
    full_name character varying(100),
    retweeter_profile_image_url character varying(200),
    retweeter_user_name character varying(100),
    retweeter_full_name character varying(100),
    query_id integer NOT NULL
);


ALTER TABLE public.twitter_tweet OWNER TO data_garden;

--
-- Name: twitter_tweet_id_seq; Type: SEQUENCE; Schema: public; Owner: data_garden
--

CREATE SEQUENCE twitter_tweet_id_seq
    START WITH 1
    INCREMENT BY 1
    NO MINVALUE
    NO MAXVALUE
    CACHE 1;


ALTER TABLE public.twitter_tweet_id_seq OWNER TO data_garden;

--
-- Name: twitter_tweet_id_seq; Type: SEQUENCE OWNED BY; Schema: public; Owner: data_garden
--

ALTER SEQUENCE twitter_tweet_id_seq OWNED BY twitter_tweet.id;


--
-- Name: id; Type: DEFAULT; Schema: public; Owner: data_garden
--

ALTER TABLE ONLY address_address ALTER COLUMN id SET DEFAULT nextval('address_address_id_seq'::regclass);


--
-- Name: id; Type: DEFAULT; Schema: public; Owner: data_garden
--

ALTER TABLE ONLY address_country ALTER COLUMN id SET DEFAULT nextval('address_country_id_seq'::regclass);


--
-- Name: id; Type: DEFAULT; Schema: public; Owner: data_garden
--

ALTER TABLE ONLY address_locality ALTER COLUMN id SET DEFAULT nextval('address_locality_id_seq'::regclass);


--
-- Name: id; Type: DEFAULT; Schema: public; Owner: data_garden
--

ALTER TABLE ONLY address_state ALTER COLUMN id SET DEFAULT nextval('address_state_id_seq'::regclass);


--
-- Name: id; Type: DEFAULT; Schema: public; Owner: data_garden
--

ALTER TABLE ONLY auth_group ALTER COLUMN id SET DEFAULT nextval('auth_group_id_seq'::regclass);


--
-- Name: id; Type: DEFAULT; Schema: public; Owner: data_garden
--

ALTER TABLE ONLY auth_group_permissions ALTER COLUMN id SET DEFAULT nextval('auth_group_permissions_id_seq'::regclass);


--
-- Name: id; Type: DEFAULT; Schema: public; Owner: data_garden
--

ALTER TABLE ONLY auth_permission ALTER COLUMN id SET DEFAULT nextval('auth_permission_id_seq'::regclass);


--
-- Name: id; Type: DEFAULT; Schema: public; Owner: data_garden
--

ALTER TABLE ONLY auth_user ALTER COLUMN id SET DEFAULT nextval('auth_user_id_seq'::regclass);


--
-- Name: id; Type: DEFAULT; Schema: public; Owner: data_garden
--

ALTER TABLE ONLY auth_user_groups ALTER COLUMN id SET DEFAULT nextval('auth_user_groups_id_seq'::regclass);


--
-- Name: id; Type: DEFAULT; Schema: public; Owner: data_garden
--

ALTER TABLE ONLY auth_user_user_permissions ALTER COLUMN id SET DEFAULT nextval('auth_user_user_permissions_id_seq'::regclass);


--
-- Name: id; Type: DEFAULT; Schema: public; Owner: data_garden
--

ALTER TABLE ONLY blog_blogcategory ALTER COLUMN id SET DEFAULT nextval('blog_blogcategory_id_seq'::regclass);


--
-- Name: id; Type: DEFAULT; Schema: public; Owner: data_garden
--

ALTER TABLE ONLY blog_blogpost ALTER COLUMN id SET DEFAULT nextval('blog_blogpost_id_seq'::regclass);


--
-- Name: id; Type: DEFAULT; Schema: public; Owner: data_garden
--

ALTER TABLE ONLY blog_blogpost_categories ALTER COLUMN id SET DEFAULT nextval('blog_blogpost_categories_id_seq'::regclass);


--
-- Name: id; Type: DEFAULT; Schema: public; Owner: data_garden
--

ALTER TABLE ONLY blog_blogpost_related_posts ALTER COLUMN id SET DEFAULT nextval('blog_blogpost_related_posts_id_seq'::regclass);


--
-- Name: id; Type: DEFAULT; Schema: public; Owner: data_garden
--

ALTER TABLE ONLY conf_setting ALTER COLUMN id SET DEFAULT nextval('conf_setting_id_seq'::regclass);


--
-- Name: id; Type: DEFAULT; Schema: public; Owner: data_garden
--

ALTER TABLE ONLY core_sitepermission ALTER COLUMN id SET DEFAULT nextval('core_sitepermission_id_seq'::regclass);


--
-- Name: id; Type: DEFAULT; Schema: public; Owner: data_garden
--

ALTER TABLE ONLY core_sitepermission_sites ALTER COLUMN id SET DEFAULT nextval('core_sitepermission_sites_id_seq'::regclass);


--
-- Name: id; Type: DEFAULT; Schema: public; Owner: data_garden
--

ALTER TABLE ONLY django_admin_log ALTER COLUMN id SET DEFAULT nextval('django_admin_log_id_seq'::regclass);


--
-- Name: id; Type: DEFAULT; Schema: public; Owner: data_garden
--

ALTER TABLE ONLY django_comment_flags ALTER COLUMN id SET DEFAULT nextval('django_comment_flags_id_seq'::regclass);


--
-- Name: id; Type: DEFAULT; Schema: public; Owner: data_garden
--

ALTER TABLE ONLY django_comments ALTER COLUMN id SET DEFAULT nextval('django_comments_id_seq'::regclass);


--
-- Name: id; Type: DEFAULT; Schema: public; Owner: data_garden
--

ALTER TABLE ONLY django_content_type ALTER COLUMN id SET DEFAULT nextval('django_content_type_id_seq'::regclass);


--
-- Name: id; Type: DEFAULT; Schema: public; Owner: data_garden
--

ALTER TABLE ONLY django_migrations ALTER COLUMN id SET DEFAULT nextval('django_migrations_id_seq'::regclass);


--
-- Name: id; Type: DEFAULT; Schema: public; Owner: data_garden
--

ALTER TABLE ONLY django_redirect ALTER COLUMN id SET DEFAULT nextval('django_redirect_id_seq'::regclass);


--
-- Name: id; Type: DEFAULT; Schema: public; Owner: data_garden
--

ALTER TABLE ONLY django_site ALTER COLUMN id SET DEFAULT nextval('django_site_id_seq'::regclass);


--
-- Name: id; Type: DEFAULT; Schema: public; Owner: data_garden
--

ALTER TABLE ONLY forms_field ALTER COLUMN id SET DEFAULT nextval('forms_field_id_seq'::regclass);


--
-- Name: id; Type: DEFAULT; Schema: public; Owner: data_garden
--

ALTER TABLE ONLY forms_fieldentry ALTER COLUMN id SET DEFAULT nextval('forms_fieldentry_id_seq'::regclass);


--
-- Name: id; Type: DEFAULT; Schema: public; Owner: data_garden
--

ALTER TABLE ONLY forms_formentry ALTER COLUMN id SET DEFAULT nextval('forms_formentry_id_seq'::regclass);


--
-- Name: id; Type: DEFAULT; Schema: public; Owner: data_garden
--

ALTER TABLE ONLY galleries_galleryimage ALTER COLUMN id SET DEFAULT nextval('galleries_galleryimage_id_seq'::regclass);


--
-- Name: id; Type: DEFAULT; Schema: public; Owner: data_garden
--

ALTER TABLE ONLY generic_assignedkeyword ALTER COLUMN id SET DEFAULT nextval('generic_assignedkeyword_id_seq'::regclass);


--
-- Name: id; Type: DEFAULT; Schema: public; Owner: data_garden
--

ALTER TABLE ONLY generic_keyword ALTER COLUMN id SET DEFAULT nextval('generic_keyword_id_seq'::regclass);


--
-- Name: id; Type: DEFAULT; Schema: public; Owner: data_garden
--

ALTER TABLE ONLY generic_rating ALTER COLUMN id SET DEFAULT nextval('generic_rating_id_seq'::regclass);


--
-- Name: id; Type: DEFAULT; Schema: public; Owner: data_garden
--

ALTER TABLE ONLY grow_records_action ALTER COLUMN id SET DEFAULT nextval('grow_records_action_id_seq'::regclass);


--
-- Name: id; Type: DEFAULT; Schema: public; Owner: data_garden
--

ALTER TABLE ONLY grow_records_areauom ALTER COLUMN id SET DEFAULT nextval('grow_records_areauom_id_seq'::regclass);


--
-- Name: id; Type: DEFAULT; Schema: public; Owner: data_garden
--

ALTER TABLE ONLY grow_records_bed ALTER COLUMN id SET DEFAULT nextval('grow_records_bed_id_seq'::regclass);


--
-- Name: id; Type: DEFAULT; Schema: public; Owner: data_garden
--

ALTER TABLE ONLY grow_records_bedinteraction_beds ALTER COLUMN id SET DEFAULT nextval('grow_records_bedinteraction_beds_id_seq'::regclass);


--
-- Name: id; Type: DEFAULT; Schema: public; Owner: data_garden
--

ALTER TABLE ONLY grow_records_bedrecord ALTER COLUMN id SET DEFAULT nextval('grow_records_bedrecord_id_seq'::regclass);


--
-- Name: id; Type: DEFAULT; Schema: public; Owner: data_garden
--

ALTER TABLE ONLY grow_records_bedset ALTER COLUMN id SET DEFAULT nextval('grow_records_bedset_id_seq'::regclass);


--
-- Name: id; Type: DEFAULT; Schema: public; Owner: data_garden
--

ALTER TABLE ONLY grow_records_buyer ALTER COLUMN id SET DEFAULT nextval('grow_records_buyer_id_seq'::regclass);


--
-- Name: id; Type: DEFAULT; Schema: public; Owner: data_garden
--

ALTER TABLE ONLY grow_records_buyervarietyprice ALTER COLUMN id SET DEFAULT nextval('grow_records_buyervarietyprice_id_seq'::regclass);


--
-- Name: id; Type: DEFAULT; Schema: public; Owner: data_garden
--

ALTER TABLE ONLY grow_records_commonname ALTER COLUMN id SET DEFAULT nextval('grow_records_commonname_id_seq'::regclass);


--
-- Name: id; Type: DEFAULT; Schema: public; Owner: data_garden
--

ALTER TABLE ONLY grow_records_crop ALTER COLUMN id SET DEFAULT nextval('grow_records_crop_id_seq'::regclass);


--
-- Name: id; Type: DEFAULT; Schema: public; Owner: data_garden
--

ALTER TABLE ONLY grow_records_deliveryitem ALTER COLUMN id SET DEFAULT nextval('grow_records_deliveryitem_id_seq'::regclass);


--
-- Name: id; Type: DEFAULT; Schema: public; Owner: data_garden
--

ALTER TABLE ONLY grow_records_deliveryrecord ALTER COLUMN id SET DEFAULT nextval('grow_records_deliveryrecord_id_seq'::regclass);


--
-- Name: id; Type: DEFAULT; Schema: public; Owner: data_garden
--

ALTER TABLE ONLY grow_records_family ALTER COLUMN id SET DEFAULT nextval('grow_records_family_id_seq'::regclass);


--
-- Name: id; Type: DEFAULT; Schema: public; Owner: data_garden
--

ALTER TABLE ONLY grow_records_genus ALTER COLUMN id SET DEFAULT nextval('grow_records_genus_id_seq'::regclass);


--
-- Name: id; Type: DEFAULT; Schema: public; Owner: data_garden
--

ALTER TABLE ONLY grow_records_harvestrecord ALTER COLUMN id SET DEFAULT nextval('grow_records_harvestrecord_id_seq'::regclass);


--
-- Name: id; Type: DEFAULT; Schema: public; Owner: data_garden
--

ALTER TABLE ONLY grow_records_input ALTER COLUMN id SET DEFAULT nextval('grow_records_input_id_seq'::regclass);


--
-- Name: id; Type: DEFAULT; Schema: public; Owner: data_garden
--

ALTER TABLE ONLY grow_records_lengthuom ALTER COLUMN id SET DEFAULT nextval('grow_records_lengthuom_id_seq'::regclass);


--
-- Name: id; Type: DEFAULT; Schema: public; Owner: data_garden
--

ALTER TABLE ONLY grow_records_location ALTER COLUMN id SET DEFAULT nextval('grow_records_location_id_seq'::regclass);


--
-- Name: id; Type: DEFAULT; Schema: public; Owner: data_garden
--

ALTER TABLE ONLY grow_records_nurseryrecord ALTER COLUMN id SET DEFAULT nextval('grow_records_nurseryrecord_id_seq'::regclass);


--
-- Name: id; Type: DEFAULT; Schema: public; Owner: data_garden
--

ALTER TABLE ONLY grow_records_plantinteraction_bed_records ALTER COLUMN id SET DEFAULT nextval('grow_records_plantinteraction_bed_recordss_id_seq'::regclass);


--
-- Name: id; Type: DEFAULT; Schema: public; Owner: data_garden
--

ALTER TABLE ONLY grow_records_plantinteraction_nursery_records ALTER COLUMN id SET DEFAULT nextval('grow_records_plantinteraction_nursery_records_id_seq'::regclass);


--
-- Name: id; Type: DEFAULT; Schema: public; Owner: data_garden
--

ALTER TABLE ONLY grow_records_plantrecord ALTER COLUMN id SET DEFAULT nextval('grow_records_plantrecord_id_seq'::regclass);


--
-- Name: id; Type: DEFAULT; Schema: public; Owner: data_garden
--

ALTER TABLE ONLY grow_records_potonrecord ALTER COLUMN id SET DEFAULT nextval('grow_records_potonrecord_id_seq'::regclass);


--
-- Name: id; Type: DEFAULT; Schema: public; Owner: data_garden
--

ALTER TABLE ONLY grow_records_seederrecord ALTER COLUMN id SET DEFAULT nextval('grow_records_seederrecord_id_seq'::regclass);


--
-- Name: id; Type: DEFAULT; Schema: public; Owner: data_garden
--

ALTER TABLE ONLY grow_records_site ALTER COLUMN id SET DEFAULT nextval('grow_records_site_id_seq'::regclass);


--
-- Name: id; Type: DEFAULT; Schema: public; Owner: data_garden
--

ALTER TABLE ONLY grow_records_soilmediumbatch ALTER COLUMN id SET DEFAULT nextval('grow_records_soilmediumbatch_id_seq'::regclass);


--
-- Name: id; Type: DEFAULT; Schema: public; Owner: data_garden
--

ALTER TABLE ONLY grow_records_species ALTER COLUMN id SET DEFAULT nextval('grow_records_species_id_seq'::regclass);


--
-- Name: id; Type: DEFAULT; Schema: public; Owner: data_garden
--

ALTER TABLE ONLY grow_records_supplier ALTER COLUMN id SET DEFAULT nextval('grow_records_supplier_id_seq'::regclass);


--
-- Name: id; Type: DEFAULT; Schema: public; Owner: data_garden
--

ALTER TABLE ONLY grow_records_tool ALTER COLUMN id SET DEFAULT nextval('grow_records_tool_id_seq'::regclass);


--
-- Name: id; Type: DEFAULT; Schema: public; Owner: data_garden
--

ALTER TABLE ONLY grow_records_variety ALTER COLUMN id SET DEFAULT nextval('grow_records_variety_id_seq'::regclass);


--
-- Name: id; Type: DEFAULT; Schema: public; Owner: data_garden
--

ALTER TABLE ONLY grow_records_varietyprice ALTER COLUMN id SET DEFAULT nextval('grow_records_varietyprice_id_seq'::regclass);


--
-- Name: id; Type: DEFAULT; Schema: public; Owner: data_garden
--

ALTER TABLE ONLY grow_records_yielduom ALTER COLUMN id SET DEFAULT nextval('grow_records_yielduom_id_seq'::regclass);


--
-- Name: id; Type: DEFAULT; Schema: public; Owner: data_garden
--

ALTER TABLE ONLY pages_page ALTER COLUMN id SET DEFAULT nextval('pages_page_id_seq'::regclass);


--
-- Name: id; Type: DEFAULT; Schema: public; Owner: data_garden
--

ALTER TABLE ONLY polls_choice ALTER COLUMN id SET DEFAULT nextval('polls_choice_id_seq'::regclass);


--
-- Name: id; Type: DEFAULT; Schema: public; Owner: data_garden
--

ALTER TABLE ONLY polls_question ALTER COLUMN id SET DEFAULT nextval('polls_question_id_seq'::regclass);


--
-- Name: id; Type: DEFAULT; Schema: public; Owner: data_garden
--

ALTER TABLE ONLY twitter_query ALTER COLUMN id SET DEFAULT nextval('twitter_query_id_seq'::regclass);


--
-- Name: id; Type: DEFAULT; Schema: public; Owner: data_garden
--

ALTER TABLE ONLY twitter_tweet ALTER COLUMN id SET DEFAULT nextval('twitter_tweet_id_seq'::regclass);


--
-- Data for Name: address_address; Type: TABLE DATA; Schema: public; Owner: data_garden
--

COPY address_address (id, street_number, route, raw, formatted, latitude, longitude, locality_id) FROM stdin;
\.


--
-- Name: address_address_id_seq; Type: SEQUENCE SET; Schema: public; Owner: data_garden
--

SELECT pg_catalog.setval('address_address_id_seq', 1, false);


--
-- Data for Name: address_country; Type: TABLE DATA; Schema: public; Owner: data_garden
--

COPY address_country (id, name, code) FROM stdin;
\.


--
-- Name: address_country_id_seq; Type: SEQUENCE SET; Schema: public; Owner: data_garden
--

SELECT pg_catalog.setval('address_country_id_seq', 1, false);


--
-- Data for Name: address_locality; Type: TABLE DATA; Schema: public; Owner: data_garden
--

COPY address_locality (id, name, postal_code, state_id) FROM stdin;
\.


--
-- Name: address_locality_id_seq; Type: SEQUENCE SET; Schema: public; Owner: data_garden
--

SELECT pg_catalog.setval('address_locality_id_seq', 1, false);


--
-- Data for Name: address_state; Type: TABLE DATA; Schema: public; Owner: data_garden
--

COPY address_state (id, name, code, country_id) FROM stdin;
\.


--
-- Name: address_state_id_seq; Type: SEQUENCE SET; Schema: public; Owner: data_garden
--

SELECT pg_catalog.setval('address_state_id_seq', 1, false);


--
-- Data for Name: auth_group; Type: TABLE DATA; Schema: public; Owner: data_garden
--

COPY auth_group (id, name) FROM stdin;
\.


--
-- Name: auth_group_id_seq; Type: SEQUENCE SET; Schema: public; Owner: data_garden
--

SELECT pg_catalog.setval('auth_group_id_seq', 1, false);


--
-- Data for Name: auth_group_permissions; Type: TABLE DATA; Schema: public; Owner: data_garden
--

COPY auth_group_permissions (id, group_id, permission_id) FROM stdin;
\.


--
-- Name: auth_group_permissions_id_seq; Type: SEQUENCE SET; Schema: public; Owner: data_garden
--

SELECT pg_catalog.setval('auth_group_permissions_id_seq', 1, false);


--
-- Data for Name: auth_permission; Type: TABLE DATA; Schema: public; Owner: data_garden
--

COPY auth_permission (id, name, content_type_id, codename) FROM stdin;
1	Can add permission	1	add_permission
2	Can change permission	1	change_permission
3	Can delete permission	1	delete_permission
4	Can add group	2	add_group
5	Can change group	2	change_group
6	Can delete group	2	delete_group
7	Can add user	3	add_user
8	Can change user	3	change_user
9	Can delete user	3	delete_user
10	Can add content type	4	add_contenttype
11	Can change content type	4	change_contenttype
12	Can delete content type	4	delete_contenttype
13	Can add redirect	5	add_redirect
14	Can change redirect	5	change_redirect
15	Can delete redirect	5	delete_redirect
16	Can add session	6	add_session
17	Can change session	6	change_session
18	Can delete session	6	delete_session
19	Can add site	7	add_site
20	Can change site	7	change_site
21	Can delete site	7	delete_site
22	Can add Setting	8	add_setting
23	Can change Setting	8	change_setting
24	Can delete Setting	8	delete_setting
25	Can add Site permission	9	add_sitepermission
26	Can change Site permission	9	change_sitepermission
27	Can delete Site permission	9	delete_sitepermission
28	Can add Comment	10	add_threadedcomment
29	Can change Comment	10	change_threadedcomment
30	Can delete Comment	10	delete_threadedcomment
31	Can add Keyword	11	add_keyword
32	Can change Keyword	11	change_keyword
33	Can delete Keyword	11	delete_keyword
34	Can add assigned keyword	12	add_assignedkeyword
35	Can change assigned keyword	12	change_assignedkeyword
36	Can delete assigned keyword	12	delete_assignedkeyword
37	Can add Rating	13	add_rating
38	Can change Rating	13	change_rating
39	Can delete Rating	13	delete_rating
40	Can add Page	14	add_page
41	Can change Page	14	change_page
42	Can delete Page	14	delete_page
43	Can add Rich text page	15	add_richtextpage
44	Can change Rich text page	15	change_richtextpage
45	Can delete Rich text page	15	delete_richtextpage
46	Can add Link	16	add_link
47	Can change Link	16	change_link
48	Can delete Link	16	delete_link
49	Can add Blog post	17	add_blogpost
50	Can change Blog post	17	change_blogpost
51	Can delete Blog post	17	delete_blogpost
52	Can add Blog Category	18	add_blogcategory
53	Can change Blog Category	18	change_blogcategory
54	Can delete Blog Category	18	delete_blogcategory
55	Can add Form	19	add_form
56	Can change Form	19	change_form
57	Can delete Form	19	delete_form
58	Can add Field	20	add_field
59	Can change Field	20	change_field
60	Can delete Field	20	delete_field
61	Can add Form entry	21	add_formentry
62	Can change Form entry	21	change_formentry
63	Can delete Form entry	21	delete_formentry
64	Can add Form field entry	22	add_fieldentry
65	Can change Form field entry	22	change_fieldentry
66	Can delete Form field entry	22	delete_fieldentry
67	Can add Gallery	23	add_gallery
68	Can change Gallery	23	change_gallery
69	Can delete Gallery	23	delete_gallery
70	Can add Image	24	add_galleryimage
71	Can change Image	24	change_galleryimage
72	Can delete Image	24	delete_galleryimage
73	Can add Twitter query	25	add_query
74	Can change Twitter query	25	change_query
75	Can delete Twitter query	25	delete_query
76	Can add Tweet	26	add_tweet
77	Can change Tweet	26	change_tweet
78	Can delete Tweet	26	delete_tweet
79	Can add question	27	add_question
80	Can change question	27	change_question
81	Can delete question	27	delete_question
82	Can add choice	28	add_choice
83	Can change choice	28	change_choice
84	Can delete choice	28	delete_choice
85	Can add area uom	29	add_areauom
86	Can change area uom	29	change_areauom
87	Can delete area uom	29	delete_areauom
88	Can add site	30	add_site
89	Can change site	30	change_site
90	Can delete site	30	delete_site
91	Can add bed set	31	add_bedset
92	Can change bed set	31	change_bedset
93	Can delete bed set	31	delete_bedset
94	Can add length uom	32	add_lengthuom
95	Can change length uom	32	change_lengthuom
96	Can delete length uom	32	delete_lengthuom
97	Can add bed	33	add_bed
98	Can change bed	33	change_bed
99	Can delete bed	33	delete_bed
100	Can add family	34	add_family
101	Can change family	34	change_family
102	Can delete family	34	delete_family
103	Can add genus	35	add_genus
104	Can change genus	35	change_genus
105	Can delete genus	35	delete_genus
106	Can add species	36	add_species
107	Can change species	36	change_species
108	Can delete species	36	delete_species
109	Can add crop	37	add_crop
110	Can change crop	37	change_crop
111	Can delete crop	37	delete_crop
112	Can add common name	38	add_commonname
113	Can change common name	38	change_commonname
114	Can delete common name	38	delete_commonname
115	Can add variety	39	add_variety
116	Can change variety	39	change_variety
117	Can delete variety	39	delete_variety
118	Can add soil medium batch	40	add_soilmediumbatch
119	Can change soil medium batch	40	change_soilmediumbatch
120	Can delete soil medium batch	40	delete_soilmediumbatch
121	Can add nursery record	41	add_nurseryrecord
122	Can change nursery record	41	change_nurseryrecord
123	Can delete nursery record	41	delete_nurseryrecord
124	Can add pot on record	42	add_potonrecord
125	Can change pot on record	42	change_potonrecord
126	Can delete pot on record	42	delete_potonrecord
127	Can add seeder record	43	add_seederrecord
128	Can change seeder record	43	change_seederrecord
129	Can delete seeder record	43	delete_seederrecord
130	Can add bed record	44	add_bedrecord
131	Can change bed record	44	change_bedrecord
132	Can delete bed record	44	delete_bedrecord
133	Can add yield uom	45	add_yielduom
134	Can change yield uom	45	change_yielduom
135	Can delete yield uom	45	delete_yielduom
136	Can add harvest record	46	add_harvestrecord
137	Can change harvest record	46	change_harvestrecord
138	Can delete harvest record	46	delete_harvestrecord
139	Can add buyer	47	add_buyer
140	Can change buyer	47	change_buyer
141	Can delete buyer	47	delete_buyer
142	Can add delivery record	48	add_deliveryrecord
143	Can change delivery record	48	change_deliveryrecord
144	Can delete delivery record	48	delete_deliveryrecord
145	Can add variety price	49	add_varietyprice
146	Can change variety price	49	change_varietyprice
147	Can delete variety price	49	delete_varietyprice
148	Can add buyer variety price	50	add_buyervarietyprice
149	Can change buyer variety price	50	change_buyervarietyprice
150	Can delete buyer variety price	50	delete_buyervarietyprice
151	Can add delivery item	51	add_deliveryitem
152	Can change delivery item	51	change_deliveryitem
153	Can delete delivery item	51	delete_deliveryitem
154	Can add log entry	52	add_logentry
155	Can change log entry	52	change_logentry
156	Can delete log entry	52	delete_logentry
157	Can add comment	53	add_comment
158	Can change comment	53	change_comment
159	Can delete comment	53	delete_comment
160	Can moderate comments	53	can_moderate
161	Can add comment flag	54	add_commentflag
162	Can change comment flag	54	change_commentflag
163	Can delete comment flag	54	delete_commentflag
164	Can add location	55	add_location
165	Can change location	55	change_location
166	Can delete location	55	delete_location
167	Can add plant record	56	add_plantrecord
168	Can change plant record	56	change_plantrecord
169	Can delete plant record	56	delete_plantrecord
170	Can add tool	57	add_tool
171	Can change tool	57	change_tool
172	Can delete tool	57	delete_tool
173	Can add action	58	add_action
174	Can change action	58	change_action
175	Can delete action	58	delete_action
176	Can add plant interaction	59	add_plantinteraction
177	Can change plant interaction	59	change_plantinteraction
178	Can delete plant interaction	59	delete_plantinteraction
179	Can add fertilise innoculate	60	add_fertiliseinnoculate
180	Can change fertilise innoculate	60	change_fertiliseinnoculate
181	Can delete fertilise innoculate	60	delete_fertiliseinnoculate
182	Can add protect	61	add_protect
183	Can change protect	61	change_protect
184	Can delete protect	61	delete_protect
185	Can add bed interaction	62	add_bedinteraction
186	Can change bed interaction	62	change_bedinteraction
187	Can delete bed interaction	62	delete_bedinteraction
188	Can add ammend innoculate	63	add_ammendinnoculate
189	Can change ammend innoculate	63	change_ammendinnoculate
190	Can delete ammend innoculate	63	delete_ammendinnoculate
191	Can add supplier	64	add_supplier
192	Can change supplier	64	change_supplier
193	Can delete supplier	64	delete_supplier
194	Can add input	65	add_input
195	Can change input	65	change_input
196	Can delete input	65	delete_input
197	Can add country	66	add_country
198	Can change country	66	change_country
199	Can delete country	66	delete_country
200	Can add state	67	add_state
201	Can change state	67	change_state
202	Can delete state	67	delete_state
203	Can add locality	68	add_locality
204	Can change locality	68	change_locality
205	Can delete locality	68	delete_locality
206	Can add address	69	add_address
207	Can change address	69	change_address
208	Can delete address	69	delete_address
\.


--
-- Name: auth_permission_id_seq; Type: SEQUENCE SET; Schema: public; Owner: data_garden
--

SELECT pg_catalog.setval('auth_permission_id_seq', 208, true);


--
-- Data for Name: auth_user; Type: TABLE DATA; Schema: public; Owner: data_garden
--

COPY auth_user (id, password, last_login, is_superuser, username, first_name, last_name, email, is_staff, is_active, date_joined) FROM stdin;
1	pbkdf2_sha256$20000$Tgcsz6ACVVpI$Nkjz258Dq1pXKzknZ4ws1a2oXY+b6PEgsEO2szrfvnQ=	2016-01-11 15:01:24.224765+00	t	admin				t	t	2015-08-21 19:49:26.336787+00
\.


--
-- Data for Name: auth_user_groups; Type: TABLE DATA; Schema: public; Owner: data_garden
--

COPY auth_user_groups (id, user_id, group_id) FROM stdin;
\.


--
-- Name: auth_user_groups_id_seq; Type: SEQUENCE SET; Schema: public; Owner: data_garden
--

SELECT pg_catalog.setval('auth_user_groups_id_seq', 1, false);


--
-- Name: auth_user_id_seq; Type: SEQUENCE SET; Schema: public; Owner: data_garden
--

SELECT pg_catalog.setval('auth_user_id_seq', 1, true);


--
-- Data for Name: auth_user_user_permissions; Type: TABLE DATA; Schema: public; Owner: data_garden
--

COPY auth_user_user_permissions (id, user_id, permission_id) FROM stdin;
\.


--
-- Name: auth_user_user_permissions_id_seq; Type: SEQUENCE SET; Schema: public; Owner: data_garden
--

SELECT pg_catalog.setval('auth_user_user_permissions_id_seq', 1, false);


--
-- Data for Name: blog_blogcategory; Type: TABLE DATA; Schema: public; Owner: data_garden
--

COPY blog_blogcategory (id, title, slug, site_id) FROM stdin;
\.


--
-- Name: blog_blogcategory_id_seq; Type: SEQUENCE SET; Schema: public; Owner: data_garden
--

SELECT pg_catalog.setval('blog_blogcategory_id_seq', 1, false);


--
-- Data for Name: blog_blogpost; Type: TABLE DATA; Schema: public; Owner: data_garden
--

COPY blog_blogpost (id, comments_count, keywords_string, rating_count, rating_sum, rating_average, title, slug, _meta_title, description, gen_description, created, updated, status, publish_date, expiry_date, short_url, in_sitemap, content, allow_comments, featured_image, site_id, user_id) FROM stdin;
\.


--
-- Data for Name: blog_blogpost_categories; Type: TABLE DATA; Schema: public; Owner: data_garden
--

COPY blog_blogpost_categories (id, blogpost_id, blogcategory_id) FROM stdin;
\.


--
-- Name: blog_blogpost_categories_id_seq; Type: SEQUENCE SET; Schema: public; Owner: data_garden
--

SELECT pg_catalog.setval('blog_blogpost_categories_id_seq', 1, false);


--
-- Name: blog_blogpost_id_seq; Type: SEQUENCE SET; Schema: public; Owner: data_garden
--

SELECT pg_catalog.setval('blog_blogpost_id_seq', 1, false);


--
-- Data for Name: blog_blogpost_related_posts; Type: TABLE DATA; Schema: public; Owner: data_garden
--

COPY blog_blogpost_related_posts (id, from_blogpost_id, to_blogpost_id) FROM stdin;
\.


--
-- Name: blog_blogpost_related_posts_id_seq; Type: SEQUENCE SET; Schema: public; Owner: data_garden
--

SELECT pg_catalog.setval('blog_blogpost_related_posts_id_seq', 1, false);


--
-- Data for Name: conf_setting; Type: TABLE DATA; Schema: public; Owner: data_garden
--

COPY conf_setting (id, name, value, site_id) FROM stdin;
\.


--
-- Name: conf_setting_id_seq; Type: SEQUENCE SET; Schema: public; Owner: data_garden
--

SELECT pg_catalog.setval('conf_setting_id_seq', 1, false);


--
-- Data for Name: core_sitepermission; Type: TABLE DATA; Schema: public; Owner: data_garden
--

COPY core_sitepermission (id, user_id) FROM stdin;
\.


--
-- Name: core_sitepermission_id_seq; Type: SEQUENCE SET; Schema: public; Owner: data_garden
--

SELECT pg_catalog.setval('core_sitepermission_id_seq', 1, false);


--
-- Data for Name: core_sitepermission_sites; Type: TABLE DATA; Schema: public; Owner: data_garden
--

COPY core_sitepermission_sites (id, sitepermission_id, site_id) FROM stdin;
\.


--
-- Name: core_sitepermission_sites_id_seq; Type: SEQUENCE SET; Schema: public; Owner: data_garden
--

SELECT pg_catalog.setval('core_sitepermission_sites_id_seq', 1, false);


--
-- Data for Name: django_admin_log; Type: TABLE DATA; Schema: public; Owner: data_garden
--

COPY django_admin_log (id, action_time, object_id, object_repr, action_flag, change_message, content_type_id, user_id) FROM stdin;
1	2015-08-21 19:51:23.626338+00	1	Pisticci	1		47	1
2	2015-08-21 20:32:20.129119+00	1	eggplant (Solanum melongena) var. Beatrice	1		39	1
3	2015-08-21 20:32:30.716954+00	1	kg	1		45	1
4	2015-08-21 20:32:34.535824+00	1	Pisticci - eggplant (Solanum melongena) var. Beatrice @ 4.25 / kg	1		50	1
5	2015-08-21 20:50:27.367416+00	2	arugula (Eruca sativa) var. Astro	1		39	1
6	2015-08-21 20:51:36.416649+00	1	Pisticci --- 2015-06-18	1		48	1
7	2015-08-21 20:52:38.303413+00	3	sage (Salvia officinalis) var. Extracta	1		39	1
8	2015-08-21 20:53:27.398652+00	4	zucchini (Cucurbita pepo) var. Patty Pan	1		39	1
9	2015-08-21 20:53:49.578729+00	5	zucchini (Cucurbita pepo) var. Zephyr	1		39	1
10	2015-08-21 20:53:58.343996+00	2	Pisticci --- 2015-06-30	1		48	1
11	2015-08-21 20:54:52.810729+00	6	arugula (Eruca sativa) var. Regular	1		39	1
12	2015-08-21 20:55:18.592366+00	7	basil (Ocimum basilicum) var. Aroma 2	1		39	1
13	2015-08-21 20:55:44.096681+00	8	basil (Ocimum basilicum) var. Neopolitan	1		39	1
14	2015-08-21 20:56:08.395219+00	9	basil (Ocimum basilicum) var. Nufar	1		39	1
15	2015-08-21 20:56:44.104901+00	3	Pisticci --- 2015-07-07	1		48	1
16	2015-08-21 20:58:18.312504+00	10	broccoli rabe (Brassica rapa) var. Spring Raab	1		39	1
17	2015-08-21 20:58:34.058365+00	4	Pisticci --- 2015-07-08	1		48	1
18	2015-08-21 20:59:57.09873+00	11	zucchini (Cucurbita pepo) var. Costata Romanesco	1		39	1
19	2015-08-21 21:00:05.57414+00	5	Pisticci --- 2015-07-10	1		48	1
20	2015-08-21 21:00:57.547479+00	5	Pisticci --- 2015-07-10	2	Added delivery item "zucchini (Cucurbita pepo) var. Patty Pan - 5.5 kg". Added delivery item "zucchini (Cucurbita pepo) var. Zephyr - 3.0 kg".	48	1
21	2015-08-21 21:03:57.172243+00	6	Pisticci --- 2015-07-13	1		48	1
22	2015-08-21 21:05:24.703037+00	7	Pisticci --- 2015-07-16	1		48	1
23	2015-08-21 21:07:57.931285+00	12	zucchini (Cucurbita pepo) var. Goldmine	1		39	1
24	2015-08-21 21:10:02.923083+00	13	zucchini (Cucurbita pepo) var. Slik Pik	1		39	1
25	2015-08-21 21:10:29.551765+00	8	Pisticci --- 2015-07-21	1		48	1
26	2015-08-21 21:11:04.128336+00	14	zucchini (Cucurbita pepo) var. Safari	1		39	1
27	2015-08-21 21:11:12.104026+00	8	Pisticci --- 2015-07-21	2	Added delivery item "zucchini (Cucurbita pepo) var. Goldmine - 3.0 kg". Added delivery item "zucchini (Cucurbita pepo) var. Safari - 0.5 kg".	48	1
28	2015-08-21 21:13:01.397992+00	8	Lamiaceae	1		34	1
29	2015-08-21 21:13:03.392288+00	13	Thymus	1		35	1
30	2015-08-21 21:13:04.909558+00	16	Thymus vulgaris	1		36	1
31	2015-08-21 21:13:06.619423+00	16	No Preferred Common Name (Thymus vulgaris)	1		37	1
32	2015-08-21 21:13:51.666431+00	15	No Preferred Common Name (Thymus vulgaris) var. Summer	1		39	1
33	2015-08-21 21:14:18.100698+00	8	Pisticci --- 2015-07-21	2	Added delivery item "No Preferred Common Name (Thymus vulgaris) var. Summer - 0.1 kg".	48	1
34	2015-08-21 21:14:34.779447+00	21	thyme	1		38	1
35	2015-08-21 21:15:38.648206+00	9	Pisticci --- 2015-07-24	1		48	1
36	2015-08-21 21:16:21.895698+00	9	Pisticci --- 2015-07-24	2	Added delivery item "sage (Salvia officinalis) var. Extracta - 1.4 kg". Added delivery item "zucchini (Cucurbita pepo) var. Zephyr - 2.5 kg". Added delivery item "eggplant (Solanum melongena) var. Beatrice - 2.5 kg".	48	1
37	2015-08-21 21:18:01.234246+00	10	Pisticci --- 2015-07-30	1		48	1
38	2015-08-21 21:19:00.500416+00	16	eggplant (Solanum melongena) var. Fairy Tale	1		39	1
39	2015-08-21 21:19:12.630009+00	17	eggplant (Solanum melongena) var. Nadia	1		39	1
40	2015-08-21 21:19:45.094968+00	18	pepper (Capsicum annuum) var. Hungarian Hot Wax	1		39	1
41	2015-08-21 21:19:52.107981+00	11	Pisticci --- 2015-08-03	1		48	1
42	2015-08-21 21:20:50.714327+00	19	pepper (Capsicum annuum) var. Carmen	1		39	1
43	2015-08-21 21:21:04.851102+00	20	pepper (Capsicum annuum) var. Round of Hungary	1		39	1
44	2015-08-21 21:21:28.866318+00	12	Pisticci --- 2015-08-05	1		48	1
45	2015-08-21 21:22:11.375294+00	13	Pisticci --- 2015-08-07	1		48	1
46	2015-08-21 21:22:49.065892+00	13	Pisticci --- 2015-08-07	2	Added delivery item "basil (Ocimum basilicum) var. Aroma 2 - 8.0 kg". Added delivery item "sage (Salvia officinalis) var. Extracta - 0.9 kg".	48	1
47	2015-08-21 21:24:43.30369+00	14	Pisticci --- 2015-08-17	1		48	1
48	2015-08-21 21:26:04.436387+00	21	tomato (Solanum lycopersicum) var. Amish Paste	1		39	1
49	2015-08-21 21:26:21.787457+00	15	Pisticci --- 2015-08-20	1		48	1
50	2015-08-21 21:26:37.836849+00	14	Pisticci --- 2015-08-17	2	Added delivery item "tomato (Solanum lycopersicum) var. Amish Paste - 25.0 kg".	48	1
51	2015-08-21 21:32:11.261697+00	16	Pisticci --- 2015-08-12	1		48	1
52	2015-08-25 21:47:09.515818+00	2	Pisticci - arugula (Eruca sativa) var. Astro @ 26.3 / kg	1		50	1
53	2015-08-25 21:47:48.405229+00	3	Pisticci - sage (Salvia officinalis) var. Extracta @ 19.95 / kg	1		50	1
54	2015-08-25 21:48:08.75327+00	4	Pisticci - zucchini (Cucurbita pepo) var. Patty Pan @ 7.74 / kg	1		50	1
55	2015-08-25 21:48:27.124506+00	5	Pisticci - zucchini (Cucurbita pepo) var. Zephyr @ 7.74 / kg	1		50	1
56	2015-08-25 21:48:50.193794+00	6	Pisticci - arugula (Eruca sativa) var. Regular @ 26.3 / kg	1		50	1
57	2015-08-25 21:49:15.108041+00	7	Pisticci - basil (Ocimum basilicum) var. Aroma 2 @ 18.95 / kg	1		50	1
58	2015-08-25 21:49:29.078246+00	8	Pisticci - basil (Ocimum basilicum) var. Neopolitan @ 18.95 / kg	1		50	1
59	2015-08-25 21:49:44.905449+00	9	Pisticci - basil (Ocimum basilicum) var. Nufar @ 18.95 / kg	1		50	1
60	2015-08-25 21:50:03.409874+00	10	Pisticci - broccoli rabe (Brassica rapa) var. Spring Raab @ 4.13 / kg	1		50	1
61	2015-08-25 21:50:18.470516+00	11	Pisticci - zucchini (Cucurbita pepo) var. Costata Romanesco @ 7.74 / kg	1		50	1
62	2015-08-25 21:50:32.718752+00	12	Pisticci - zucchini (Cucurbita pepo) var. Goldmine @ 7.74 / kg	1		50	1
63	2015-08-25 21:50:47.382809+00	13	Pisticci - zucchini (Cucurbita pepo) var. Slik Pik @ 7.74 / kg	1		50	1
64	2015-08-25 21:51:02.724098+00	14	Pisticci - zucchini (Cucurbita pepo) var. Safari @ 7.74 / kg	1		50	1
65	2015-08-25 21:51:21.751571+00	15	Pisticci - thyme (Thymus vulgaris) var. Summer @ 18.95 / kg	1		50	1
66	2015-08-25 21:51:40.612234+00	16	Pisticci - eggplant (Solanum melongena) var. Fairy Tale @ 4.25 / kg	1		50	1
67	2015-08-25 21:51:58.922903+00	17	Pisticci - eggplant (Solanum melongena) var. Nadia @ 4.25 / kg	1		50	1
68	2015-08-25 21:52:17.306067+00	18	Pisticci - pepper (Capsicum annuum) var. Hungarian Hot Wax @ 8.2 / kg	1		50	1
69	2015-08-25 21:52:38.372558+00	19	Pisticci - pepper (Capsicum annuum) var. Carmen @ 4.45 / kg	1		50	1
70	2015-08-25 21:52:56.387136+00	20	Pisticci - pepper (Capsicum annuum) var. Round of Hungary @ 4.45 / kg	1		50	1
71	2015-08-25 21:53:15.264508+00	21	Pisticci - tomato (Solanum lycopersicum) var. Amish Paste @ 10.1 / kg	1		50	1
72	2015-08-25 21:58:16.600181+00	2	Pisticci - arugula (Eruca sativa) var. Astro @ 7.43 / kg	2	Changed price.	50	1
73	2015-08-25 21:59:41.163618+00	9	Pisticci - basil (Ocimum basilicum) var. Nufar @ 4.07 / kg	2	Changed price.	50	1
74	2015-08-25 21:59:52.935521+00	8	Pisticci - basil (Ocimum basilicum) var. Neopolitan @ 4.07 / kg	2	Changed price.	50	1
75	2015-08-25 22:00:11.993337+00	7	Pisticci - basil (Ocimum basilicum) var. Aroma 2 @ 4.07 / kg	2	Changed price.	50	1
76	2015-08-25 22:02:15.253064+00	21	Pisticci - tomato (Solanum lycopersicum) var. Amish Paste @ 2.09 / kg	2	Changed price.	50	1
77	2015-08-25 22:06:49.531892+00	6	Pisticci - arugula (Eruca sativa) var. Regular @ 7.43 / kg	2	Changed price.	50	1
78	2015-08-25 22:08:39.703478+00	14	Pisticci - zucchini (Cucurbita pepo) var. Safari @ 2.42 / kg	2	Changed price.	50	1
79	2015-08-25 22:08:50.836038+00	13	Pisticci - zucchini (Cucurbita pepo) var. Slik Pik @ 2.42 / kg	2	Changed price.	50	1
80	2015-08-25 22:09:00.441477+00	11	Pisticci - zucchini (Cucurbita pepo) var. Costata Romanesco @ 2.42 / kg	2	Changed price.	50	1
81	2015-08-25 22:09:11.81713+00	12	Pisticci - zucchini (Cucurbita pepo) var. Goldmine @ 2.42 / kg	2	Changed price.	50	1
82	2015-08-25 22:09:31.608308+00	4	Pisticci - zucchini (Cucurbita pepo) var. Patty Pan @ 2.42 / kg	2	Changed price.	50	1
83	2015-08-25 22:09:40.238342+00	5	Pisticci - zucchini (Cucurbita pepo) var. Zephyr @ 2.42 / kg	2	Changed price.	50	1
84	2015-08-25 22:13:43.117128+00	20	Pisticci - pepper (Capsicum annuum) var. Round of Hungary @ 3.74 / kg	2	Changed price.	50	1
85	2015-08-25 22:13:53.8759+00	19	Pisticci - pepper (Capsicum annuum) var. Carmen @ 3.74 / kg	2	Changed price.	50	1
86	2015-08-25 22:14:04.60209+00	18	Pisticci - pepper (Capsicum annuum) var. Hungarian Hot Wax @ 3.74 / kg	2	Changed price.	50	1
87	2015-08-25 22:17:58.593803+00	17	Pisticci --- 2015-08-24	1		48	1
88	2015-08-26 16:10:38.497388+00	1	Middle 1 - basil (Ocimum basilicum) var. Aroma 2	1		44	1
89	2015-08-26 17:56:50.183559+00	1	Soil Medium created 2015-08-26	1		40	1
90	2015-08-26 17:58:44.458122+00	17	Brassica oleracea	1		36	1
91	2015-08-26 17:58:55.161935+00	17	No Preferred Common Name (Brassica oleracea)	1		37	1
92	2015-08-26 17:59:30.263195+00	22	No Preferred Common Name (Brassica oleracea) var. Toscano	1		39	1
93	2015-08-26 18:00:19.744681+00	22	Kale	1		38	1
94	2015-08-26 18:00:36.272006+00	22	kale	2	Changed name.	38	1
95	2015-08-26 20:54:26.592557+00	1	kale (Brassica oleracea) var. Toscano 2015-08-26 00:00	1		41	1
96	2015-08-26 20:58:55.921391+00	2	Soil Medium created 2015-04-20	1		40	1
97	2015-08-26 20:58:59.667682+00	2	tomato (Solanum lycopersicum) var. Amish Paste 2015-04-20 00:00	1		41	1
98	2015-08-26 20:59:38.851282+00	1	Middle 1 - basil (Ocimum basilicum) var. Aroma 2	3		44	1
99	2015-08-26 21:00:09.347826+00	2	Lower 3 - tomato (Solanum lycopersicum) var. Amish Paste	1		44	1
100	2015-08-26 21:01:03.001709+00	23	tomato (Solanum lycopersicum) var. arbason	1		39	1
101	2015-08-26 21:01:44.493831+00	3	Soil Medium created 2015-05-27	1		40	1
102	2015-08-26 21:02:56.779425+00	3	tomato (Solanum lycopersicum) var. arbason 2015-05-27 00:00	1		41	1
103	2015-08-26 21:03:36.065319+00	4	Soil Medium created 2015-06-10	1		40	1
104	2015-08-26 21:03:48.285058+00	2	Potted on tomato (Solanum lycopersicum) var. arbason on 2015-08-26	2	Changed pot_size_in and medium.	42	1
105	2015-08-26 21:05:23.743327+00	3	Greenhouse East 2 - tomato (Solanum lycopersicum) var. arbason	1		44	1
106	2015-08-26 21:05:52.470011+00	24	tomato (Solanum lycopersicum) var. pink wonder	1		39	1
107	2015-08-26 21:10:08.392224+00	4	tomato (Solanum lycopersicum) var. pink wonder 2015-05-27 00:00	1		41	1
108	2015-08-26 21:10:51.253411+00	4	Greenhouse East 2 - tomato (Solanum lycopersicum) var. pink wonder	1		44	1
109	2015-08-26 21:11:25.674969+00	25	tomato (Solanum lycopersicum) var. favorita	1		39	1
110	2015-08-26 21:11:54.732199+00	5	tomato (Solanum lycopersicum) var. favorita 2015-08-26 00:00	1		41	1
111	2015-08-26 21:12:24.531216+00	5	Greenhouse East 2 - tomato (Solanum lycopersicum) var. pink wonder	1		44	1
112	2015-08-26 21:12:58.297978+00	26	tomato (Solanum lycopersicum) var. big beef	1		39	1
113	2015-08-26 21:13:32.433983+00	6	tomato (Solanum lycopersicum) var. big beef 2015-05-27 00:00	1		41	1
114	2015-08-26 21:15:03.209713+00	6	Greenhouse East 3 - tomato (Solanum lycopersicum) var. big beef	1		44	1
115	2015-08-26 21:15:28.576975+00	6	Greenhouse East 3 - tomato (Solanum lycopersicum) var. big beef	2	Changed in_bed_date.	44	1
116	2015-08-26 21:15:35.065918+00	3	Greenhouse East 2 - tomato (Solanum lycopersicum) var. arbason	2	Changed in_bed_date.	44	1
117	2015-08-26 21:15:41.058396+00	4	Greenhouse East 2 - tomato (Solanum lycopersicum) var. pink wonder	2	Changed in_bed_date.	44	1
118	2015-08-26 21:15:48.685298+00	5	Greenhouse East 2 - tomato (Solanum lycopersicum) var. pink wonder	2	Changed in_bed_date.	44	1
119	2015-08-26 21:15:56.747512+00	5	Greenhouse East 2 - tomato (Solanum lycopersicum) var. pink wonder	2	No fields changed.	44	1
120	2015-08-26 21:16:12.345023+00	4	Greenhouse East 2 - tomato (Solanum lycopersicum) var. favorita	2	Changed variety.	44	1
121	2015-08-26 21:17:27.236033+00	27	tomato (Solanum lycopersicum) var. chef's choice orange	1		39	1
122	2015-08-26 21:17:58.766299+00	7	tomato (Solanum lycopersicum) var. chef's choice orange 2015-05-27 00:00	1		41	1
123	2015-08-26 21:19:10.794381+00	7	Greenhouse West 3 - tomato (Solanum lycopersicum) var. chef's choice orange	1		44	1
124	2015-08-26 21:19:35.588254+00	8	Greenhouse West 4 - tomato (Solanum lycopersicum) var. chef's choice orange	1		44	1
125	2015-08-26 21:20:23.18405+00	28	tomato (Solanum lycopersicum) var. trust	1		39	1
126	2015-08-26 21:20:58.619937+00	8	tomato (Solanum lycopersicum) var. trust 2015-05-27 00:00	1		41	1
127	2015-08-26 21:21:43.190922+00	9	Greenhouse West 2 - tomato (Solanum lycopersicum) var. trust	1		44	1
128	2015-08-26 21:22:30.660852+00	29	tomato (Solanum lycopersicum) var. BHN 876	1		39	1
129	2015-08-26 21:22:53.071805+00	9	tomato (Solanum lycopersicum) var. BHN 876 2015-05-27 00:00	1		41	1
130	2015-08-26 21:23:28.798876+00	2	Potted on tomato (Solanum lycopersicum) var. arbason on 2015-06-10	2	Changed pot_on_date.	42	1
131	2015-08-26 21:23:35.491942+00	8	Potted on tomato (Solanum lycopersicum) var. BHN 876 on 2015-06-10	2	Changed pot_on_date.	42	1
132	2015-08-26 21:25:11.665543+00	10	Greenhouse West 5 - tomato (Solanum lycopersicum) var. BHN 876	1		44	1
133	2015-08-26 21:25:38.728517+00	11	Greenhouse West 6 - tomato (Solanum lycopersicum) var. BHN 876	1		44	1
134	2015-08-26 21:26:35.578218+00	5	Soil Medium created 2015-05-04	1		40	1
135	2015-08-26 21:27:18.882613+00	6	Soil Medium created 2015-06-26	1		40	1
136	2015-08-26 21:27:22.167899+00	10	basil (Ocimum basilicum) var. Nufar 2015-05-04 00:00	1		41	1
137	2015-08-26 21:28:08.466144+00	12	Middle 5 - basil (Ocimum basilicum) var. Nufar	1		44	1
138	2015-08-26 21:28:32.128797+00	12	Middle 5 - basil (Ocimum basilicum) var. Nufar	2	Changed out_bed_date.	44	1
139	2015-08-26 21:29:58.567351+00	11	basil (Ocimum basilicum) var. Aroma 2 2015-05-04 00:00	1		41	1
140	2015-08-26 21:30:43.644599+00	13	Middle 5 - basil (Ocimum basilicum) var. Aroma 2	1		44	1
141	2015-08-26 21:30:58.954568+00	6	Soil Medium created 2015-05-26	2	Changed created.	40	1
142	2015-08-26 21:32:23.22663+00	12	basil (Ocimum basilicum) var. Neopolitan 2015-05-04 00:00	1		41	1
143	2015-08-26 21:32:55.048501+00	14	Middle 5 - basil (Ocimum basilicum) var. Neopolitan	1		44	1
144	2015-08-26 21:33:02.639231+00	13	Middle 5 - basil (Ocimum basilicum) var. Aroma 2	2	Changed rows.	44	1
145	2015-08-26 21:33:27.296608+00	14	Middle 5 - basil (Ocimum basilicum) var. Neopolitan	2	Changed out_bed_date.	44	1
146	2015-08-26 21:35:08.026602+00	1	SeederRecord object	1		43	1
147	2015-08-26 21:35:16.654322+00	15	Top 3 - basil (Ocimum basilicum) var. Aroma 2	1		44	1
148	2015-08-26 21:36:36.733678+00	16	Top 6 - basil (Ocimum basilicum) var. Aroma 2	1		44	1
149	2015-08-26 21:37:25.50868+00	17	Middle 12 - basil (Ocimum basilicum) var. Aroma 2	1		44	1
150	2015-08-26 21:38:10.995352+00	7	Soil Medium created 2015-06-15	1		40	1
151	2015-08-26 21:38:33.471911+00	13	basil (Ocimum basilicum) var. Aroma 2 2015-06-15 00:00	1		41	1
152	2015-08-26 21:39:17.756965+00	18	Greenhouse West 1 - basil (Ocimum basilicum) var. Aroma 2	1		44	1
153	2015-08-26 21:39:49.053182+00	19	Greenhouse West 7 - basil (Ocimum basilicum) var. Aroma 2	1		44	1
154	2015-08-26 21:40:37.114169+00	8	Soil Medium created 2015-08-10	1		40	1
155	2015-08-26 21:40:46.047392+00	14	basil (Ocimum basilicum) var. Aroma 2 2015-08-10 00:00	1		41	1
156	2015-08-26 21:41:52.880278+00	3	sage (Salvia officinalis) var. common	2	Changed name.	39	1
157	2015-08-26 21:43:13.832237+00	15	sage (Salvia officinalis) var. common 2015-05-04 00:00	1		41	1
158	2015-08-26 21:44:00.054472+00	20	Middle 11 - sage (Salvia officinalis) var. common	1		44	1
159	2015-08-26 21:44:56.422266+00	21	Top 1 - sage (Salvia officinalis) var. common	1		44	1
160	2015-08-26 21:45:16.226409+00	21	Top 1 - sage (Salvia officinalis) var. common	2	Changed in_bed_date.	44	1
161	2015-08-26 22:05:10.768124+00	16	pepper (Capsicum annuum) var. Carmen 2015-05-04 00:00	1		41	1
162	2015-08-26 22:06:01.943204+00	22	Middle 9 - pepper (Capsicum annuum) var. Carmen	1		44	1
163	2015-08-26 22:06:34.641499+00	16	pepper (Capsicum annuum) var. Carmen 2015-05-04 00:00	2	Added pot on record "Potted on pepper (Capsicum annuum) var. Carmen on 2015-08-26". Changed pot_on_date and medium for pot on record "Potted on pepper (Capsicum annuum) var. Carmen on 2015-05-18".	41	1
164	2015-08-26 22:11:41.103453+00	39	Lower 6	1		33	1
165	2015-08-26 22:12:26.770093+00	23	Lower 6 - pepper (Capsicum annuum) var. Carmen	1		44	1
166	2015-08-26 22:13:39.146058+00	17	pepper (Capsicum annuum) var. Hungarian Hot Wax 2015-05-04 00:00	1		41	1
167	2015-08-26 22:14:32.765396+00	24	Lower 6 - pepper (Capsicum annuum) var. Hungarian Hot Wax	1		44	1
168	2015-08-26 22:15:21.55522+00	18	pepper (Capsicum annuum) var. Round of Hungary 2015-05-04 00:00	1		41	1
169	2015-08-26 22:15:56.109948+00	25	Lower 6 - pepper (Capsicum annuum) var. Round of Hungary	1		44	1
170	2015-08-27 21:56:15.723667+00	18	Pisticci --- 2015-08-27	1		48	1
171	2015-08-27 22:00:00.258508+00	18	Pisticci --- 2015-08-27	2	Added delivery item "tomato (Solanum lycopersicum) var. Amish Paste - 9.75 kg". Added delivery item "eggplant (Solanum melongena) var. Nadia - 16.5 kg".	48	1
172	2015-08-28 16:08:20.196344+00	9	Amaranthaceae	1		34	1
173	2015-08-28 16:08:33.319555+00	14	Spinacia	1		35	1
174	2015-08-28 16:08:39.006506+00	18	Spinacia oleracea	1		36	1
175	2015-08-28 16:08:42.789556+00	18	No Preferred Common Name (Spinacia oleracea)	1		37	1
176	2015-08-28 16:08:57.683572+00	30	No Preferred Common Name (Spinacia oleracea) var. tyee	1		39	1
177	2015-08-28 16:09:21.288882+00	19	No Preferred Common Name (Spinacia oleracea) var. tyee 2015-08-28 00:00	1		41	1
178	2015-08-28 16:09:56.373474+00	31	No Preferred Common Name (Spinacia oleracea) var. woodpecker	1		39	1
179	2015-08-28 16:10:15.150077+00	20	No Preferred Common Name (Spinacia oleracea) var. woodpecker 2015-08-28 00:00	1		41	1
180	2015-08-28 16:10:41.75573+00	32	No Preferred Common Name (Spinacia oleracea) var. space	1		39	1
181	2015-08-28 16:10:58.380882+00	21	No Preferred Common Name (Spinacia oleracea) var. space 2015-08-28 00:00	1		41	1
182	2015-08-28 16:11:28.985643+00	23	spinach	1		38	1
183	2015-08-28 16:11:29.113324+00	24	spinach	1		38	1
184	2015-08-28 16:15:47.806432+00	23	spinach	3		38	1
185	2015-09-01 16:09:19.963525+00	1	kale (Brassica oleracea) var. Toscano 2015-08-26 00:00	2	Changed germ_date. Added pot on record "Potted on kale (Brassica oleracea) var. Toscano on 2015-09-01".	41	1
186	2015-09-01 16:11:00.942864+00	19	No Preferred Common Name (Beta vulgaris)	1		37	1
187	2015-09-01 16:11:13.863488+00	33	No Preferred Common Name (Beta vulgaris) var. Rainbow	1		39	1
188	2015-09-01 16:11:41.959335+00	25	Chard	1		38	1
189	2015-09-01 16:11:57.270985+00	25	Chard	2	No fields changed.	38	1
190	2015-09-01 16:13:02.054564+00	22	Chard (Beta vulgaris) var. Rainbow 2015-08-28 00:00	1		41	1
191	2015-09-01 16:13:18.620682+00	22	Chard (Beta vulgaris) var. Rainbow 2015-08-28 00:00	2	Changed number_trays. Added pot on record "Potted on Chard (Beta vulgaris) var. Rainbow on 2015-09-01".	41	1
192	2015-09-01 18:37:59.651969+00	19	Pisticci --- 2015-09-01	1		48	1
193	2015-09-01 18:39:44.9656+00	19	Pisticci --- 2015-09-01	2	Added delivery item "pepper (Capsicum annuum) var. Hungarian Hot Wax - 2.5 kg".	48	1
194	2015-09-01 18:41:22.343496+00	19	Pisticci --- 2015-09-01	2	Added delivery item "eggplant (Solanum melongena) var. Fairy Tale - 13.5 kg".	48	1
195	2015-09-01 18:46:17.18818+00	19	Pisticci --- 2015-09-01	2	Added delivery item "tomato (Solanum lycopersicum) var. Amish Paste - 15.5 kg".	48	1
196	2015-09-01 19:21:49.134448+00	19	Pisticci --- 2015-09-01	2	Added delivery item "arugula (Eruca sativa) var. Astro - 6.5 kg". Added delivery item "arugula (Eruca sativa) var. Astro - 4.5 kg". Added delivery item "arugula (Eruca sativa) var. Regular - 3.0 kg".	48	1
197	2015-09-02 18:03:24.881412+00	22	Pisticci - Chard (Beta vulgaris) var. Rainbow @ 2.0 / kg	1		50	1
198	2015-09-03 21:02:42.214184+00	20	Pisticci --- 2015-09-03	1		48	1
199	2015-09-16 21:57:59.111209+00	1	ACTION: worked on records app | DURATION: 8 minutes	1		58	1
200	2015-09-16 21:59:48.893599+00	2	AMMEND / INNOCULATE: broadcast ~ 1 L / bed | Pro-Gro | DURATION: 30 minutes	1		63	1
201	2015-09-16 22:02:03.331792+00	34	lettuce (Lactuca sativa) var. all star gourmet mix	1		39	1
202	2015-09-16 22:02:41.619112+00	25	chard	2	Changed name.	38	1
203	2015-09-16 22:06:52.445694+00	23	Pisticci - lettuce (Lactuca sativa) var. all star gourmet mix @ 6.23 / kg	1		50	1
204	2015-09-16 22:09:27.958309+00	21	Pisticci --- 2015-09-15	1		48	1
205	2015-09-16 22:14:01.182592+00	20	No Preferred Common Name (Beta vulgaris)	1		37	1
273	2015-10-16 16:22:02.565354+00	30	endive	1		38	1
206	2015-09-16 22:14:04.726761+00	35	No Preferred Common Name (Beta vulgaris) var. red ace	1		39	1
207	2015-09-16 22:15:59.781929+00	22	Pisticci --- 2015-09-08	1		48	1
208	2015-09-16 22:17:07.142663+00	24	Pisticci - No Preferred Common Name (Beta vulgaris) var. red ace @ 11.0 / kg	1		50	1
209	2015-09-18 18:19:03.499104+00	26	Greenhouse West 2 - chard (Beta vulgaris) var. Rainbow	1		44	1
210	2015-09-18 18:21:38.005532+00	27	Greenhouse West 3 - kale (Brassica oleracea) var. Toscano	1		44	1
211	2015-09-18 18:22:05.313977+00	28	Greenhouse West 4 - kale (Brassica oleracea) var. Toscano	1		44	1
212	2015-09-18 18:22:40.542036+00	29	Greenhouse West 5 - kale (Brassica oleracea) var. Toscano	1		44	1
213	2015-09-18 18:23:16.329024+00	30	Greenhouse West 6 - chard (Beta vulgaris) var. Rainbow	1		44	1
214	2015-09-18 18:25:17.946227+00	11	Greenhouse West 6 - tomato (Solanum lycopersicum) var. BHN 876	2	Changed out_bed_date.	44	1
215	2015-09-18 18:25:59.371144+00	10	Greenhouse West 5 - tomato (Solanum lycopersicum) var. BHN 876	2	Changed out_bed_date.	44	1
216	2015-09-18 18:30:47.998927+00	9	Greenhouse West 2 - tomato (Solanum lycopersicum) var. trust	2	Changed out_bed_date.	44	1
217	2015-09-18 18:32:46.821106+00	7	Greenhouse West 3 - tomato (Solanum lycopersicum) var. chef's choice orange	2	Changed out_bed_date.	44	1
218	2015-09-18 18:33:51.495591+00	8	Greenhouse West 4 - tomato (Solanum lycopersicum) var. chef's choice orange	2	Changed out_bed_date.	44	1
219	2015-09-18 18:34:25.938394+00	29	Greenhouse West 5 - kale (Brassica oleracea) var. Toscano	2	Changed in_bed_date.	44	1
220	2015-09-18 18:34:54.748234+00	28	Greenhouse West 4 - kale (Brassica oleracea) var. Toscano	2	Changed in_bed_date.	44	1
221	2015-09-18 18:35:07.827652+00	27	Greenhouse West 3 - kale (Brassica oleracea) var. Toscano	2	Changed out_bed_date.	44	1
222	2015-09-18 18:35:21.590554+00	30	Greenhouse West 6 - chard (Beta vulgaris) var. Rainbow	2	Changed in_bed_date.	44	1
223	2015-09-18 18:35:30.018353+00	26	Greenhouse West 2 - chard (Beta vulgaris) var. Rainbow	2	No fields changed.	44	1
224	2015-09-18 18:35:51.271636+00	26	Greenhouse West 2 - chard (Beta vulgaris) var. Rainbow	2	Changed in_bed_date.	44	1
225	2015-09-19 21:15:14.647073+00	3	FERTILISED / INNOCULATED: Innoculate | DURATION: 20 minutes	1		60	1
226	2015-09-21 21:18:26.207368+00	23	Pisticci --- 2015-09-21	1		48	1
227	2015-09-21 21:18:48.799454+00	23	Pisticci --- 2015-09-18	2	Changed date.	48	1
228	2015-10-16 15:42:44.790616+00	24	Pisticci --- 2015-09-22	1		48	1
229	2015-10-16 15:43:33.603207+00	26	beet greens	1		38	1
230	2015-10-16 15:44:42.284317+00	19	Brassica carinata	1		36	1
231	2015-10-16 15:44:46.459849+00	21	No Preferred Common Name (Brassica carinata)	1		37	1
232	2015-10-16 15:45:01.291822+00	36	No Preferred Common Name (Brassica carinata) var. amara	1		39	1
233	2015-10-16 15:45:19.324226+00	27	mustard greens	1		38	1
234	2015-10-16 15:46:30.47476+00	24	Pisticci --- 2015-09-22	2	Added delivery item "mustard greens (Brassica carinata) var. amara - 1.5 kg".	48	1
235	2015-10-16 15:49:58.542246+00	25	Pisticci - mustard greens (Brassica carinata) var. amara @ 12.0 / kg	1		50	1
236	2015-10-16 15:52:49.017461+00	25	Pisticci --- 2015-09-28	1		48	1
237	2015-10-16 15:54:12.135795+00	26	Pisticci --- 2015-10-16	1		48	1
238	2015-10-16 15:56:57.37941+00	37	lettuce (Lactuca sativa) var. buttercrunch	1		39	1
239	2015-10-16 15:58:03.548975+00	38	lettuce (Lactuca sativa) var. mixed salanova	1		39	1
240	2015-10-16 15:58:36.136177+00	38	lettuce (Lactuca sativa) var. mixed salanova	3		39	1
241	2015-10-16 15:59:02.919794+00	39	lettuce (Lactuca sativa) var. salanova - red butter	1		39	1
242	2015-10-16 15:59:33.994256+00	40	lettuce (Lactuca sativa) var. salanova - red oakleaf	1		39	1
243	2015-10-16 15:59:48.434418+00	41	lettuce (Lactuca sativa) var. salanova - green butter	1		39	1
244	2015-10-16 16:00:14.234555+00	42	lettuce (Lactuca sativa) var. salanova - green oakleaf	1		39	1
245	2015-10-16 16:00:24.561236+00	43	lettuce (Lactuca sativa) var. skyphos	1		39	1
246	2015-10-16 16:01:17.103911+00	44	escarole (Cichorium endivia) var. eros	1		39	1
247	2015-10-16 16:01:30.702858+00	45	radicchio (Cichorium intybus) var. perseo	1		39	1
248	2015-10-16 16:03:17.896589+00	28	endive	1		38	1
249	2015-10-16 16:03:38.478999+00	17	escarole	3		38	1
250	2015-10-16 16:03:45.751829+00	7	endive	3		38	1
251	2015-10-16 16:03:58.614577+00	28	endive / escarole	2	Changed name.	38	1
252	2015-10-16 16:04:40.512256+00	15	radicchio / dandelion	2	Changed name.	38	1
253	2015-10-16 16:07:15.128369+00	26	Pisticci --- 2015-10-02	2	Changed date. Added delivery item "lettuce (Lactuca sativa) var. buttercrunch - 3.0 kg". Added delivery item "lettuce (Lactuca sativa) var. salanova - red butter - 0.6 kg". Added delivery item "lettuce (Lactuca sativa) var. salanova - red oakleaf - 0.6 kg". Added delivery item "lettuce (Lactuca sativa) var. salanova - green butter - 0.6 kg". Added delivery item "lettuce (Lactuca sativa) var. salanova - green oakleaf - 0.6 kg". Added delivery item "lettuce (Lactuca sativa) var. skyphos - 0.6 kg".	48	1
254	2015-10-16 16:08:07.200238+00	26	Pisticci - lettuce (Lactuca sativa) var. buttercrunch @ 5.0 / kg	1		50	1
255	2015-10-16 16:09:29.347038+00	27	Pisticci - lettuce (Lactuca sativa) var. salanova - red butter @ 6.5 / kg	1		50	1
256	2015-10-16 16:09:43.794501+00	28	Pisticci - lettuce (Lactuca sativa) var. salanova - red oakleaf @ 6.5 / kg	1		50	1
257	2015-10-16 16:09:54.996448+00	29	Pisticci - lettuce (Lactuca sativa) var. salanova - green butter @ 6.5 / kg	1		50	1
258	2015-10-16 16:10:15.773644+00	30	Pisticci - lettuce (Lactuca sativa) var. salanova - green oakleaf @ 6.5 / kg	1		50	1
259	2015-10-16 16:10:28.152995+00	31	Pisticci - lettuce (Lactuca sativa) var. skyphos @ 5.0 / kg	1		50	1
260	2015-10-16 16:12:41.228638+00	22	No Preferred Common Name (Brassica oleracea)	1		37	1
261	2015-10-16 16:12:52.315197+00	46	No Preferred Common Name (Brassica oleracea) var. toscano	1		39	1
262	2015-10-16 16:16:13.993743+00	23	No Preferred Common Name (Petroselinum crispum)	1		37	1
263	2015-10-16 16:16:33.030473+00	47	No Preferred Common Name (Petroselinum crispum) var. giant of italy	1		39	1
264	2015-10-16 16:17:14.253522+00	48	parsley (Petroselinum crispum) var. darki	1		39	1
265	2015-10-16 16:18:00.236198+00	27	Pisticci --- 2015-10-09	1		48	1
266	2015-10-16 16:19:26.256626+00	32	Pisticci - parsley (Petroselinum crispum) var. darki @ 9.9 / kg	1		50	1
267	2015-10-16 16:20:17.005269+00	47	parsley (Petroselinum crispum) var. giant of italy	2	Changed crop.	39	1
268	2015-10-16 16:20:25.000607+00	46	No Preferred Common Name (Brassica oleracea) var. toscano	3		39	1
269	2015-10-16 16:21:20.962013+00	15	radicchio	2	Changed name.	38	1
270	2015-10-16 16:21:31.900199+00	24	No Preferred Common Name (Cichorium intybus)	1		37	1
271	2015-10-16 16:21:40.047508+00	29	dandelion	1		38	1
272	2015-10-16 16:21:53.574908+00	25	No Preferred Common Name (Cichorium endivia)	1		37	1
274	2015-10-16 16:22:11.102912+00	28	escarole	2	Changed name.	38	1
275	2015-10-16 16:24:09.365741+00	33	Pisticci - parsley (Petroselinum crispum) var. giant of italy @ 9.9 / kg	1		50	1
276	2015-10-16 16:25:17.01227+00	34	Pisticci - escarole (Cichorium endivia) var. eros @ 7.0 / kg	1		50	1
277	2015-10-16 16:25:30.302045+00	35	Pisticci - radicchio (Cichorium intybus) var. perseo @ 7.0 / kg	1		50	1
278	2015-10-16 16:31:10.718832+00	27	Pisticci --- 2015-10-09	3		48	1
279	2015-10-16 16:31:45.715478+00	28	Pisticci --- 2015-10-16	1		48	1
280	2015-10-16 16:32:29.929417+00	28	Pisticci --- 2015-10-16	2	Added delivery item "lettuce (Lactuca sativa) var. all star gourmet mix - 9.0 kg". Added delivery item "kale (Brassica oleracea) var. Toscano - 1.5 kg".	48	1
281	2015-10-16 16:33:31.280013+00	49	dandelion (Cichorium intybus) var. clio	1		39	1
282	2015-10-16 16:33:59.157643+00	50	endive (Cichorium endivia) var. bianca riccia	1		39	1
283	2015-10-16 16:35:39.784793+00	28	Pisticci --- 2015-10-16	2	Added delivery item "basil (Ocimum basilicum) var. Aroma 2 - 2.5 kg". Added delivery item "lettuce (Lactuca sativa) var. buttercrunch - 9.25 kg". Added delivery item "escarole (Cichorium endivia) var. eros - 1.15 kg". Added delivery item "radicchio (Cichorium intybus) var. perseo - 1.15 kg". Added delivery item "dandelion (Cichorium intybus) var. clio - 1.15 kg". Added delivery item "endive (Cichorium endivia) var. bianca riccia - 1.15 kg". Added delivery item "tomato (Solanum lycopersicum) var. Amish Paste - 10.0 kg". Added delivery item "parsley (Petroselinum crispum) var. darki - 0.25 kg". Added delivery item "parsley (Petroselinum crispum) var. giant of italy - 0.5 kg". Added delivery item "chard (Beta vulgaris) var. Rainbow - 1.5 kg". Added delivery item "lettuce (Lactuca sativa) var. salanova - red butter - 1.5 kg".	48	1
284	2015-10-16 16:36:11.965842+00	36	Pisticci - kale (Brassica oleracea) var. Toscano @ 12.65 / kg	1		50	1
285	2015-10-16 16:36:25.430725+00	37	Pisticci - dandelion (Cichorium intybus) var. clio @ 7.0 / kg	1		50	1
286	2015-10-16 16:36:39.235919+00	38	Pisticci - endive (Cichorium endivia) var. bianca riccia @ 7.0 / kg	1		50	1
287	2015-10-16 16:38:14.385698+00	29	Pisticci --- 2015-10-16	1		48	1
288	2015-12-18 16:31:07.062676+00	51	kale (Brassica oleracea) var. red russian	1		39	1
289	2015-12-18 21:33:34.625885+00	52	spinach (Spinacia oleracea) var. carmel	1		39	1
290	2015-12-18 21:33:58.33835+00	30	Pisticci --- 2015-12-18	1		48	1
291	2015-12-18 21:36:52.233389+00	31	Pisticci --- 2015-12-11	1		48	1
292	2015-12-18 21:39:44.625015+00	32	Pisticci --- 2015-12-04	1		48	1
293	2015-12-18 21:41:27.913335+00	33	Pisticci --- 2015-12-18	1		48	1
294	2015-12-18 21:42:59.560305+00	34	Pisticci --- 2015-11-27	1		48	1
295	2015-12-18 21:44:14.116128+00	28	Pisticci --- 2015-10-09	2	Changed date.	48	1
296	2015-12-18 21:49:06.992093+00	35	Pisticci --- 2015-10-23	1		48	1
297	2015-12-18 21:50:29.935089+00	36	Pisticci --- 2015-10-30	1		48	1
298	2015-12-18 21:51:24.843246+00	37	Pisticci --- 2015-11-06	1		48	1
299	2015-12-18 21:52:41.528111+00	38	Pisticci --- 2015-11-13	1		48	1
300	2015-12-18 21:53:39.087496+00	39	Pisticci --- 2015-11-20	1		48	1
301	2015-12-18 21:57:10.112192+00	39	Pisticci - spinach (Spinacia oleracea) var. carmel @ 8.0 / kg	1		50	1
302	2015-12-18 21:57:43.666532+00	40	Pisticci - kale (Brassica oleracea) var. red russian @ 7.0 / kg	1		50	1
303	2015-12-27 03:41:07.602885+00	2	home	1		15	1
304	2015-12-27 03:41:50.394288+00	2	home	2	Changed _meta_title, slug and keywords.	15	1
305	2015-12-27 03:42:25.376356+00	2	home	3		14	1
306	2015-12-27 03:43:30.331029+00	3	Create	1		15	1
307	2015-12-27 03:44:09.441811+00	4	View	1		15	1
308	2015-12-27 03:44:25.845342+00	5	Analyse	1		15	1
309	2015-12-27 03:45:12.046085+00	6	View / bed records	1		15	1
310	2015-12-27 03:45:49.173576+00	7	View / nursery records	1		15	1
311	2015-12-27 04:33:36.678888+00	3	records	2	Changed title, content and keywords.	15	1
312	2015-12-27 04:33:43.735428+00	4	view	2	Changed title, content and keywords.	15	1
313	2015-12-27 04:33:52.02463+00	5	analyse	2	Changed title, content and keywords.	15	1
314	2015-12-27 04:34:08.726819+00	3	record	2	Changed title, content and keywords.	15	1
315	2015-12-27 04:34:25.740831+00	3	record	2	Changed content, slug and keywords.	15	1
316	2015-12-29 16:43:02.89443+00	10	Amaryllidaceae	1		34	1
317	2015-12-29 16:43:52.112391+00	15	Allium	1		35	1
318	2015-12-29 16:44:26.818652+00	20	Allium sativum	1		36	1
319	2015-12-29 17:02:14.052129+00	26	No Preferred Common Name	1		37	1
320	2015-12-29 17:07:30.227242+00	31	garlic	1		38	1
321	2015-12-29 17:08:00.421442+00	53	Allium sativum var. music	1		39	1
322	2015-12-29 17:08:11.184581+00	54	Allium sativum var. elephant	1		39	1
323	2015-12-29 17:08:24.013382+00	55	Allium sativum var. siberian red	1		39	1
324	2015-12-29 17:08:39.903056+00	56	Allium sativum var. georgian	1		39	1
325	2015-12-29 17:08:49.003639+00	57	Allium sativum var. red german	1		39	1
326	2015-12-29 17:09:06.697722+00	58	Allium sativum var. continental	1		39	1
327	2015-12-29 17:09:16.07738+00	59	Allium sativum var. dominic	1		39	1
328	2015-12-29 17:55:43.562019+00	31	Middle 12	1		44	1
329	2015-12-29 17:56:17.676381+00	32	Middle 12	1		44	1
330	2015-12-29 17:56:50.706615+00	33	Middle 12	1		44	1
331	2015-12-29 17:57:21.249084+00	34	Middle 12	1		44	1
332	2015-12-29 17:57:58.476805+00	34	Middle 12	2	Changed in_bed_date.	44	1
333	2015-12-29 17:58:16.771567+00	33	Middle 12	2	Changed in_bed_date.	44	1
334	2015-12-29 17:58:27.646432+00	32	Middle 12	2	Changed in_bed_date.	44	1
335	2015-12-29 17:58:37.226902+00	31	Middle 12	2	Changed in_bed_date.	44	1
336	2015-12-29 18:17:10.650817+00	35	Middle 11	1		44	1
337	2015-12-29 18:17:57.962781+00	36	Middle 11	1		44	1
338	2015-12-29 18:18:22.237406+00	37	Middle 11	1		44	1
339	2015-12-29 18:18:32.093691+00	37	Middle 11	2	Changed in_bed_date.	44	1
340	2015-12-29 18:21:05.493625+00	9	Batch 2015-09-23	1		40	1
341	2015-12-29 18:21:53.039479+00	9	Batch 2015-09-23	2	Changed recipe.	40	1
342	2015-12-29 18:22:25.741318+00	23	nursery - spinach var. space 2015-09-23 00:00	1		41	1
343	2015-12-29 18:24:36.102721+00	24	nursery - spinach var. space 2015-09-30 00:00	1		41	1
344	2015-12-29 18:26:26.981468+00	38	Greenhouse East 2	1		44	1
345	2015-12-29 18:27:12.121464+00	39	Greenhouse East 3	1		44	1
346	2015-12-29 18:27:33.694924+00	38	Greenhouse East 2	2	Changed out_bed_date.	44	1
347	2015-12-29 18:29:10.006765+00	2	SeederRecord object	1		43	1
348	2015-12-29 18:30:01.802849+00	40	Lower 1	1		44	1
349	2015-12-29 18:58:48.699251+00	41	Middle 7	1		44	1
350	2015-12-29 18:59:23.53889+00	42	Middle 10	1		44	1
437	2016-01-11 15:33:20.926793+00	81	Middle 7	1		44	1
438	2016-01-11 15:34:33.36311+00	44	nursery - lettuce var. skyphos 2015-08-11 00:00	1		41	1
351	2015-12-29 19:04:45.877014+00	10	nursery - basil var. Nufar 2015-05-04 00:00	2	Added pot on record "Potted on basil var. Nufar on 2015-12-29". Changed pot_on_date for pot on record "Potted on basil var. Nufar on 2015-06-26".	41	1
352	2015-12-29 19:04:57.099775+00	12	Middle 5	2	Changed in_bed_date.	44	1
353	2015-12-29 19:18:50.367546+00	13	Middle 5	2	No fields changed.	44	1
354	2015-12-29 19:34:11.814015+00	43	Greenhouse East 4	1		44	1
355	2015-12-29 19:34:36.077946+00	44	Greenhouse East 4	1		44	1
356	2015-12-29 20:27:38.625282+00	22	Middle 9	2	No fields changed.	44	1
357	2015-12-29 20:34:42.777386+00	25	nursery - zucchini var. Costata Romanesco 2015-04-23 00:00	1		41	1
358	2015-12-29 20:38:38.672341+00	45	Lower 1	1		44	1
359	2015-12-29 20:40:39.453034+00	45	Lower 1	2	Changed in_bed_date and out_bed_date.	44	1
360	2015-12-29 20:41:52.78155+00	4	zucchini var. sunburst	2	Changed name.	39	1
361	2015-12-29 20:44:41.027196+00	26	nursery - zucchini var. sunburst 2015-12-29 00:00	1		41	1
362	2015-12-29 20:47:26.589531+00	26	nursery - zucchini var. sunburst 2015-04-23 00:00	2	Changed in_nursery_date. Added pot on record "Potted on zucchini var. sunburst on 2015-12-29".	41	1
363	2015-12-29 20:50:47.163957+00	46	Lower 1	1		44	1
364	2015-12-29 20:50:55.367482+00	45	Lower 1	2	Changed bed_percent.	44	1
365	2015-12-29 20:51:55.796198+00	47	Lower 2	1		44	1
366	2015-12-29 20:54:30.008678+00	27	nursery - zucchini var. Zephyr 2015-04-23 00:00	1		41	1
367	2015-12-29 20:55:24.093849+00	48	Lower 2	1		44	1
368	2015-12-29 20:56:30.744618+00	28	nursery - zucchini var. Safari 2015-06-02 00:00	1		41	1
369	2015-12-29 20:59:04.522938+00	49	Top 7	1		44	1
370	2015-12-29 21:00:03.44721+00	29	nursery - zucchini var. Goldmine 2015-06-02 00:00	1		41	1
371	2015-12-29 21:00:55.799516+00	50	Top 8	1		44	1
372	2015-12-29 21:02:37.975049+00	30	nursery - zucchini var. Slik Pik 2015-06-02 00:00	1		41	1
373	2015-12-29 21:03:51.055499+00	51	Top 9	1		44	1
374	2015-12-29 21:08:07.060644+00	31	nursery - eggplant var. Fairy Tale 2015-04-24 00:00	1		41	1
375	2015-12-29 21:12:35.782976+00	52	Lower 4	1		44	1
376	2015-12-29 21:14:06.846572+00	32	nursery - eggplant var. Beatrice 2015-04-24 00:00	1		41	1
377	2015-12-29 21:15:32.533593+00	53	Lower 5	1		44	1
378	2015-12-29 21:16:57.72913+00	33	nursery - eggplant var. Nadia 2015-04-24 00:00	1		41	1
379	2015-12-29 21:17:59.442736+00	54	Lower 4	1		44	1
380	2015-12-29 21:19:11.132576+00	55	Lower 5	1		44	1
381	2015-12-29 21:27:02.255043+00	60	broccoli rabe var. spigariello liscia	1		39	1
382	2015-12-29 21:34:52.907095+00	21	Brassica oleracea	1		36	1
383	2015-12-29 21:34:57.11451+00	27	No Preferred Common Name Brassica oleracea	1		37	1
384	2015-12-29 21:35:21.593108+00	32	broccoli raab	1		38	1
385	2015-12-29 21:36:15.804251+00	60	broccoli raab var. spigariello liscia	2	Changed crop.	39	1
386	2015-12-29 21:37:34.330306+00	34	nursery - broccoli raab var. spigariello liscia 2015-05-04 00:00	1		41	1
387	2015-12-29 21:38:39.796271+00	56	Middle 1	1		44	1
388	2015-12-29 21:39:48.542786+00	61	broccoli rabe var. sessantina grossa	1		39	1
389	2015-12-29 21:40:40.18014+00	35	nursery - broccoli rabe var. sessantina grossa 2015-05-04 00:00	1		41	1
390	2015-12-29 21:41:43.953588+00	57	Middle 1	1		44	1
391	2015-12-29 21:43:19.508575+00	57	Middle 1	2	Changed bed_percent.	44	1
392	2015-12-29 21:43:26.613726+00	56	Middle 1	2	Changed bed_percent.	44	1
393	2015-12-29 21:44:40.081918+00	36	nursery - broccoli rabe var. Spring Raab 2015-05-04 00:00	1		41	1
394	2015-12-29 21:44:54.239933+00	35	nursery - broccoli rabe var. sessantina grossa 2015-05-04 00:00	2	Added pot on record "Potted on broccoli rabe var. sessantina grossa on 2015-12-29". Deleted pot on record "Potted on broccoli rabe var. sessantina grossa on 2015-05-26".	41	1
395	2015-12-29 21:46:09.830633+00	58	Middle 1	1		44	1
396	2015-12-29 21:50:13.653359+00	59	Middle 2	1		44	1
397	2015-12-29 21:54:18.452224+00	27	Greenhouse West 3	2	Changed out_bed_date.	44	1
398	2015-12-29 21:56:05.800825+00	37	nursery - kale var. Toscano 2015-09-24 00:00	1		41	1
399	2015-12-29 21:57:02.762736+00	60	Middle 3	1		44	1
400	2015-12-29 21:57:40.477677+00	61	Middle 4	1		44	1
401	2015-12-29 21:58:10.924081+00	62	Middle 5	1		44	1
402	2015-12-29 21:58:41.037494+00	63	Middle 6	1		44	1
403	2015-12-29 21:59:22.467945+00	64	Middle 9	1		44	1
404	2015-12-29 21:59:51.405405+00	63	Middle 6	2	Changed nursery_record.	44	1
405	2015-12-29 22:00:03.425822+00	62	Middle 5	2	Changed nursery_record.	44	1
406	2015-12-29 22:01:56.666701+00	38	nursery - kale var. red russian 2015-09-24 00:00	1		41	1
407	2015-12-29 22:04:24.839072+00	65	Greenhouse East 4	1		44	1
408	2015-12-29 22:06:36.773128+00	65	Greenhouse East 4	2	Changed in_bed_date and out_bed_date.	44	1
409	2015-12-29 22:07:54.687937+00	66	Greenhouse East 1	1		44	1
410	2016-01-11 15:05:41.469983+00	3	EW --- lettuce	1		43	1
411	2016-01-11 15:06:41.895702+00	67	Middle 3	1		44	1
412	2016-01-11 15:07:03.636409+00	67	Middle 3	2	Changed out_bed_date.	44	1
413	2016-01-11 15:08:16.585741+00	68	Top 2	1		44	1
414	2016-01-11 15:08:53.64129+00	69	Top 4	1		44	1
415	2016-01-11 15:09:34.648861+00	70	Top 5	1		44	1
416	2016-01-11 15:10:33.096565+00	71	Middle 3	1		44	1
417	2016-01-11 15:12:00.699162+00	39	nursery - lettuce var. buttercrunch 2015-08-10 00:00	1		41	1
418	2016-01-11 15:14:01.143779+00	72	Middle 1	1		44	1
419	2016-01-11 15:15:58.247154+00	73	Middle 10	1		44	1
420	2016-01-11 15:16:22.700684+00	72	Middle 1	2	Changed rows and spacing_in.	44	1
421	2016-01-11 15:18:20.496291+00	40	nursery - lettuce var. salanova - red butter 2015-08-11 00:00	1		41	1
422	2016-01-11 15:19:32.190015+00	74	Middle 1	1		44	1
423	2016-01-11 15:20:18.882792+00	75	Middle 7	1		44	1
424	2016-01-11 15:22:10.205976+00	74	Middle 1	2	Changed bed_percent.	44	1
425	2016-01-11 15:22:19.687682+00	75	Middle 7	2	Changed bed_percent.	44	1
426	2016-01-11 15:22:48.358841+00	74	Middle 1	2	Changed rows and spacing_in.	44	1
427	2016-01-11 15:23:16.121157+00	74	Middle 1	2	Changed rows and spacing_in.	44	1
428	2016-01-11 15:23:30.053346+00	75	Middle 7	2	Changed rows.	44	1
429	2016-01-11 15:24:23.838374+00	41	nursery - lettuce var. salanova - red oakleaf 2015-08-11 00:00	1		41	1
430	2016-01-11 15:25:27.424248+00	76	Middle 1	1		44	1
431	2016-01-11 15:25:54.723396+00	77	Middle 7	1		44	1
432	2016-01-11 15:29:47.699813+00	42	nursery - lettuce var. salanova - green butter 2015-08-11 00:00	1		41	1
433	2016-01-11 15:30:48.372276+00	78	Middle 1	1		44	1
434	2016-01-11 15:31:21.626188+00	79	Middle 7	1		44	1
435	2016-01-11 15:32:04.578826+00	43	nursery - lettuce var. salanova - green oakleaf 2015-08-11 00:00	1		41	1
436	2016-01-11 15:32:46.158143+00	80	Middle 1	1		44	1
439	2016-01-11 15:39:27.822585+00	82	Middle 1	1		44	1
440	2016-01-11 15:40:07.645635+00	83	Middle 10	1		44	1
441	2016-01-11 15:42:19.928722+00	84	Top 3	1		44	1
442	2016-01-11 15:43:26.320454+00	85	Top 4	1		44	1
443	2016-01-11 15:46:07.188776+00	86	Middle 6	1		44	1
444	2016-01-11 15:47:15.261205+00	87	Middle 7	1		44	1
445	2016-01-11 15:48:19.050826+00	88	Top 2	1		44	1
446	2016-01-11 15:55:28.516518+00	89	Top 7	1		44	1
447	2016-01-11 15:56:12.049036+00	90	Top 8	1		44	1
448	2016-01-11 15:56:38.941186+00	91	Top 9	1		44	1
449	2016-01-11 16:01:45.679584+00	92	Middle 4	1		44	1
450	2016-01-11 16:02:58.967197+00	93	Middle 3	1		44	1
451	2016-01-11 16:03:48.010129+00	94	Top 4	1		44	1
452	2016-01-11 16:04:49.592585+00	95	Top 5	1		44	1
453	2016-01-11 16:05:20.627968+00	94	Top 4	2	Changed rows and spacing_in.	44	1
454	2016-01-11 16:06:22.401708+00	96	Middle 1	1		44	1
455	2016-01-11 16:06:54.42327+00	97	Middle 2	1		44	1
456	2016-01-11 16:08:29.82139+00	98	Top 2	1		44	1
457	2016-01-11 16:10:38.16132+00	99	Lower 1	1		44	1
458	2016-01-11 16:11:33.144788+00	100	Lower 2	1		44	1
459	2016-01-11 16:18:42.707478+00	101	Top 7	1		44	1
460	2016-01-11 16:22:36.640185+00	102	Middle 10	1		44	1
461	2016-01-11 16:23:02.862509+00	103	Middle 12	1		44	1
462	2016-01-11 16:23:48.548031+00	104	Top 5	1		44	1
463	2016-01-11 16:24:14.855737+00	105	Top 6	1		44	1
464	2016-01-11 16:25:10.627127+00	106	Middle 6	1		44	1
465	2016-01-11 16:25:50.406289+00	107	Middle 7	1		44	1
466	2016-01-11 16:26:40.476719+00	108	Lower 1	1		44	1
467	2016-01-11 16:27:08.188601+00	109	Lower 2	1		44	1
468	2016-01-11 16:27:41.563836+00	110	Middle 12	1		44	1
469	2016-01-11 16:28:17.567894+00	111	Top 5	1		44	1
470	2016-01-11 16:28:51.842002+00	112	Top 6	1		44	1
471	2016-01-11 16:29:20.082118+00	113	Middle 9	1		44	1
472	2016-01-11 16:32:44.616229+00	114	Lower 4	1		44	1
473	2016-01-11 16:33:36.936421+00	115	Lower 5	1		44	1
474	2016-01-11 16:35:25.79198+00	116	Lower 6	1		44	1
475	2016-01-11 16:36:06.212845+00	117	Middle 1	1		44	1
476	2016-01-11 16:36:44.591124+00	118	Middle 2	1		44	1
477	2016-01-11 16:39:35.667857+00	119	Greenhouse West 6	1		44	1
478	2016-01-11 16:40:10.69767+00	120	Greenhouse West 1	1		44	1
479	2016-01-11 16:40:41.032144+00	121	Greenhouse West 7	1		44	1
480	2016-01-11 16:46:58.589444+00	4	EW --- chard	1		43	1
481	2016-01-11 16:47:06.898188+00	122	Middle 10	1		44	1
482	2016-01-11 16:48:13.737441+00	62	beet greens var. bulls blood	1		39	1
483	2016-01-11 16:48:24.908537+00	123	Middle 5	1		44	1
484	2016-01-11 16:56:40.916348+00	124	Top 9	1		44	1
485	2016-01-11 17:01:49.259088+00	125	Middle 4	1		44	1
486	2016-01-11 17:02:06.465295+00	126	Middle 4	1		44	1
487	2016-01-11 17:03:21.059764+00	127	Middle 1	1		44	1
488	2016-01-11 17:04:10.723369+00	128	Middle 2	1		44	1
489	2016-01-11 17:05:16.774537+00	45	nursery - chard var. Rainbow 2015-08-28 00:00	1		41	1
490	2016-01-11 17:07:45.916008+00	45	nursery - chard var. Rainbow 2015-08-28 00:00	3		41	1
491	2016-01-11 17:09:31.949609+00	63	chard var. bright lights	1		39	1
492	2016-01-11 17:10:06.394723+00	129	Top 1	1		44	1
493	2016-01-11 17:11:29.182496+00	5	GL --- large bore	1		43	1
494	2016-01-11 17:11:31.215913+00	130	Top 2	1		44	1
495	2016-01-11 17:12:16.253377+00	129	Top 2	2	Changed bed and seeder.	44	1
496	2016-01-11 17:12:36.46293+00	130	Top 3	2	Changed bed.	44	1
497	2016-01-11 17:13:43.94347+00	46	nursery - parsley var. giant of italy 2015-08-11 00:00	1		41	1
498	2016-01-11 17:15:00.650908+00	131	Greenhouse East 1	1		44	1
499	2016-01-11 17:17:55.643732+00	47	nursery - parsley var. darki 2015-08-11 00:00	1		41	1
500	2016-01-11 17:19:50.040634+00	132	Greenhouse East 1	1		44	1
501	2016-01-11 22:35:20.290219+00	48	nursery - escarole var. eros 2015-08-11 00:00	1		41	1
502	2016-01-11 22:36:47.395924+00	133	Middle 1	1		44	1
503	2016-01-11 22:37:51.612802+00	134	Middle 10	1		44	1
504	2016-01-11 22:39:30.704627+00	49	nursery - radicchio var. perseo 2015-08-11 00:00	1		41	1
505	2016-01-11 22:40:19.998522+00	135	Middle 1	1		44	1
506	2016-01-11 22:40:59.293758+00	136	Middle 10	1		44	1
507	2016-01-11 22:41:48.478608+00	50	nursery - endive var. bianca riccia 2015-08-11 00:00	1		41	1
508	2016-01-11 22:42:25.63938+00	137	Middle 1	1		44	1
509	2016-01-11 22:42:57.233004+00	138	Middle 10	1		44	1
510	2016-01-11 22:43:38.267524+00	51	nursery - dandelion var. clio 2015-08-11 00:00	1		41	1
511	2016-01-11 22:44:11.56698+00	139	Middle 1	1		44	1
512	2016-01-11 22:44:34.704789+00	140	Middle 10	1		44	1
513	2016-01-11 22:45:45.399395+00	141	Middle 7	1		44	1
514	2016-01-11 22:45:57.086862+00	142	Middle 7	1		44	1
515	2016-01-11 22:46:40.648883+00	143	Middle 8	1		44	1
516	2016-01-11 22:47:51.333421+00	144	Lower 2	1		44	1
517	2016-01-11 22:48:54.729953+00	52	nursery - endive var. bianca riccia 2015-10-14 00:00	1		41	1
518	2016-01-11 22:50:53.930393+00	145	Greenhouse West 6	1		44	1
519	2016-01-11 22:51:37.294118+00	53	nursery - dandelion var. clio 2015-10-14 00:00	1		41	1
520	2016-01-11 22:52:24.982637+00	146	Greenhouse West 2	1		44	1
521	2016-01-11 22:53:02.06647+00	54	nursery - radicchio var. perseo 2015-10-14 00:00	1		41	1
522	2016-01-11 22:53:54.413312+00	147	Greenhouse West 6	1		44	1
523	2016-01-11 22:54:30.348453+00	55	nursery - escarole var. eros 2015-10-14 00:00	1		41	1
524	2016-01-11 22:56:14.921589+00	148	Greenhouse West 2	1		44	1
525	2016-01-11 22:56:36.986349+00	147	Greenhouse West 6	2	Changed bed_percent.	44	1
526	2016-01-11 22:56:53.288023+00	146	Greenhouse West 2	2	Changed bed_percent.	44	1
527	2016-01-11 22:57:23.381985+00	145	Greenhouse West 6	2	Changed bed_percent.	44	1
528	2016-01-11 22:58:56.460584+00	146	Greenhouse West 2	2	Changed in_bed_date.	44	1
529	2016-01-11 22:59:37.46245+00	145	Greenhouse West 6	2	Changed in_bed_date.	44	1
530	2016-01-11 22:59:57.565416+00	147	Greenhouse West 6	2	Changed in_bed_date.	44	1
531	2016-01-11 23:00:31.511343+00	148	Greenhouse West 2	2	Changed in_bed_date.	44	1
532	2016-01-11 23:01:25.266485+00	145	Greenhouse West 6	2	Changed nursery_record.	44	1
533	2016-01-11 23:03:36.343378+00	64	lettuce var. salanova - sweet crisp	1		39	1
534	2016-01-11 23:04:48.208302+00	10	Batch 2016-01-11	1		40	1
535	2016-01-11 23:05:10.274468+00	56	nursery - lettuce var. salanova - sweet crisp 2015-11-09 00:00	1		41	1
536	2016-01-11 23:06:25.014091+00	149	Greenhouse West 3	1		44	1
537	2016-01-11 23:06:53.338056+00	65	lettuce var. salanova - red sweet crisp	1		39	1
538	2016-01-11 23:07:17.819179+00	57	nursery - lettuce var. salanova - red sweet crisp 2015-11-09 00:00	1		41	1
539	2016-01-11 23:07:31.25953+00	64	lettuce var. salanova - green sweet crisp	2	Changed name.	39	1
540	2016-01-11 23:07:49.950148+00	10	Batch 2015-11-09	2	Changed created.	40	1
541	2016-01-11 23:09:19.174681+00	150	Greenhouse West 3	1		44	1
542	2016-01-11 23:09:39.326086+00	149	Greenhouse West 3	2	Changed in_bed_date.	44	1
543	2016-01-11 23:11:01.628585+00	66	lettuce var. salanova - green incised	1		39	1
544	2016-01-11 23:11:15.246971+00	58	nursery - lettuce var. salanova - green incised 2016-01-11 00:00	1		41	1
545	2016-01-11 23:12:02.216771+00	151	Greenhouse West 3	1		44	1
546	2016-01-11 23:12:54.948958+00	67	lettuce var. salanova - red incised	1		39	1
547	2016-01-11 23:13:12.171965+00	59	nursery - lettuce var. salanova - red incised 2015-11-09 00:00	1		41	1
548	2016-01-11 23:18:35.336102+00	152	Greenhouse West 2	1		44	1
549	2016-01-11 23:19:24.546508+00	60	nursery - lettuce var. salanova - green oakleaf 2015-11-09 00:00	1		41	1
550	2016-01-11 23:20:06.072573+00	153	Greenhouse West 2	1		44	1
551	2016-01-11 23:23:23.663251+00	61	nursery - lettuce var. salanova - red oakleaf 2015-11-09 00:00	1		41	1
552	2016-01-11 23:25:43.873414+00	154	Greenhouse West 5	1		44	1
553	2016-01-11 23:26:16.106544+00	62	nursery - lettuce var. salanova - green butter 2015-11-09 00:00	1		41	1
554	2016-01-11 23:26:51.319698+00	155	Greenhouse West 5	1		44	1
555	2016-01-11 23:27:18.964129+00	63	nursery - lettuce var. salanova - red butter 2015-11-09 00:00	1		41	1
556	2016-01-11 23:27:56.471506+00	156	Greenhouse West 5	1		44	1
557	2016-01-11 23:33:19.705902+00	64	nursery - lettuce var. salanova - green sweet crisp 2015-12-15 00:00	1		41	1
558	2016-01-11 23:33:42.802456+00	65	nursery - lettuce var. salanova - red sweet crisp 2015-12-15 00:00	1		41	1
559	2016-01-11 23:34:03.304128+00	66	nursery - lettuce var. salanova - red incised 2016-01-11 00:00	1		41	1
560	2016-01-11 23:34:33.512488+00	67	nursery - lettuce var. salanova - green oakleaf 2015-12-15 00:00	1		41	1
561	2016-01-11 23:34:51.634583+00	66	nursery - lettuce var. salanova - red incised 2015-12-15 00:00	2	Changed in_nursery_date. Added pot on record "Potted on lettuce var. salanova - red incised on 2016-01-11".	41	1
562	2016-01-11 23:35:40.4532+00	68	nursery - lettuce var. salanova - red butter 2015-12-15 00:00	1		41	1
563	2016-01-11 23:36:01.040357+00	69	nursery - lettuce var. salanova - red butter 2015-12-15 00:00	1		41	1
564	2016-01-11 23:36:21.208448+00	70	nursery - lettuce var. salanova - red oakleaf 2015-12-15 00:00	1		41	1
565	2016-01-11 23:36:40.023574+00	71	nursery - lettuce var. salanova - green butter 2015-12-15 00:00	1		41	1
566	2016-01-11 23:37:39.654187+00	72	nursery - dandelion var. clio 2015-12-21 00:00	1		41	1
567	2016-01-11 23:38:08.777692+00	73	nursery - escarole var. eros 2015-12-21 00:00	1		41	1
568	2016-01-11 23:41:37.208449+00	74	nursery - dandelion var. clio 2015-11-09 00:00	1		41	1
569	2016-01-11 23:41:54.829241+00	75	nursery - escarole var. eros 2015-11-09 00:00	1		41	1
570	2016-01-11 23:42:23.325168+00	68	lettuce var. 5 star mix	1		39	1
571	2016-01-11 23:42:38.361378+00	76	nursery - lettuce var. 5 star mix 2015-11-09 00:00	1		41	1
572	2016-01-11 23:43:32.256857+00	157	Greenhouse West 6	1		44	1
573	2016-01-11 23:44:08.513402+00	158	Greenhouse West 6	1		44	1
574	2016-01-11 23:45:03.757548+00	159	Greenhouse West 6	1		44	1
575	2016-01-12 14:55:31.147447+00	40	Pisticci --- 2015-12-23	1		48	1
576	2016-01-12 14:56:13.763217+00	40	Pisticci --- 2015-12-23	2	Added delivery item "dandelion var. clio - 0.5 kg". Added delivery item "radicchio var. perseo - 0.5 kg".	48	1
577	2016-01-12 15:00:14.096909+00	40	Greenhouse West 8	1		33	1
578	2016-01-12 15:01:05.843672+00	160	Greenhouse West 8	1		44	1
579	2016-01-12 15:01:38.552983+00	161	Greenhouse West 7	1		44	1
580	2016-01-12 15:02:36.176366+00	162	Greenhouse East 3	1		44	1
581	2016-01-12 15:12:05.842634+00	41	Pisticci --- 2016-12-29	1		48	1
582	2016-01-12 15:13:08.550076+00	41	Pisticci - lettuce var. 5 star mix @ 6.23 / kg	1		50	1
\.


--
-- Name: django_admin_log_id_seq; Type: SEQUENCE SET; Schema: public; Owner: data_garden
--

SELECT pg_catalog.setval('django_admin_log_id_seq', 582, true);


--
-- Data for Name: django_comment_flags; Type: TABLE DATA; Schema: public; Owner: data_garden
--

COPY django_comment_flags (id, flag, flag_date, comment_id, user_id) FROM stdin;
\.


--
-- Name: django_comment_flags_id_seq; Type: SEQUENCE SET; Schema: public; Owner: data_garden
--

SELECT pg_catalog.setval('django_comment_flags_id_seq', 1, false);


--
-- Data for Name: django_comments; Type: TABLE DATA; Schema: public; Owner: data_garden
--

COPY django_comments (id, object_pk, user_name, user_email, user_url, comment, submit_date, ip_address, is_public, is_removed, content_type_id, site_id, user_id) FROM stdin;
\.


--
-- Name: django_comments_id_seq; Type: SEQUENCE SET; Schema: public; Owner: data_garden
--

SELECT pg_catalog.setval('django_comments_id_seq', 1, false);


--
-- Data for Name: django_content_type; Type: TABLE DATA; Schema: public; Owner: data_garden
--

COPY django_content_type (id, app_label, model) FROM stdin;
1	auth	permission
2	auth	group
3	auth	user
4	contenttypes	contenttype
5	redirects	redirect
6	sessions	session
7	sites	site
8	conf	setting
9	core	sitepermission
10	generic	threadedcomment
11	generic	keyword
12	generic	assignedkeyword
13	generic	rating
14	pages	page
15	pages	richtextpage
16	pages	link
17	blog	blogpost
18	blog	blogcategory
19	forms	form
20	forms	field
21	forms	formentry
22	forms	fieldentry
23	galleries	gallery
24	galleries	galleryimage
25	twitter	query
26	twitter	tweet
27	polls	question
28	polls	choice
29	grow_records	areauom
30	grow_records	site
31	grow_records	bedset
32	grow_records	lengthuom
33	grow_records	bed
34	grow_records	family
35	grow_records	genus
36	grow_records	species
37	grow_records	crop
38	grow_records	commonname
39	grow_records	variety
40	grow_records	soilmediumbatch
41	grow_records	nurseryrecord
42	grow_records	potonrecord
43	grow_records	seederrecord
44	grow_records	bedrecord
45	grow_records	yielduom
46	grow_records	harvestrecord
47	grow_records	buyer
48	grow_records	deliveryrecord
49	grow_records	varietyprice
50	grow_records	buyervarietyprice
51	grow_records	deliveryitem
52	admin	logentry
53	django_comments	comment
54	django_comments	commentflag
55	grow_records	location
56	grow_records	plantrecord
57	grow_records	tool
58	grow_records	action
59	grow_records	plantinteraction
60	grow_records	fertiliseinnoculate
61	grow_records	protect
62	grow_records	bedinteraction
63	grow_records	ammendinnoculate
64	grow_records	supplier
65	grow_records	input
66	address	country
67	address	state
68	address	locality
69	address	address
\.


--
-- Name: django_content_type_id_seq; Type: SEQUENCE SET; Schema: public; Owner: data_garden
--

SELECT pg_catalog.setval('django_content_type_id_seq', 69, true);


--
-- Data for Name: django_migrations; Type: TABLE DATA; Schema: public; Owner: data_garden
--

COPY django_migrations (id, app, name, applied) FROM stdin;
1	contenttypes	0001_initial	2015-08-21 19:49:13.315727+00
2	auth	0001_initial	2015-08-21 19:49:13.398466+00
3	admin	0001_initial	2015-08-21 19:49:13.429952+00
4	contenttypes	0002_remove_content_type_name	2015-08-21 19:49:13.487196+00
5	auth	0002_alter_permission_name_max_length	2015-08-21 19:49:13.511345+00
6	auth	0003_alter_user_email_max_length	2015-08-21 19:49:13.541625+00
7	auth	0004_alter_user_username_opts	2015-08-21 19:49:13.564689+00
8	auth	0005_alter_user_last_login_null	2015-08-21 19:49:13.583677+00
9	auth	0006_require_contenttypes_0002	2015-08-21 19:49:13.585934+00
10	sites	0001_initial	2015-08-21 19:49:13.597948+00
11	blog	0001_initial	2015-08-21 19:49:13.674756+00
12	blog	0002_auto_20150527_1555	2015-08-21 19:49:13.704362+00
13	conf	0001_initial	2015-08-21 19:49:13.743063+00
14	core	0001_initial	2015-08-21 19:49:13.788492+00
15	core	0002_auto_20150414_2140	2015-08-21 19:49:13.867684+00
16	django_comments	0001_initial	2015-08-21 19:49:13.991824+00
17	django_comments	0002_update_user_email_field_length	2015-08-21 19:49:14.038441+00
18	pages	0001_initial	2015-08-21 19:49:14.171532+00
19	forms	0001_initial	2015-08-21 19:49:14.651017+00
20	forms	0002_auto_20141227_0224	2015-08-21 19:49:14.701027+00
21	forms	0003_emailfield	2015-08-21 19:49:14.760078+00
22	forms	0004_auto_20150517_0510	2015-08-21 19:49:14.814977+00
23	galleries	0001_initial	2015-08-21 19:49:14.944426+00
24	galleries	0002_auto_20141227_0224	2015-08-21 19:49:15.006325+00
25	generic	0001_initial	2015-08-21 19:49:15.355154+00
26	generic	0002_auto_20141227_0224	2015-08-21 19:49:15.419653+00
27	grow_records	0001_initial	2015-08-21 19:49:15.422471+00
28	grow_records	0002_auto_20150811_1953	2015-08-21 19:49:16.809568+00
29	grow_records	0003_auto_20150812_1751	2015-08-21 19:49:17.130162+00
30	grow_records	0004_auto_20150812_1821	2015-08-21 19:49:17.284977+00
31	grow_records	0005_commonname_preferred	2015-08-21 19:49:17.341886+00
32	grow_records	0006_crop_common_name	2015-08-21 19:49:17.398322+00
33	grow_records	0007_auto_20150812_1914	2015-08-21 19:49:17.765532+00
34	grow_records	0008_auto_20150814_1752	2015-08-21 19:49:17.894628+00
35	grow_records	0009_auto_20150814_1838	2015-08-21 19:49:17.94389+00
36	grow_records	0010_auto_20150816_1213	2015-08-21 19:49:18.112997+00
37	grow_records	0011_auto_20150816_1222	2015-08-21 19:49:18.43327+00
38	grow_records	0012_auto_20150820_1431	2015-08-21 19:49:19.577146+00
39	grow_records	0013_remove_crop_name	2015-08-21 19:49:19.627265+00
40	grow_records	0014_auto_20150820_1934	2015-08-21 19:49:20.208145+00
41	grow_records	0015_auto_20150821_1233	2015-08-21 19:49:20.31702+00
42	grow_records	0016_auto_20150821_1302	2015-08-21 19:49:20.779291+00
43	grow_records	0017_auto_20150821_1316	2015-08-21 19:49:21.265111+00
44	pages	0002_auto_20141227_0224	2015-08-21 19:49:21.423491+00
45	pages	0003_auto_20150527_1555	2015-08-21 19:49:21.509929+00
46	polls	0001_initial	2015-08-21 19:49:21.590364+00
47	redirects	0001_initial	2015-08-21 19:49:21.688899+00
48	sessions	0001_initial	2015-08-21 19:49:21.711075+00
49	twitter	0001_initial	2015-08-21 19:49:21.770537+00
50	grow_records	0018_auto_20150826_1651	2015-08-26 20:53:05.614041+00
51	address	0001_initial	2015-09-16 21:55:24.778709+00
52	grow_records	0019_auto_20150828_1857	2015-09-16 21:55:25.377431+00
53	grow_records	0020_fertiliseinnoculate_recipe	2015-09-16 21:55:25.465707+00
54	grow_records	0021_auto_20150828_1916	2015-09-16 21:55:25.851546+00
55	grow_records	0022_ammendinnoculate_recipe	2015-09-16 21:55:25.940582+00
56	grow_records	0023_auto_20150828_2132	2015-09-16 21:55:26.125807+00
57	grow_records	0024_auto_20150828_2132	2015-09-16 21:55:26.281539+00
58	grow_records	0025_auto_20150829_1936	2015-09-16 21:55:26.380671+00
59	grow_records	0026_auto_20150829_1937	2015-09-16 21:55:26.4761+00
60	grow_records	0027_auto_20150829_1946	2015-09-16 21:55:26.702003+00
61	grow_records	0028_auto_20150829_1950	2015-09-16 21:55:26.737384+00
62	grow_records	0029_remove_supplier_address	2015-09-16 21:55:26.783929+00
63	grow_records	0030_auto_20150919_1609	2015-09-19 21:13:16.436802+00
64	grow_records	0031_auto_20150919_1610	2015-09-19 21:13:16.609443+00
\.


--
-- Name: django_migrations_id_seq; Type: SEQUENCE SET; Schema: public; Owner: data_garden
--

SELECT pg_catalog.setval('django_migrations_id_seq', 64, true);


--
-- Data for Name: django_redirect; Type: TABLE DATA; Schema: public; Owner: data_garden
--

COPY django_redirect (id, site_id, old_path, new_path) FROM stdin;
\.


--
-- Name: django_redirect_id_seq; Type: SEQUENCE SET; Schema: public; Owner: data_garden
--

SELECT pg_catalog.setval('django_redirect_id_seq', 1, false);


--
-- Data for Name: django_session; Type: TABLE DATA; Schema: public; Owner: data_garden
--

COPY django_session (session_key, session_data, expire_date) FROM stdin;
\.


--
-- Data for Name: django_site; Type: TABLE DATA; Schema: public; Owner: data_garden
--

COPY django_site (id, domain, name) FROM stdin;
1	localhost	Default
2	.theblackmarket.org.au	
3	72.14.178.8	
\.


--
-- Name: django_site_id_seq; Type: SEQUENCE SET; Schema: public; Owner: data_garden
--

SELECT pg_catalog.setval('django_site_id_seq', 3, true);


--
-- Data for Name: forms_field; Type: TABLE DATA; Schema: public; Owner: data_garden
--

COPY forms_field (id, _order, label, field_type, required, visible, choices, "default", placeholder_text, help_text, form_id) FROM stdin;
\.


--
-- Name: forms_field_id_seq; Type: SEQUENCE SET; Schema: public; Owner: data_garden
--

SELECT pg_catalog.setval('forms_field_id_seq', 1, false);


--
-- Data for Name: forms_fieldentry; Type: TABLE DATA; Schema: public; Owner: data_garden
--

COPY forms_fieldentry (id, field_id, value, entry_id) FROM stdin;
\.


--
-- Name: forms_fieldentry_id_seq; Type: SEQUENCE SET; Schema: public; Owner: data_garden
--

SELECT pg_catalog.setval('forms_fieldentry_id_seq', 1, false);


--
-- Data for Name: forms_form; Type: TABLE DATA; Schema: public; Owner: data_garden
--

COPY forms_form (page_ptr_id, content, button_text, response, send_email, email_from, email_copies, email_subject, email_message) FROM stdin;
\.


--
-- Data for Name: forms_formentry; Type: TABLE DATA; Schema: public; Owner: data_garden
--

COPY forms_formentry (id, entry_time, form_id) FROM stdin;
\.


--
-- Name: forms_formentry_id_seq; Type: SEQUENCE SET; Schema: public; Owner: data_garden
--

SELECT pg_catalog.setval('forms_formentry_id_seq', 1, false);


--
-- Data for Name: galleries_gallery; Type: TABLE DATA; Schema: public; Owner: data_garden
--

COPY galleries_gallery (page_ptr_id, content, zip_import) FROM stdin;
\.


--
-- Data for Name: galleries_galleryimage; Type: TABLE DATA; Schema: public; Owner: data_garden
--

COPY galleries_galleryimage (id, _order, file, description, gallery_id) FROM stdin;
\.


--
-- Name: galleries_galleryimage_id_seq; Type: SEQUENCE SET; Schema: public; Owner: data_garden
--

SELECT pg_catalog.setval('galleries_galleryimage_id_seq', 1, false);


--
-- Data for Name: generic_assignedkeyword; Type: TABLE DATA; Schema: public; Owner: data_garden
--

COPY generic_assignedkeyword (id, _order, object_pk, content_type_id, keyword_id) FROM stdin;
\.


--
-- Name: generic_assignedkeyword_id_seq; Type: SEQUENCE SET; Schema: public; Owner: data_garden
--

SELECT pg_catalog.setval('generic_assignedkeyword_id_seq', 1, false);


--
-- Data for Name: generic_keyword; Type: TABLE DATA; Schema: public; Owner: data_garden
--

COPY generic_keyword (id, title, slug, site_id) FROM stdin;
\.


--
-- Name: generic_keyword_id_seq; Type: SEQUENCE SET; Schema: public; Owner: data_garden
--

SELECT pg_catalog.setval('generic_keyword_id_seq', 1, false);


--
-- Data for Name: generic_rating; Type: TABLE DATA; Schema: public; Owner: data_garden
--

COPY generic_rating (id, value, rating_date, object_pk, content_type_id, user_id) FROM stdin;
\.


--
-- Name: generic_rating_id_seq; Type: SEQUENCE SET; Schema: public; Owner: data_garden
--

SELECT pg_catalog.setval('generic_rating_id_seq', 1, false);


--
-- Data for Name: generic_threadedcomment; Type: TABLE DATA; Schema: public; Owner: data_garden
--

COPY generic_threadedcomment (comment_ptr_id, rating_count, rating_sum, rating_average, by_author, replied_to_id) FROM stdin;
\.


--
-- Data for Name: grow_records_action; Type: TABLE DATA; Schema: public; Owner: data_garden
--

COPY grow_records_action (id, start_time, end_time, description) FROM stdin;
1	2015-09-16 21:57:22+00	2015-09-16 22:05:23+00	worked on records app
2	2015-09-16 16:00:00+00	2015-09-16 16:30:00+00	broadcast ~ 1 L / bed
3	2015-09-19 21:14:31+00	2015-09-19 21:34:33+00	Innoculate
\.


--
-- Name: grow_records_action_id_seq; Type: SEQUENCE SET; Schema: public; Owner: data_garden
--

SELECT pg_catalog.setval('grow_records_action_id_seq', 3, true);


--
-- Data for Name: grow_records_ammendinnoculate; Type: TABLE DATA; Schema: public; Owner: data_garden
--

COPY grow_records_ammendinnoculate (bedinteraction_ptr_id, recipe) FROM stdin;
2	Pro-Gro
\.


--
-- Data for Name: grow_records_areauom; Type: TABLE DATA; Schema: public; Owner: data_garden
--

COPY grow_records_areauom (id, unit) FROM stdin;
\.


--
-- Name: grow_records_areauom_id_seq; Type: SEQUENCE SET; Schema: public; Owner: data_garden
--

SELECT pg_catalog.setval('grow_records_areauom_id_seq', 1, false);


--
-- Data for Name: grow_records_bed; Type: TABLE DATA; Schema: public; Owner: data_garden
--

COPY grow_records_bed (id, name, width, length, "length_UOM_id", site_id, "width_UOM_id", bed_set_id) FROM stdin;
1	11	30	12	2	1	1	1
2	10	30	12	2	1	1	1
3	12	30	10	2	1	1	1
4	1	30	20	2	1	1	1
5	3	30	20	2	1	1	1
6	2	30	20	2	1	1	1
7	5	30	18	2	1	1	1
8	4	30	18	2	1	1	1
9	7	30	16	2	1	1	1
10	6	30	16	2	1	1	1
11	9	30	14	2	1	1	1
12	8	30	14	2	1	1	1
13	1	30	40	2	1	1	2
14	3	30	40	2	1	1	2
15	2	30	40	2	1	1	2
16	5	30	40	2	1	1	2
17	4	30	40	2	1	1	2
18	1	30	60	2	1	1	3
19	3	30	60	2	1	1	3
20	2	30	60	2	1	1	3
21	5	30	60	2	1	1	3
22	4	30	60	2	1	1	3
23	1	30	20	2	1	1	4
24	3	30	20	2	1	1	4
25	2	30	20	2	1	1	4
26	5	30	20	2	1	1	4
27	4	30	20	2	1	1	4
28	7	30	20	2	1	1	4
29	6	30	20	2	1	1	4
30	9	30	20	2	1	1	4
31	8	30	20	2	1	1	4
32	1	30	30	2	1	1	5
33	3	30	30	2	1	1	5
34	2	30	30	2	1	1	5
35	5	30	30	2	1	1	5
36	4	30	25	2	1	1	5
37	7	30	30	2	1	1	5
38	6	30	30	2	1	1	5
39	6	30	40	2	1	1	2
40	8	29	30	2	1	1	5
\.


--
-- Name: grow_records_bed_id_seq; Type: SEQUENCE SET; Schema: public; Owner: data_garden
--

SELECT pg_catalog.setval('grow_records_bed_id_seq', 40, true);


--
-- Data for Name: grow_records_bedinteraction; Type: TABLE DATA; Schema: public; Owner: data_garden
--

COPY grow_records_bedinteraction (action_ptr_id) FROM stdin;
2
\.


--
-- Data for Name: grow_records_bedinteraction_beds; Type: TABLE DATA; Schema: public; Owner: data_garden
--

COPY grow_records_bedinteraction_beds (id, bedinteraction_id, bed_id) FROM stdin;
1	2	33
2	2	34
3	2	35
4	2	36
\.


--
-- Name: grow_records_bedinteraction_beds_id_seq; Type: SEQUENCE SET; Schema: public; Owner: data_garden
--

SELECT pg_catalog.setval('grow_records_bedinteraction_beds_id_seq', 4, true);


--
-- Data for Name: grow_records_bedrecord; Type: TABLE DATA; Schema: public; Owner: data_garden
--

COPY grow_records_bedrecord (id, in_bed_date, out_bed_date, rows, spacing_in, bed_percent, bed_id, nursery_record_id, seeder_id, variety_id) FROM stdin;
2	2015-05-22	\N	1	18	100	14	2	\N	21
6	2015-07-03	\N	2	18	100	19	6	\N	26
3	2015-07-03	\N	1	18	33	20	3	\N	23
5	2015-07-03	\N	1	18	33	20	4	\N	24
4	2015-07-03	\N	1	18	33	20	4	\N	25
14	2015-08-26	2015-08-07	3	18	25	7	12	\N	8
15	2015-06-11	2015-08-07	3	6	100	24	\N	1	7
16	2015-08-26	2015-08-07	3	6	100	29	\N	1	7
17	2015-06-11	2015-08-07	3	6	100	3	\N	1	7
18	2015-07-13	\N	3	18	100	32	13	\N	7
19	2015-07-13	\N	3	18	100	37	13	\N	7
20	2015-06-01	\N	2	18	100	1	15	\N	3
21	2015-06-11	\N	1	18	33	23	\N	\N	3
23	2015-06-02	\N	1	18	33	39	16	\N	19
24	2015-06-03	\N	1	18	33	39	17	\N	18
25	2015-08-26	\N	1	18	33	39	18	\N	20
11	2015-07-13	2015-09-17	1	18	100	38	9	\N	29
10	2015-07-13	2015-09-17	1	18	100	35	9	\N	29
9	2015-07-10	2015-09-17	1	18	100	34	8	\N	28
7	2015-07-10	2015-09-17	1	18	100	33	7	\N	27
8	2015-07-10	2015-09-17	1	18	100	36	7	\N	27
29	2015-09-17	\N	3	12	100	35	1	\N	22
28	2015-09-17	\N	3	12	100	36	1	\N	22
30	2015-09-17	\N	3	8	50	38	22	\N	33
26	2015-09-17	\N	3	8	100	34	22	\N	33
34	2015-11-04	\N	9	6	40	3	\N	\N	56
33	2015-11-04	\N	10	6	40	3	\N	\N	55
32	2015-11-04	\N	3	6	13	3	\N	\N	54
31	2015-11-04	\N	2	6	10	3	\N	\N	53
35	2015-11-04	\N	10	6	40	1	\N	\N	57
36	2015-11-04	\N	4	6	17	1	\N	\N	58
37	2015-11-04	\N	9	6	40	1	\N	\N	59
39	2015-10-23	2015-12-28	3	12	100	19	24	\N	32
38	2015-10-23	2015-12-28	4	12	100	20	24	\N	32
40	2015-10-08	2015-12-20	6	6	100	13	\N	2	52
41	2015-10-08	\N	6	6	100	9	\N	2	32
42	2015-10-08	\N	6	6	100	2	\N	2	32
12	2015-06-09	2015-08-07	3	18	25	7	10	\N	9
13	2015-06-09	2015-08-07	3	18	25	7	11	\N	7
43	2015-09-01	\N	3	18	100	22	14	\N	7
44	2015-09-01	2015-10-26	3	18	100	22	14	\N	7
22	2015-06-02	\N	1	18	100	11	16	\N	19
82	2015-08-31	\N	4	8	20	4	44	\N	43
46	2015-05-18	2015-08-01	1	18	50	13	26	\N	4
45	2015-05-11	2015-08-01	1	18	25	13	25	\N	11
47	2015-05-11	2015-08-01	1	18	25	15	25	\N	11
48	2015-05-11	2015-08-01	1	18	75	15	27	\N	5
49	2015-06-19	2015-08-01	1	18	100	28	28	\N	14
50	2015-06-19	2015-08-01	1	18	100	31	29	\N	12
51	2015-06-19	2015-08-01	1	18	100	30	30	\N	13
52	2015-05-25	2015-09-22	1	18	75	17	31	\N	16
53	2015-05-25	2015-09-22	1	18	75	16	32	\N	1
54	2015-05-25	2015-09-22	1	18	25	17	33	\N	17
55	2015-05-25	2015-09-22	1	18	25	16	33	\N	17
57	2015-05-26	2015-06-15	4	12	33	4	35	\N	61
56	2015-05-26	2015-06-15	4	12	33	4	34	\N	60
58	2015-05-26	2015-06-15	4	12	33	4	36	\N	10
59	2015-05-28	\N	4	12	100	6	\N	1	10
27	2015-09-18	\N	3	12	100	33	1	\N	22
60	2015-10-07	\N	3	12	100	5	37	\N	22
61	2015-10-07	\N	3	12	100	8	37	\N	22
64	2015-10-07	\N	3	12	100	11	37	\N	22
63	2015-10-07	\N	3	12	100	10	37	\N	22
62	2015-10-07	\N	3	12	100	7	37	\N	22
65	2015-10-26	\N	5	8	100	22	38	\N	51
66	2015-10-26	\N	5	8	50	18	37	\N	22
67	2015-05-28	2015-06-15	7	5	100	5	\N	3	34
68	2015-06-11	\N	7	5	100	25	\N	3	34
69	2015-06-11	\N	7	5	100	27	\N	3	34
70	2015-06-11	\N	7	5	100	26	\N	3	34
71	2015-08-07	\N	7	5	100	5	\N	2	34
73	2015-08-31	\N	3	10	100	2	39	\N	37
72	2015-08-31	\N	3	10	100	4	39	\N	37
83	2015-08-31	\N	4	8	20	2	44	\N	43
84	2015-08-12	\N	7	4	100	24	\N	2	34
85	2015-08-12	2015-10-07	7	4	100	27	\N	2	34
74	2015-08-31	\N	4	8	20	4	40	\N	39
75	2015-08-31	\N	4	8	20	9	40	\N	39
76	2015-08-31	\N	4	8	20	4	41	\N	40
77	2015-08-31	\N	4	8	20	9	41	\N	40
78	2015-08-31	\N	4	8	20	4	42	\N	41
79	2015-08-31	\N	4	8	20	9	42	\N	41
80	2015-08-31	\N	4	8	20	4	43	\N	42
81	2015-08-31	\N	4	8	20	9	43	\N	42
86	2015-08-17	2015-10-06	9	3	100	10	\N	2	34
87	2015-08-25	2015-09-02	9	3	100	9	\N	2	34
88	2015-07-25	\N	9	3	100	25	\N	2	34
89	2015-10-07	\N	9	3	100	28	\N	2	34
90	2015-10-07	\N	9	3	100	31	\N	2	34
91	2015-10-07	\N	9	3	100	30	\N	2	34
92	2015-05-28	\N	5	6	100	8	\N	1	6
93	2015-07-01	2015-08-07	5	6	100	5	\N	1	6
95	2015-07-01	2015-08-07	10	3	100	26	\N	1	6
94	2015-07-01	2015-08-07	10	3	100	27	\N	1	6
96	2015-07-13	\N	10	3	100	4	\N	1	6
97	2015-07-13	\N	10	3	100	6	\N	1	6
98	2015-07-23	\N	10	3	100	25	\N	1	6
99	2015-08-04	2015-09-02	5	6	100	13	\N	1	2
100	2015-08-04	2015-09-02	5	6	100	15	\N	1	2
101	2015-08-04	\N	10	3	100	28	\N	1	2
102	2015-08-07	2015-09-03	10	3	100	2	\N	1	2
103	2015-08-07	\N	10	3	100	3	\N	1	2
104	2015-08-12	2015-09-02	10	3	100	26	\N	1	6
105	2015-08-12	2015-09-02	10	3	100	29	\N	1	6
106	2015-07-07	2015-08-17	10	3	100	10	\N	1	6
107	2015-07-07	2015-08-17	10	3	100	9	\N	1	6
108	2015-09-03	2015-09-30	10	3	100	13	\N	1	2
109	2015-09-03	2015-09-30	10	3	100	15	\N	1	2
110	2015-08-14	\N	10	3	100	3	\N	1	2
111	2015-08-14	\N	10	3	100	26	\N	1	2
112	2015-08-14	\N	10	3	100	29	\N	1	2
113	2015-09-22	\N	10	3	100	11	\N	1	2
114	2015-09-23	\N	10	3	100	17	\N	1	2
115	2015-10-01	\N	12	2	100	16	\N	1	2
116	2015-10-01	\N	12	2	100	39	\N	1	2
117	2015-08-10	\N	10	3	100	4	\N	1	2
118	2015-08-10	\N	10	3	100	6	\N	1	2
119	2015-11-04	\N	10	3	100	38	\N	1	2
120	2015-10-24	\N	10	3	100	32	\N	1	2
121	2015-10-24	\N	10	3	100	37	\N	1	2
122	2015-07-17	\N	7	5	100	2	\N	4	35
123	2015-08-14	\N	7	5	100	7	\N	4	62
124	2015-08-14	2015-10-07	6	7	100	30	\N	4	62
125	2015-07-17	\N	4	8	100	8	\N	4	33
126	2015-07-17	2015-10-06	4	8	100	8	\N	4	33
127	2015-08-25	2015-10-06	4	10	100	4	\N	4	33
128	2015-08-25	2015-10-06	4	8	100	6	\N	4	33
129	2015-10-08	\N	7	5	100	25	\N	5	63
130	2015-10-08	\N	6	6	100	24	\N	5	63
131	2015-09-14	\N	4	8	50	18	46	\N	47
132	2015-09-14	\N	4	8	50	18	47	\N	48
133	2015-08-31	\N	4	8	10	4	48	\N	44
134	2015-08-31	\N	4	8	10	2	48	\N	44
135	2015-08-31	\N	4	8	10	4	49	\N	45
136	2015-08-31	\N	4	8	10	2	49	\N	45
137	2015-08-31	\N	4	8	10	4	50	\N	50
138	2015-08-31	\N	4	8	10	2	50	\N	50
139	2015-08-31	\N	4	8	10	4	51	\N	49
140	2015-08-31	\N	4	8	10	2	51	\N	49
141	2015-09-02	\N	7	5	100	9	\N	1	36
142	2015-09-02	2015-10-07	7	5	100	9	\N	1	36
143	2015-09-02	2015-10-07	7	5	100	12	\N	1	36
144	2015-10-01	\N	7	5	100	15	\N	1	36
146	2015-11-10	\N	5	8	40	34	53	\N	49
147	2015-11-10	\N	5	8	40	38	54	\N	45
148	2015-11-10	\N	5	8	40	34	55	\N	44
145	2015-11-10	\N	5	8	40	38	52	\N	50
150	2015-12-13	\N	4	10	33	33	57	\N	65
149	2015-12-13	\N	4	10	33	33	56	\N	64
151	2015-12-13	\N	4	10	33	33	58	\N	66
152	2015-12-13	\N	4	10	33	34	59	\N	67
153	2015-12-13	\N	4	10	33	34	60	\N	42
154	2015-12-16	\N	4	8	33	35	61	\N	40
155	2015-12-16	\N	4	8	33	35	62	\N	41
156	2015-12-16	\N	4	10	33	35	63	\N	39
157	2015-12-22	\N	4	10	33	38	74	\N	49
158	2015-12-22	\N	4	10	33	38	75	\N	44
159	2015-12-22	\N	4	10	33	38	76	\N	68
160	2016-01-04	\N	9	3	100	40	\N	1	2
161	2016-01-04	\N	9	3	100	37	\N	2	22
162	2016-01-04	\N	7	4	100	19	\N	2	68
\.


--
-- Name: grow_records_bedrecord_id_seq; Type: SEQUENCE SET; Schema: public; Owner: data_garden
--

SELECT pg_catalog.setval('grow_records_bedrecord_id_seq', 162, true);


--
-- Data for Name: grow_records_bedset; Type: TABLE DATA; Schema: public; Owner: data_garden
--

COPY grow_records_bedset (id, name, site_id) FROM stdin;
1	Middle	1
2	Lower	1
3	Greenhouse East	1
4	Top	1
5	Greenhouse West	1
\.


--
-- Name: grow_records_bedset_id_seq; Type: SEQUENCE SET; Schema: public; Owner: data_garden
--

SELECT pg_catalog.setval('grow_records_bedset_id_seq', 5, true);


--
-- Data for Name: grow_records_buyer; Type: TABLE DATA; Schema: public; Owner: data_garden
--

COPY grow_records_buyer (id, name) FROM stdin;
1	Pisticci
\.


--
-- Name: grow_records_buyer_id_seq; Type: SEQUENCE SET; Schema: public; Owner: data_garden
--

SELECT pg_catalog.setval('grow_records_buyer_id_seq', 1, true);


--
-- Data for Name: grow_records_buyervarietyprice; Type: TABLE DATA; Schema: public; Owner: data_garden
--

COPY grow_records_buyervarietyprice (id, buyer_id, price, date_effective, date_end, "price_UOM_id", variety_id) FROM stdin;
1	1	4.25	2015-08-21 20:32:03+00	\N	1	1
3	1	19.9499999999999993	2015-08-25 21:47:13+00	\N	1	3
10	1	4.12999999999999989	2015-08-25 21:49:46+00	\N	1	10
15	1	18.9499999999999993	2015-08-25 21:51:05+00	\N	1	15
16	1	4.25	2015-08-25 21:51:24+00	\N	1	16
17	1	4.25	2015-08-25 21:51:42+00	\N	1	17
2	1	7.42999999999999972	2015-08-25 21:46:00+00	\N	1	2
9	1	4.07000000000000028	2015-08-25 21:49:31+00	\N	1	9
8	1	4.07000000000000028	2015-08-25 21:49:17+00	\N	1	8
7	1	4.07000000000000028	2015-08-25 21:48:52+00	\N	1	7
21	1	2.08999999999999986	2015-08-25 21:52:59+00	\N	1	21
6	1	7.42999999999999972	2015-08-25 21:48:29+00	\N	1	6
14	1	2.41999999999999993	2015-08-25 21:50:50+00	\N	1	14
13	1	2.41999999999999993	2015-08-25 21:50:34+00	\N	1	13
11	1	2.41999999999999993	2015-08-25 21:50:05+00	\N	1	11
12	1	2.41999999999999993	2015-08-25 21:50:20+00	\N	1	12
4	1	2.41999999999999993	2015-08-25 21:47:51+00	\N	1	4
5	1	2.41999999999999993	2015-08-25 21:48:11+00	\N	1	5
20	1	3.74000000000000021	2015-08-25 21:52:42+00	\N	1	20
19	1	3.74000000000000021	2015-08-25 21:52:21+00	\N	1	19
18	1	3.74000000000000021	2015-08-25 21:52:00+00	\N	1	18
22	1	2	2015-09-02 18:03:00+00	\N	1	33
23	1	6.23000000000000043	2015-09-16 22:02:55+00	\N	1	34
24	1	11	2015-09-16 22:16:16+00	\N	1	35
25	1	12	2015-10-16 15:47:00+00	\N	1	36
26	1	5	2015-10-16 16:07:52+00	\N	1	37
27	1	6.5	2015-10-16 16:09:13+00	\N	1	39
28	1	6.5	2015-10-16 16:09:29+00	\N	1	40
29	1	6.5	2015-10-16 16:09:43+00	\N	1	41
30	1	6.5	2015-10-16 16:09:55+00	\N	1	42
31	1	5	2015-10-16 16:10:15+00	\N	1	43
32	1	9.90000000000000036	2015-10-16 16:19:00+00	\N	1	48
33	1	9.90000000000000036	2015-10-16 16:23:54+00	\N	1	47
34	1	7	2015-10-16 16:24:31+00	\N	1	44
35	1	7	2015-10-16 16:25:17+00	\N	1	45
36	1	12.6500000000000004	2015-10-16 16:35:44+00	\N	1	22
37	1	7	2015-10-16 16:36:12+00	\N	1	49
38	1	7	2015-10-16 16:36:25+00	\N	1	50
39	1	8	2015-12-18 21:54:21+00	\N	1	52
40	1	7	2015-12-18 21:57:13+00	\N	1	51
41	1	6.23000000000000043	2016-01-12 15:12:49+00	\N	1	68
\.


--
-- Name: grow_records_buyervarietyprice_id_seq; Type: SEQUENCE SET; Schema: public; Owner: data_garden
--

SELECT pg_catalog.setval('grow_records_buyervarietyprice_id_seq', 41, true);


--
-- Data for Name: grow_records_commonname; Type: TABLE DATA; Schema: public; Owner: data_garden
--

COPY grow_records_commonname (id, name, preferred, crop_id) FROM stdin;
1	tomato	t	1
2	pepper	t	2
5	sage	t	5
6	parsley	t	6
9	arugula	t	9
10	lettuce	t	10
11	fennel	t	11
8	chard	f	8
12	beet	t	8
14	eggplant	t	13
4	dandelion	f	4
16	basil	t	14
18	broccoli rabe	t	15
3	kale	f	3
19	broccoli	t	3
13	pattypan squash	f	12
20	zucchini	t	12
21	thyme	t	16
22	kale	t	17
24	spinach	t	18
25	chard	t	19
26	beet greens	t	20
27	mustard greens	t	21
15	radicchio	t	4
29	dandelion	t	24
30	endive	t	25
28	escarole	t	7
31	garlic	t	26
32	broccoli raab	t	27
\.


--
-- Name: grow_records_commonname_id_seq; Type: SEQUENCE SET; Schema: public; Owner: data_garden
--

SELECT pg_catalog.setval('grow_records_commonname_id_seq', 32, true);


--
-- Data for Name: grow_records_crop; Type: TABLE DATA; Schema: public; Owner: data_garden
--

COPY grow_records_crop (id, species_id) FROM stdin;
1	1
2	2
3	3
4	4
5	5
6	6
7	7
8	8
9	9
10	10
11	11
12	12
13	13
14	14
15	15
16	16
17	17
18	18
19	8
20	8
21	19
22	3
23	6
24	4
25	7
26	20
27	21
\.


--
-- Name: grow_records_crop_id_seq; Type: SEQUENCE SET; Schema: public; Owner: data_garden
--

SELECT pg_catalog.setval('grow_records_crop_id_seq', 27, true);


--
-- Data for Name: grow_records_deliveryitem; Type: TABLE DATA; Schema: public; Owner: data_garden
--

COPY grow_records_deliveryitem (id, delivery_amount, "delivery_UOM_id", delivery_record_id, variety_id) FROM stdin;
1	1.5	1	1	2
2	1.5	1	2	2
3	0.5	1	2	3
4	1	1	2	4
5	0.800000000000000044	1	2	5
6	5.5	1	3	6
7	0.200000000000000011	1	3	7
8	0.200000000000000011	1	3	8
9	0.200000000000000011	1	3	9
10	6	1	3	4
11	6	1	3	5
12	12	1	4	10
13	10	1	5	2
14	0.5	1	5	8
15	0.5	1	5	3
16	0.5	1	5	11
17	5.5	1	5	4
18	3	1	5	5
19	1.5	1	6	11
20	2.5	1	6	4
21	3.5	1	6	5
22	8	1	7	6
23	0.400000000000000022	1	7	7
24	0.400000000000000022	1	7	8
25	6	1	7	4
26	5.5	1	7	5
27	5.5	1	8	6
28	0.299999999999999989	1	8	7
29	0.400000000000000022	1	8	8
30	0.349999999999999978	1	8	9
31	0.800000000000000044	1	8	3
32	3	1	8	11
33	2.5	1	8	13
34	11.5	1	8	4
35	3	1	8	12
36	0.5	1	8	14
37	0.100000000000000006	1	8	15
38	2.5	1	9	6
39	2	1	9	7
40	1.39999999999999991	1	9	3
41	2.5	1	9	5
42	2.5	1	9	1
43	8.75	1	10	6
44	0.5	1	10	7
45	0.5	1	10	3
46	13.5	1	10	5
47	8.5	1	10	1
48	8	1	11	1
49	4	1	11	16
50	3	1	11	17
51	1.5	1	11	18
52	6.5	1	12	6
53	0.800000000000000044	1	12	15
54	1	1	12	18
55	9	1	12	19
56	1.5	1	12	20
57	4	1	13	6
58	8	1	13	7
59	0.900000000000000022	1	13	3
60	6	1	14	2
61	1.10000000000000009	1	14	7
62	4.5	1	14	1
63	2.60000000000000009	1	14	16
64	7	1	14	17
65	2	1	14	18
66	5.5	1	14	19
67	4	1	14	20
68	6.59999999999999964	1	15	2
69	9	1	15	1
70	15.5	1	15	16
71	17	1	15	21
72	25	1	14	21
73	4.09999999999999964	1	16	21
74	5.90000000000000036	1	16	16
75	2.29999999999999982	1	16	20
76	1.39999999999999991	1	16	3
77	1.80000000000000004	1	16	19
78	1.80000000000000004	1	16	18
79	12	1	16	6
80	1.80000000000000004	1	16	17
81	15.5	1	16	1
82	16	1	17	6
83	8.25	1	17	2
84	2	1	17	7
85	16	1	17	21
86	0.5	1	18	3
87	0.25	1	18	15
88	4.5	1	18	19
89	7.5	1	18	21
90	4.25	1	18	2
91	6.5	1	18	2
92	3.5	1	18	2
93	9.75	1	18	21
94	16.5	1	18	17
95	1.39999999999999991	1	19	7
96	4	1	19	33
97	2.5	1	19	18
98	13.5	1	19	16
99	15.5	1	19	21
100	6.5	1	19	2
101	4.5	1	19	2
102	3	1	19	6
103	12	1	20	2
104	4.5	1	20	33
105	2.5	1	20	7
106	4.5	1	20	19
107	6.5	1	20	1
108	2	1	20	20
109	1.19999999999999996	1	20	3
110	1	1	20	15
111	7	1	21	34
112	10	1	21	21
113	4	1	21	7
114	4.5	1	22	2
115	7.5	1	22	21
116	1.60000000000000009	1	22	33
117	1.19999999999999996	1	22	3
118	6.79999999999999982	1	22	35
119	6	1	22	19
120	6	1	22	16
121	7.5	1	22	1
122	0.5	1	22	15
123	1.5	1	22	18
124	1.5	1	23	33
125	5	1	23	34
126	1	1	23	35
127	5.5	1	23	7
128	12.5	1	23	21
129	2.5	1	24	2
130	2	1	24	34
131	20	1	24	21
132	10	1	24	1
133	10	1	24	17
134	9	1	24	19
135	2.5	1	24	18
136	19.5	1	24	16
137	1	1	24	3
138	0.5	1	24	15
139	1.5	1	24	36
140	1.80000000000000004	1	25	2
141	2.10000000000000009	1	25	35
142	2.25	1	25	7
143	7.5	1	25	34
144	10.5	1	25	19
145	9	1	25	21
146	15	1	25	1
147	1.5	1	26	2
148	3	1	26	34
149	2	1	26	36
150	3.60000000000000009	1	26	7
151	3.5	1	26	33
152	3	1	26	37
153	0.599999999999999978	1	26	39
154	0.599999999999999978	1	26	40
155	0.599999999999999978	1	26	41
156	0.599999999999999978	1	26	42
157	0.599999999999999978	1	26	43
170	2.5	1	28	42
171	9	1	28	34
172	1.5	1	28	22
173	2.5	1	28	7
174	9.25	1	28	37
175	1.14999999999999991	1	28	44
176	1.14999999999999991	1	28	45
177	1.14999999999999991	1	28	49
178	1.14999999999999991	1	28	50
179	10	1	28	21
180	0.25	1	28	48
181	0.5	1	28	47
182	1.5	1	28	33
183	1.5	1	28	39
184	1.25	1	29	33
185	1	1	29	22
186	2	1	29	7
187	2	1	29	2
188	30	1	29	21
189	4.75	1	30	2
190	2.75	1	30	22
191	3.25	1	30	51
192	3.75	1	30	52
193	4.5	1	31	22
194	1.5	1	31	52
195	4	1	31	2
196	1.5	1	31	33
197	2	1	31	51
198	7	1	32	2
199	2.5	1	32	51
200	2.5	1	32	22
201	4	1	32	34
202	3	1	32	52
203	2	1	32	33
204	8.5	1	33	2
205	2	1	33	51
206	5	1	33	22
207	3	1	33	33
208	3	1	33	52
209	5	1	34	2
210	2	1	34	51
211	3	1	34	22
212	2	1	34	52
213	2	1	34	33
214	4	1	35	2
215	4	1	35	33
216	3.39999999999999991	1	35	22
217	4.5	1	35	34
218	5	1	36	2
219	4	1	36	22
220	3	1	36	33
221	3	1	36	36
222	4	1	37	2
223	3	1	37	33
224	3.5	1	37	22
225	5	1	38	6
226	4	1	38	22
227	2.5	1	38	33
228	2	1	38	52
229	6.5	1	39	2
230	3.5	1	39	22
231	3	1	39	51
232	3	1	39	33
233	2.5	1	39	52
234	3.5	1	40	51
235	3	1	40	52
236	2.5	1	40	2
237	0.5	1	40	50
238	0.5	1	40	44
239	0.5	1	40	49
240	0.5	1	40	45
241	9	1	41	52
242	34	1	41	68
243	5.5	1	41	2
244	2.5	1	41	51
\.


--
-- Name: grow_records_deliveryitem_id_seq; Type: SEQUENCE SET; Schema: public; Owner: data_garden
--

SELECT pg_catalog.setval('grow_records_deliveryitem_id_seq', 244, true);


--
-- Data for Name: grow_records_deliveryrecord; Type: TABLE DATA; Schema: public; Owner: data_garden
--

COPY grow_records_deliveryrecord (id, date, buyer_id) FROM stdin;
1	2015-06-18	1
2	2015-06-30	1
3	2015-07-07	1
4	2015-07-08	1
5	2015-07-10	1
6	2015-07-13	1
7	2015-07-16	1
8	2015-07-21	1
9	2015-07-24	1
10	2015-07-30	1
11	2015-08-03	1
12	2015-08-05	1
13	2015-08-07	1
15	2015-08-20	1
14	2015-08-17	1
16	2015-08-12	1
17	2015-08-24	1
18	2015-08-27	1
19	2015-09-01	1
20	2015-09-03	1
21	2015-09-15	1
22	2015-09-08	1
23	2015-09-18	1
24	2015-09-22	1
25	2015-09-28	1
26	2015-10-02	1
29	2015-10-16	1
30	2015-12-18	1
31	2015-12-11	1
32	2015-12-04	1
33	2015-12-18	1
34	2015-11-27	1
28	2015-10-09	1
35	2015-10-23	1
36	2015-10-30	1
37	2015-11-06	1
38	2015-11-13	1
39	2015-11-20	1
40	2015-12-23	1
41	2016-12-29	1
\.


--
-- Name: grow_records_deliveryrecord_id_seq; Type: SEQUENCE SET; Schema: public; Owner: data_garden
--

SELECT pg_catalog.setval('grow_records_deliveryrecord_id_seq', 41, true);


--
-- Data for Name: grow_records_family; Type: TABLE DATA; Schema: public; Owner: data_garden
--

COPY grow_records_family (id, name) FROM stdin;
1	Solanaceae
2	Brassicaceae
3	Asteraceae
4	Lamiaceae
5	Apiaceae
6	Amaranthaceae
7	Cucurbitaceae
8	Lamiaceae
9	Amaranthaceae
10	Amaryllidaceae
\.


--
-- Name: grow_records_family_id_seq; Type: SEQUENCE SET; Schema: public; Owner: data_garden
--

SELECT pg_catalog.setval('grow_records_family_id_seq', 10, true);


--
-- Data for Name: grow_records_fertiliseinnoculate; Type: TABLE DATA; Schema: public; Owner: data_garden
--

COPY grow_records_fertiliseinnoculate (plantinteraction_ptr_id, recipe) FROM stdin;
3	EM
\.


--
-- Data for Name: grow_records_genus; Type: TABLE DATA; Schema: public; Owner: data_garden
--

COPY grow_records_genus (id, name, family_id) FROM stdin;
1	Solanum	1
2	Capsicum	1
3	Brassica	2
4	Cichorium	3
5	Salvia	4
6	Petroselinum	5
7	Beta	6
8	Eruca	2
9	Lactuca	3
10	Foeniculum	5
11	Cucurbita	7
12	Ocimum	4
13	Thymus	8
14	Spinacia	9
15	Allium	10
\.


--
-- Name: grow_records_genus_id_seq; Type: SEQUENCE SET; Schema: public; Owner: data_garden
--

SELECT pg_catalog.setval('grow_records_genus_id_seq', 15, true);


--
-- Data for Name: grow_records_harvestrecord; Type: TABLE DATA; Schema: public; Owner: data_garden
--

COPY grow_records_harvestrecord (id, yield_amount, harvest_date, bed_record_id, "yield_UOM_id") FROM stdin;
\.


--
-- Name: grow_records_harvestrecord_id_seq; Type: SEQUENCE SET; Schema: public; Owner: data_garden
--

SELECT pg_catalog.setval('grow_records_harvestrecord_id_seq', 1, false);


--
-- Data for Name: grow_records_input; Type: TABLE DATA; Schema: public; Owner: data_garden
--

COPY grow_records_input (id, description, supplier_id, volume, weight, price, price_currency) FROM stdin;
\.


--
-- Name: grow_records_input_id_seq; Type: SEQUENCE SET; Schema: public; Owner: data_garden
--

SELECT pg_catalog.setval('grow_records_input_id_seq', 1, false);


--
-- Data for Name: grow_records_lengthuom; Type: TABLE DATA; Schema: public; Owner: data_garden
--

COPY grow_records_lengthuom (id, unit) FROM stdin;
1	in
2	ft
\.


--
-- Name: grow_records_lengthuom_id_seq; Type: SEQUENCE SET; Schema: public; Owner: data_garden
--

SELECT pg_catalog.setval('grow_records_lengthuom_id_seq', 2, true);


--
-- Data for Name: grow_records_location; Type: TABLE DATA; Schema: public; Owner: data_garden
--

COPY grow_records_location (id, name) FROM stdin;
\.


--
-- Name: grow_records_location_id_seq; Type: SEQUENCE SET; Schema: public; Owner: data_garden
--

SELECT pg_catalog.setval('grow_records_location_id_seq', 1, false);


--
-- Data for Name: grow_records_nurseryrecord; Type: TABLE DATA; Schema: public; Owner: data_garden
--

COPY grow_records_nurseryrecord (id, in_nursery_date, germ_date, tray_size_cell, number_trays, medium_id, variety_id) FROM stdin;
2	2015-04-20	2015-04-30	72	1	2	21
3	2015-05-27	\N	72	1	3	23
4	2015-05-27	\N	72	1	3	24
5	2015-08-26	\N	72	1	3	25
6	2015-05-27	\N	72	1	3	26
7	2015-05-27	\N	72	1	3	27
8	2015-05-27	\N	72	1	3	28
9	2015-05-27	\N	72	1	3	29
11	2015-05-04	\N	72	0.330000000000000016	5	7
12	2015-05-04	\N	72	0.330000000000000016	5	8
13	2015-06-15	\N	72	2	7	7
14	2015-08-10	2015-08-15	72	2	8	7
15	2015-05-04	\N	128	1	5	3
16	2015-05-04	\N	72	0.330000000000000016	5	19
17	2015-05-04	\N	72	0.330000000000000016	5	18
18	2015-05-04	\N	72	0.330000000000000016	5	20
19	2015-08-28	\N	72	2	1	30
20	2015-08-28	\N	72	2	1	31
21	2015-08-28	\N	72	2	1	32
1	2015-08-26	2015-08-30	72	4	1	22
22	2015-08-28	2015-09-01	72	4	1	33
23	2015-09-23	\N	1	4	9	32
24	2015-09-30	\N	72	12	9	32
10	2015-05-04	\N	72	0.330000000000000016	5	9
25	2015-04-23	2015-04-23	72	0.330000000000000016	2	11
26	2015-04-23	2015-05-06	72	0.330000000000000016	2	4
27	2015-04-23	2015-05-01	72	0.330000000000000016	2	5
28	2015-06-02	\N	72	0.330000000000000016	3	14
29	2015-06-02	\N	72	0.330000000000000016	3	12
30	2015-06-02	\N	72	0.330000000000000016	3	13
31	2015-04-24	\N	72	0.330000000000000016	2	16
32	2015-04-24	\N	72	0.330000000000000016	2	1
33	2015-04-24	\N	72	0.330000000000000016	2	17
34	2015-05-04	\N	72	1	5	60
36	2015-05-04	\N	72	1	5	10
35	2015-05-04	\N	72	1	5	61
37	2015-09-24	\N	72	4	9	22
38	2015-09-24	\N	72	8	9	51
39	2015-08-10	2025-08-13	72	2	8	37
40	2015-08-11	2015-08-16	72	0.5	8	39
41	2015-08-11	2015-08-16	72	0.5	8	40
42	2015-08-11	2015-08-16	72	0.5	8	41
43	2015-08-11	2015-08-16	72	0.5	8	42
44	2015-08-11	2015-08-16	72	0.5	8	43
46	2015-08-11	\N	72	4	8	47
47	2015-08-11	\N	72	4	8	48
48	2015-08-11	\N	72	0.330000000000000016	1	44
49	2015-08-11	\N	72	0.160000000000000003	1	45
50	2015-08-11	\N	72	0.5	1	50
51	2015-08-11	\N	72	0.330000000000000016	1	49
52	2015-10-14	\N	72	1	9	50
53	2015-10-14	\N	72	1	9	49
54	2015-10-14	\N	72	1	9	45
55	2015-10-14	\N	72	1	9	44
56	2015-11-09	\N	72	1	10	64
57	2015-11-09	\N	72	1	10	65
58	2016-01-11	\N	72	1	10	66
59	2015-11-09	\N	72	1	10	67
60	2015-11-09	\N	72	1	10	42
61	2015-11-09	\N	72	1	10	40
62	2015-11-09	\N	72	1	10	41
63	2015-11-09	\N	72	1	10	39
64	2015-12-15	\N	71	1	10	64
65	2015-12-15	\N	72	2	10	65
67	2015-12-15	\N	72	1	10	42
66	2015-12-15	\N	72	1	10	67
68	2015-12-15	\N	72	1	10	39
69	2015-12-15	\N	72	1	10	39
70	2015-12-15	\N	72	1	10	40
71	2015-12-15	\N	72	1	10	41
72	2015-12-21	\N	72	3	10	49
73	2015-12-21	\N	72	1	10	44
74	2015-11-09	\N	72	1	10	49
75	2015-11-09	\N	72	1	10	44
76	2015-11-09	\N	72	1	10	68
\.


--
-- Name: grow_records_nurseryrecord_id_seq; Type: SEQUENCE SET; Schema: public; Owner: data_garden
--

SELECT pg_catalog.setval('grow_records_nurseryrecord_id_seq', 76, true);


--
-- Data for Name: grow_records_plantinteraction; Type: TABLE DATA; Schema: public; Owner: data_garden
--

COPY grow_records_plantinteraction (action_ptr_id) FROM stdin;
3
\.


--
-- Data for Name: grow_records_plantinteraction_bed_records; Type: TABLE DATA; Schema: public; Owner: data_garden
--

COPY grow_records_plantinteraction_bed_records (id, plantinteraction_id, bedrecord_id) FROM stdin;
1	3	2
2	3	3
3	3	4
4	3	5
5	3	6
6	3	7
7	3	8
8	3	9
9	3	10
10	3	11
11	3	12
12	3	13
13	3	14
14	3	15
15	3	16
16	3	17
17	3	18
18	3	19
19	3	20
20	3	21
21	3	22
22	3	23
23	3	24
24	3	25
25	3	26
26	3	27
27	3	28
28	3	29
29	3	30
\.


--
-- Name: grow_records_plantinteraction_bed_recordss_id_seq; Type: SEQUENCE SET; Schema: public; Owner: data_garden
--

SELECT pg_catalog.setval('grow_records_plantinteraction_bed_recordss_id_seq', 29, true);


--
-- Data for Name: grow_records_plantinteraction_nursery_records; Type: TABLE DATA; Schema: public; Owner: data_garden
--

COPY grow_records_plantinteraction_nursery_records (id, plantinteraction_id, nurseryrecord_id) FROM stdin;
\.


--
-- Name: grow_records_plantinteraction_nursery_records_id_seq; Type: SEQUENCE SET; Schema: public; Owner: data_garden
--

SELECT pg_catalog.setval('grow_records_plantinteraction_nursery_records_id_seq', 1, false);


--
-- Data for Name: grow_records_plantrecord; Type: TABLE DATA; Schema: public; Owner: data_garden
--

COPY grow_records_plantrecord (id) FROM stdin;
\.


--
-- Name: grow_records_plantrecord_id_seq; Type: SEQUENCE SET; Schema: public; Owner: data_garden
--

SELECT pg_catalog.setval('grow_records_plantrecord_id_seq', 1, false);


--
-- Data for Name: grow_records_potonrecord; Type: TABLE DATA; Schema: public; Owner: data_garden
--

COPY grow_records_potonrecord (id, pot_on_date, pot_size_in, medium_id, nursery_record_id) FROM stdin;
1	2015-08-26	\N	\N	1
3	2015-06-10	4	3	4
4	2015-06-10	4	3	5
5	2015-06-10	4	3	6
6	2015-06-10	4	3	7
7	2015-06-10	4	3	8
2	2015-06-10	4	4	3
8	2015-06-10	4	3	9
10	2015-05-26	4	6	11
11	2015-05-26	4	6	12
12	2015-08-26	\N	\N	13
13	2015-08-26	\N	\N	14
14	2015-05-18	4	5	15
15	2015-05-18	4	5	16
16	2015-08-26	\N	\N	16
17	2015-05-18	4	5	17
18	2015-05-18	4	5	18
19	2015-08-28	\N	\N	19
20	2015-08-28	\N	\N	20
21	2015-08-28	\N	\N	21
22	2015-09-01	\N	\N	1
23	2015-09-01	\N	\N	22
24	2015-09-01	\N	\N	22
25	2015-12-29	\N	\N	23
26	2015-12-29	\N	\N	24
9	2015-06-26	4	6	10
27	2015-12-29	\N	\N	10
28	2015-05-04	4	5	25
29	2015-05-11	4	5	26
30	2015-12-29	\N	\N	26
31	2015-05-04	4	5	27
32	2015-06-10	4	4	28
33	2015-06-10	4	3	29
34	2015-06-10	4	4	30
35	2015-05-05	4	5	31
36	2015-05-11	4	5	32
37	2015-05-05	4	5	33
38	2015-12-29	\N	\N	34
40	2015-12-29	\N	\N	36
41	2015-12-29	\N	\N	35
42	2015-12-29	\N	\N	37
43	2015-12-29	\N	\N	38
44	2016-01-11	\N	\N	39
45	2016-01-11	\N	\N	40
46	2016-01-11	\N	\N	41
47	2016-01-11	\N	\N	42
48	2016-01-11	\N	\N	43
49	2016-01-11	\N	\N	44
51	2016-01-11	\N	\N	46
52	2016-01-11	\N	\N	47
53	2016-01-11	\N	\N	48
54	2016-01-11	\N	\N	49
55	2016-01-11	\N	\N	50
56	2016-01-11	\N	\N	51
57	2016-01-11	\N	\N	52
58	2016-01-11	\N	\N	53
59	2016-01-11	\N	\N	54
60	2016-01-11	\N	\N	55
61	2016-01-11	\N	\N	56
62	2016-01-11	\N	\N	57
63	2016-01-11	\N	\N	58
64	2016-01-11	\N	\N	59
65	2016-01-11	\N	\N	60
66	2016-01-11	\N	\N	61
67	2016-01-11	\N	\N	62
68	2016-01-11	\N	\N	63
69	2016-01-11	\N	\N	64
70	2016-01-11	\N	\N	65
71	2016-01-11	\N	\N	66
72	2016-01-11	\N	\N	67
73	2016-01-11	\N	\N	66
74	2016-01-11	\N	\N	68
75	2016-01-11	\N	\N	69
76	2016-01-11	\N	\N	70
77	2016-01-11	\N	\N	71
78	2016-01-11	\N	\N	72
79	2016-01-11	\N	\N	73
80	2016-01-11	\N	\N	74
81	2016-01-11	\N	\N	75
82	2016-01-11	\N	\N	76
\.


--
-- Name: grow_records_potonrecord_id_seq; Type: SEQUENCE SET; Schema: public; Owner: data_garden
--

SELECT pg_catalog.setval('grow_records_potonrecord_id_seq', 82, true);


--
-- Data for Name: grow_records_protect; Type: TABLE DATA; Schema: public; Owner: data_garden
--

COPY grow_records_protect (plantinteraction_ptr_id) FROM stdin;
\.


--
-- Data for Name: grow_records_seederrecord; Type: TABLE DATA; Schema: public; Owner: data_garden
--

COPY grow_records_seederrecord (id, name, seeder_settings) FROM stdin;
1	GL	small seed
2	GL	middle bore
3	EW	lettuce
4	EW	chard
5	GL	large bore
\.


--
-- Name: grow_records_seederrecord_id_seq; Type: SEQUENCE SET; Schema: public; Owner: data_garden
--

SELECT pg_catalog.setval('grow_records_seederrecord_id_seq', 5, true);


--
-- Data for Name: grow_records_site; Type: TABLE DATA; Schema: public; Owner: data_garden
--

COPY grow_records_site (id, name, area, "area_UOM_id") FROM stdin;
1	Croton Greenhouses	\N	\N
\.


--
-- Name: grow_records_site_id_seq; Type: SEQUENCE SET; Schema: public; Owner: data_garden
--

SELECT pg_catalog.setval('grow_records_site_id_seq', 1, true);


--
-- Data for Name: grow_records_soilmediumbatch; Type: TABLE DATA; Schema: public; Owner: data_garden
--

COPY grow_records_soilmediumbatch (id, created, recipe) FROM stdin;
1	2015-08-26	1:1 compost:coco peat; 2 handfulls feather meal per wheelbarrow; dollop molasses; 500 mm EM
2	2015-04-20	1:1 compost:coco peat (with organic nutrients in CP)
3	2015-05-27	1:1 compost:coco peat; 2 handfulls feather meal per wheelbarrow
4	2015-06-10	1:1 compost:coco peat; 2 handfulls feather meal per wheelbarrow
5	2015-05-04	1:1 compost:coco peat; 2 handfulls feather meal per wheelbarrow
6	2015-05-26	1:1 compost:coco peat; 2 handfulls feather meal per wheelbarrow
7	2015-06-15	1:1 compost:coco peat; 2 handfulls feather meal per wheelbarrow
8	2015-08-10	1:1 compost:coco peat; 2 handfulls feather meal per wheelbarrow
9	2015-09-23	1:1 compost:coco peat; coco peat hydrated with fish emulsion and solukelp; 2 handfulls feather meal per wheelbarrow 
10	2015-11-09	1:1 coir:compost, coir hydrated in solukelp, 2 handfuls of feathermeal per wheelbarrow
\.


--
-- Name: grow_records_soilmediumbatch_id_seq; Type: SEQUENCE SET; Schema: public; Owner: data_garden
--

SELECT pg_catalog.setval('grow_records_soilmediumbatch_id_seq', 10, true);


--
-- Data for Name: grow_records_species; Type: TABLE DATA; Schema: public; Owner: data_garden
--

COPY grow_records_species (id, species, genus_id) FROM stdin;
1	lycopersicum	1
2	annuum	2
3	oleracea	3
4	intybus	4
5	officinalis	5
6	crispum	6
7	endivia	4
8	vulgaris	7
9	sativa	8
10	sativa	9
11	vulgare	10
12	pepo	11
13	melongena	1
14	basilicum	12
15	rapa	3
16	vulgaris	13
17	oleracea	3
18	oleracea	14
19	carinata	3
20	sativum	15
21	oleracea	3
\.


--
-- Name: grow_records_species_id_seq; Type: SEQUENCE SET; Schema: public; Owner: data_garden
--

SELECT pg_catalog.setval('grow_records_species_id_seq', 21, true);


--
-- Data for Name: grow_records_supplier; Type: TABLE DATA; Schema: public; Owner: data_garden
--

COPY grow_records_supplier (id, name) FROM stdin;
\.


--
-- Name: grow_records_supplier_id_seq; Type: SEQUENCE SET; Schema: public; Owner: data_garden
--

SELECT pg_catalog.setval('grow_records_supplier_id_seq', 1, false);


--
-- Data for Name: grow_records_tool; Type: TABLE DATA; Schema: public; Owner: data_garden
--

COPY grow_records_tool (id, name) FROM stdin;
\.


--
-- Name: grow_records_tool_id_seq; Type: SEQUENCE SET; Schema: public; Owner: data_garden
--

SELECT pg_catalog.setval('grow_records_tool_id_seq', 1, false);


--
-- Data for Name: grow_records_variety; Type: TABLE DATA; Schema: public; Owner: data_garden
--

COPY grow_records_variety (id, name, crop_id) FROM stdin;
1	Beatrice	13
2	Astro	9
5	Zephyr	12
6	Regular	9
7	Aroma 2	14
8	Neopolitan	14
9	Nufar	14
10	Spring Raab	15
11	Costata Romanesco	12
12	Goldmine	12
13	Slik Pik	12
14	Safari	12
15	Summer	16
16	Fairy Tale	13
17	Nadia	13
18	Hungarian Hot Wax	2
19	Carmen	2
20	Round of Hungary	2
21	Amish Paste	1
22	Toscano	17
23	arbason	1
24	pink wonder	1
25	favorita	1
26	big beef	1
27	chef's choice orange	1
28	trust	1
29	BHN 876	1
3	common	5
30	tyee	18
31	woodpecker	18
32	space	18
33	Rainbow	19
34	all star gourmet mix	10
35	red ace	20
36	amara	21
37	buttercrunch	10
39	salanova - red butter	10
40	salanova - red oakleaf	10
41	salanova - green butter	10
42	salanova - green oakleaf	10
43	skyphos	10
44	eros	7
45	perseo	4
48	darki	6
47	giant of italy	6
49	clio	24
50	bianca riccia	25
51	red russian	17
52	carmel	18
53	music	26
54	elephant	26
55	siberian red	26
56	georgian	26
57	red german	26
58	continental	26
59	dominic	26
4	sunburst	12
60	spigariello liscia	27
61	sessantina grossa	15
62	bulls blood	20
63	bright lights	19
65	salanova - red sweet crisp	10
64	salanova - green sweet crisp	10
66	salanova - green incised	10
67	salanova - red incised	10
68	5 star mix	10
\.


--
-- Name: grow_records_variety_id_seq; Type: SEQUENCE SET; Schema: public; Owner: data_garden
--

SELECT pg_catalog.setval('grow_records_variety_id_seq', 68, true);


--
-- Data for Name: grow_records_varietyprice; Type: TABLE DATA; Schema: public; Owner: data_garden
--

COPY grow_records_varietyprice (id, date_effective, date_end, price, "price_UOM_id", variety_id) FROM stdin;
\.


--
-- Name: grow_records_varietyprice_id_seq; Type: SEQUENCE SET; Schema: public; Owner: data_garden
--

SELECT pg_catalog.setval('grow_records_varietyprice_id_seq', 1, false);


--
-- Data for Name: grow_records_yielduom; Type: TABLE DATA; Schema: public; Owner: data_garden
--

COPY grow_records_yielduom (id, unit) FROM stdin;
1	kg
\.


--
-- Name: grow_records_yielduom_id_seq; Type: SEQUENCE SET; Schema: public; Owner: data_garden
--

SELECT pg_catalog.setval('grow_records_yielduom_id_seq', 1, true);


--
-- Data for Name: pages_link; Type: TABLE DATA; Schema: public; Owner: data_garden
--

COPY pages_link (page_ptr_id) FROM stdin;
\.


--
-- Data for Name: pages_page; Type: TABLE DATA; Schema: public; Owner: data_garden
--

COPY pages_page (id, keywords_string, title, slug, _meta_title, description, gen_description, created, updated, status, publish_date, expiry_date, short_url, in_sitemap, _order, in_menus, titles, content_model, login_required, parent_id, site_id) FROM stdin;
1		Blog	blog	\N	Blog	t	\N	\N	2	\N	\N	\N	t	1	1,2,3	Blog	richtextpage	f	\N	1
6		bed records	grow_records/bed_records		bed records	t	2015-12-27 03:45:12.031748+00	2015-12-27 03:45:12.035677+00	2	2015-12-27 03:45:12.031417+00	\N	\N	t	0	1,2,3	View / bed records	richtextpage	f	4	3
7		nursery records	grow_records/nursery		nursery records	t	2015-12-27 03:45:49.163767+00	2015-12-27 03:45:49.166512+00	2	2015-12-27 03:45:49.163534+00	\N	\N	t	1	1,2,3	View / nursery records	richtextpage	f	4	3
4		view	view		Now that there is the Tec-9, a crappy spray gun from South Miami. This gun is advertised as the most popular gun in American crime. Do you believe that shit? It actually says that in the little book that comes with it: the most popular gun in American crime. Like they're actually proud of that shit.	t	2015-12-27 03:44:09.433322+00	2015-12-27 04:33:43.726282+00	2	2015-12-27 03:44:09+00	\N	\N	t	1	1,2,3	view	richtextpage	f	\N	3
5		analyse	analyse		Now that there is the Tec-9, a crappy spray gun from South Miami. This gun is advertised as the most popular gun in American crime. Do you believe that shit? It actually says that in the little book that comes with it: the most popular gun in American crime. Like they're actually proud of that shit.	t	2015-12-27 03:44:25.835154+00	2015-12-27 04:33:52.014429+00	2	2015-12-27 03:44:25+00	\N	\N	t	2	1,2,3	analyse	richtextpage	f	\N	3
3		record	record		Now that there is the Tec-9, a crappy spray gun from South Miami. This gun is advertised as the most popular gun in American crime. Do you believe that shit? It actually says that in the little book that comes with it: the most popular gun in American crime. Like they're actually proud of that shit.	t	2015-12-27 03:43:30.322447+00	2015-12-27 04:34:25.729015+00	2	2015-12-27 03:43:30+00	\N	\N	t	0	1,2,3	record	richtextpage	f	\N	3
\.


--
-- Name: pages_page_id_seq; Type: SEQUENCE SET; Schema: public; Owner: data_garden
--

SELECT pg_catalog.setval('pages_page_id_seq', 7, true);


--
-- Data for Name: pages_richtextpage; Type: TABLE DATA; Schema: public; Owner: data_garden
--

COPY pages_richtextpage (page_ptr_id, content) FROM stdin;
1	<p>Blog</p>
4	<p class="lead" style="margin: 0px 0px 10px;">Now that there is the Tec-9, a crappy spray gun from South Miami. This gun is advertised as the most popular gun in American crime. Do you believe that shit? It actually says that in the little book that comes with it: the most popular gun in American crime. Like they're actually proud of that shit.</p>\n<p style="margin: 0px 0px 10px;">Look, just because I don't be givin' no man a foot massage don't make it right for Marsellus to throw Antwone into a glass motherfuckin' house, fuckin' up the way the nigger talks. Motherfucker do that shit to me, he better paralyze my ass, 'cause I'll kill the motherfucker, know what I'm sayin'?</p>\n<h2>Is she dead, yes or no?</h2>\n<p style="margin: 0px 0px 10px;">Well, the way they make shows is, they make one show. That show's called a pilot. Then they show that show to the people who make shows, and on the strength of that one show they decide if they're going to make more shows. Some pilots get picked and become television programs. Some don't, become nothing. She starred in one of the ones that became nothing.</p>\n<h2>Are you ready for the truth?</h2>\n<p style="margin: 0px 0px 10px;">Now that there is the Tec-9, a crappy spray gun from South Miami. This gun is advertised as the most popular gun in American crime. Do you believe that shit? It actually says that in the little book that comes with it: the most popular gun in American crime. Like they're actually proud of that shit.</p>\n<div><a href="http://slipsum.com">lorem ipsum</a></div>\n<p></p>
6	<p>bed records</p>
7	<p>nursery records</p>
3	<p class="lead" style="margin: 0px 0px 10px;">Now that there is the Tec-9, a crappy spray gun from South Miami. This gun is advertised as the most popular gun in American crime. Do you believe that shit? It actually says that in the little book that comes with it: the most popular gun in American crime. Like they're actually proud of that shit.</p>\n<p style="margin: 0px 0px 10px;">Look, just because I don't be givin' no man a foot massage don't make it right for Marsellus to throw Antwone into a glass motherfuckin' house, fuckin' up the way the nigger talks. Motherfucker do that shit to me, he better paralyze my ass, 'cause I'll kill the motherfucker, know what I'm sayin'?</p>\n<h2>Is she dead, yes or no?</h2>\n<p style="margin: 0px 0px 10px;">Well, the way they make shows is, they make one show. That show's called a pilot. Then they show that show to the people who make shows, and on the strength of that one show they decide if they're going to make more shows. Some pilots get picked and become television programs. Some don't, become nothing. She starred in one of the ones that became nothing.</p>\n<h2>Are you ready for the truth?</h2>\n<p style="margin: 0px 0px 10px;">Now that there is the Tec-9, a crappy spray gun from South Miami. This gun is advertised as the most popular gun in American crime. Do you believe that shit? It actually says that in the little book that comes with it: the most popular gun in American crime. Like they're actually proud of that shit.</p>\n<div><a href="http://slipsum.com">lorem ipsum</a></div>\n<p></p>
5	<p class="lead" style="margin: 0px 0px 10px;">Now that there is the Tec-9, a crappy spray gun from South Miami. This gun is advertised as the most popular gun in American crime. Do you believe that shit? It actually says that in the little book that comes with it: the most popular gun in American crime. Like they're actually proud of that shit.</p>\n<p style="margin: 0px 0px 10px;">Look, just because I don't be givin' no man a foot massage don't make it right for Marsellus to throw Antwone into a glass motherfuckin' house, fuckin' up the way the nigger talks. Motherfucker do that shit to me, he better paralyze my ass, 'cause I'll kill the motherfucker, know what I'm sayin'?</p>\n<h2>Is she dead, yes or no?</h2>\n<p style="margin: 0px 0px 10px;">Well, the way they make shows is, they make one show. That show's called a pilot. Then they show that show to the people who make shows, and on the strength of that one show they decide if they're going to make more shows. Some pilots get picked and become television programs. Some don't, become nothing. She starred in one of the ones that became nothing.</p>\n<h2>Are you ready for the truth?</h2>\n<p style="margin: 0px 0px 10px;">Now that there is the Tec-9, a crappy spray gun from South Miami. This gun is advertised as the most popular gun in American crime. Do you believe that shit? It actually says that in the little book that comes with it: the most popular gun in American crime. Like they're actually proud of that shit.</p>\n<div><a href="http://slipsum.com">lorem ipsum</a></div>\n<p></p>
\.


--
-- Data for Name: polls_choice; Type: TABLE DATA; Schema: public; Owner: data_garden
--

COPY polls_choice (id, choice_text, votes, question_id) FROM stdin;
\.


--
-- Name: polls_choice_id_seq; Type: SEQUENCE SET; Schema: public; Owner: data_garden
--

SELECT pg_catalog.setval('polls_choice_id_seq', 1, false);


--
-- Data for Name: polls_question; Type: TABLE DATA; Schema: public; Owner: data_garden
--

COPY polls_question (id, question_text, pub_date) FROM stdin;
\.


--
-- Name: polls_question_id_seq; Type: SEQUENCE SET; Schema: public; Owner: data_garden
--

SELECT pg_catalog.setval('polls_question_id_seq', 1, false);


--
-- Data for Name: twitter_query; Type: TABLE DATA; Schema: public; Owner: data_garden
--

COPY twitter_query (id, type, value, interested) FROM stdin;
1	search	from:stephen_mcd mezzanine	t
\.


--
-- Name: twitter_query_id_seq; Type: SEQUENCE SET; Schema: public; Owner: data_garden
--

SELECT pg_catalog.setval('twitter_query_id_seq', 1, true);


--
-- Data for Name: twitter_tweet; Type: TABLE DATA; Schema: public; Owner: data_garden
--

COPY twitter_tweet (id, remote_id, created_at, text, profile_image_url, user_name, full_name, retweeter_profile_image_url, retweeter_user_name, retweeter_full_name, query_id) FROM stdin;
1	632419261495971840	2015-08-15 05:10:52+00	Anyone up for some freelance django + mezzanine work? Ideally in AU. cc: <a href="http://twitter.com/stephen_mcd">@stephen_mcd</a>	http://pbs.twimg.com/profile_images/507692387347349504/RjmEwT4o_normal.jpeg	dpn	David P. Novakovic	http://pbs.twimg.com/profile_images/591915345264283648/nxrtn_Up_normal.jpg	stephen_mcd	Stephen McDonald	1
2	652290064693637120	2015-10-09 01:10:45+00	and that's created by <a href="http://twitter.com/appdynamics">@appdynamics</a> whose site is running Mezzanine! <a href="http://t.co/OLFLu00OOD">http://t.co/OLFLu00OOD</a> <a href="http://twitter.com/search?q=%23django">#django</a>	http://pbs.twimg.com/profile_images/591915345264283648/nxrtn_Up_normal.jpg	stephen_mcd	Stephen McDonald	\N	\N	\N	1
3	652288655747248128	2015-10-09 01:05:09+00	mezzanine-smartlings integrates Mezzanine content with the Smartling translation service, pretty cool: <a href="https://t.co/hjxhVfAgdW">https://t.co/hjxhVfAgdW</a> <a href="http://twitter.com/search?q=%23django">#django</a>	http://pbs.twimg.com/profile_images/591915345264283648/nxrtn_Up_normal.jpg	stephen_mcd	Stephen McDonald	\N	\N	\N	1
4	658462937749696512	2015-10-26 01:59:32+00	I'm giving a talk on Mezzanine internals at SyDjango this week, come check it out: <a href="https://t.co/GZFZRCce4J">https://t.co/GZFZRCce4J</a> <a href="http://twitter.com/search?q=%23django">#django</a>	http://pbs.twimg.com/profile_images/591915345264283648/nxrtn_Up_normal.jpg	stephen_mcd	Stephen McDonald	\N	\N	\N	1
5	659865810098237440	2015-10-29 22:54:03+00	Also great meeting some Mezzanine devs for the first time &amp; learning about dozens of Mezzanine sites they've built, very inspiring <a href="http://twitter.com/search?q=%23django">#django</a>	http://pbs.twimg.com/profile_images/591915345264283648/nxrtn_Up_normal.jpg	stephen_mcd	Stephen McDonald	\N	\N	\N	1
6	659865505109442560	2015-10-29 22:52:50+00	I had a great time presenting at SyDjango last night - thanks to <a href="http://twitter.com/mattoc">@mattoc</a> for hosting! Here are my slides: <a href="https://t.co/a5rIQSWRqy">https://t.co/a5rIQSWRqy</a> <a href="http://twitter.com/search?q=%23django">#django</a>	http://pbs.twimg.com/profile_images/591915345264283648/nxrtn_Up_normal.jpg	stephen_mcd	Stephen McDonald	\N	\N	\N	1
7	668934202713206784	2015-11-23 23:28:36+00	Mezzanine Menus with Materialize CSS <a href="https://t.co/4O6P7VD50F">https://t.co/4O6P7VD50F</a> <a href="http://twitter.com/search?q=%23django">#django</a>	http://pbs.twimg.com/profile_images/591915345264283648/nxrtn_Up_normal.jpg	stephen_mcd	Stephen McDonald	\N	\N	\N	1
8	671644772113604608	2015-12-01 10:59:26+00	Wordpress shortcodes for Mezzanine: <a href="https://t.co/QfZU1dC25j">https://t.co/QfZU1dC25j</a> <a href="http://twitter.com/search?q=%23django">#django</a>	http://pbs.twimg.com/profile_images/591915345264283648/nxrtn_Up_normal.jpg	stephen_mcd	Stephen McDonald	\N	\N	\N	1
9	679797749378887686	2015-12-23 22:56:28+00	Just published some talks! 1st is "Inside Mezzanine", covers technical details about the core CMS features: <a href="https://t.co/EmHt4ouB0X">https://t.co/EmHt4ouB0X</a> <a href="http://twitter.com/search?q=%23django">#django</a>	http://pbs.twimg.com/profile_images/591915345264283648/nxrtn_Up_normal.jpg	stephen_mcd	Stephen McDonald	\N	\N	\N	1
\.


--
-- Name: twitter_tweet_id_seq; Type: SEQUENCE SET; Schema: public; Owner: data_garden
--

SELECT pg_catalog.setval('twitter_tweet_id_seq', 9, true);


--
-- Name: address_address_pkey; Type: CONSTRAINT; Schema: public; Owner: data_garden; Tablespace: 
--

ALTER TABLE ONLY address_address
    ADD CONSTRAINT address_address_pkey PRIMARY KEY (id);


--
-- Name: address_country_name_key; Type: CONSTRAINT; Schema: public; Owner: data_garden; Tablespace: 
--

ALTER TABLE ONLY address_country
    ADD CONSTRAINT address_country_name_key UNIQUE (name);


--
-- Name: address_country_pkey; Type: CONSTRAINT; Schema: public; Owner: data_garden; Tablespace: 
--

ALTER TABLE ONLY address_country
    ADD CONSTRAINT address_country_pkey PRIMARY KEY (id);


--
-- Name: address_locality_name_14d865ee205f510e_uniq; Type: CONSTRAINT; Schema: public; Owner: data_garden; Tablespace: 
--

ALTER TABLE ONLY address_locality
    ADD CONSTRAINT address_locality_name_14d865ee205f510e_uniq UNIQUE (name, state_id);


--
-- Name: address_locality_pkey; Type: CONSTRAINT; Schema: public; Owner: data_garden; Tablespace: 
--

ALTER TABLE ONLY address_locality
    ADD CONSTRAINT address_locality_pkey PRIMARY KEY (id);


--
-- Name: address_state_name_e77ae1610a855aa_uniq; Type: CONSTRAINT; Schema: public; Owner: data_garden; Tablespace: 
--

ALTER TABLE ONLY address_state
    ADD CONSTRAINT address_state_name_e77ae1610a855aa_uniq UNIQUE (name, country_id);


--
-- Name: address_state_pkey; Type: CONSTRAINT; Schema: public; Owner: data_garden; Tablespace: 
--

ALTER TABLE ONLY address_state
    ADD CONSTRAINT address_state_pkey PRIMARY KEY (id);


--
-- Name: auth_group_name_key; Type: CONSTRAINT; Schema: public; Owner: data_garden; Tablespace: 
--

ALTER TABLE ONLY auth_group
    ADD CONSTRAINT auth_group_name_key UNIQUE (name);


--
-- Name: auth_group_permissions_group_id_permission_id_key; Type: CONSTRAINT; Schema: public; Owner: data_garden; Tablespace: 
--

ALTER TABLE ONLY auth_group_permissions
    ADD CONSTRAINT auth_group_permissions_group_id_permission_id_key UNIQUE (group_id, permission_id);


--
-- Name: auth_group_permissions_pkey; Type: CONSTRAINT; Schema: public; Owner: data_garden; Tablespace: 
--

ALTER TABLE ONLY auth_group_permissions
    ADD CONSTRAINT auth_group_permissions_pkey PRIMARY KEY (id);


--
-- Name: auth_group_pkey; Type: CONSTRAINT; Schema: public; Owner: data_garden; Tablespace: 
--

ALTER TABLE ONLY auth_group
    ADD CONSTRAINT auth_group_pkey PRIMARY KEY (id);


--
-- Name: auth_permission_content_type_id_codename_key; Type: CONSTRAINT; Schema: public; Owner: data_garden; Tablespace: 
--

ALTER TABLE ONLY auth_permission
    ADD CONSTRAINT auth_permission_content_type_id_codename_key UNIQUE (content_type_id, codename);


--
-- Name: auth_permission_pkey; Type: CONSTRAINT; Schema: public; Owner: data_garden; Tablespace: 
--

ALTER TABLE ONLY auth_permission
    ADD CONSTRAINT auth_permission_pkey PRIMARY KEY (id);


--
-- Name: auth_user_groups_pkey; Type: CONSTRAINT; Schema: public; Owner: data_garden; Tablespace: 
--

ALTER TABLE ONLY auth_user_groups
    ADD CONSTRAINT auth_user_groups_pkey PRIMARY KEY (id);


--
-- Name: auth_user_groups_user_id_group_id_key; Type: CONSTRAINT; Schema: public; Owner: data_garden; Tablespace: 
--

ALTER TABLE ONLY auth_user_groups
    ADD CONSTRAINT auth_user_groups_user_id_group_id_key UNIQUE (user_id, group_id);


--
-- Name: auth_user_pkey; Type: CONSTRAINT; Schema: public; Owner: data_garden; Tablespace: 
--

ALTER TABLE ONLY auth_user
    ADD CONSTRAINT auth_user_pkey PRIMARY KEY (id);


--
-- Name: auth_user_user_permissions_pkey; Type: CONSTRAINT; Schema: public; Owner: data_garden; Tablespace: 
--

ALTER TABLE ONLY auth_user_user_permissions
    ADD CONSTRAINT auth_user_user_permissions_pkey PRIMARY KEY (id);


--
-- Name: auth_user_user_permissions_user_id_permission_id_key; Type: CONSTRAINT; Schema: public; Owner: data_garden; Tablespace: 
--

ALTER TABLE ONLY auth_user_user_permissions
    ADD CONSTRAINT auth_user_user_permissions_user_id_permission_id_key UNIQUE (user_id, permission_id);


--
-- Name: auth_user_username_key; Type: CONSTRAINT; Schema: public; Owner: data_garden; Tablespace: 
--

ALTER TABLE ONLY auth_user
    ADD CONSTRAINT auth_user_username_key UNIQUE (username);


--
-- Name: blog_blogcategory_pkey; Type: CONSTRAINT; Schema: public; Owner: data_garden; Tablespace: 
--

ALTER TABLE ONLY blog_blogcategory
    ADD CONSTRAINT blog_blogcategory_pkey PRIMARY KEY (id);


--
-- Name: blog_blogpost_categories_blogpost_id_blogcategory_id_key; Type: CONSTRAINT; Schema: public; Owner: data_garden; Tablespace: 
--

ALTER TABLE ONLY blog_blogpost_categories
    ADD CONSTRAINT blog_blogpost_categories_blogpost_id_blogcategory_id_key UNIQUE (blogpost_id, blogcategory_id);


--
-- Name: blog_blogpost_categories_pkey; Type: CONSTRAINT; Schema: public; Owner: data_garden; Tablespace: 
--

ALTER TABLE ONLY blog_blogpost_categories
    ADD CONSTRAINT blog_blogpost_categories_pkey PRIMARY KEY (id);


--
-- Name: blog_blogpost_pkey; Type: CONSTRAINT; Schema: public; Owner: data_garden; Tablespace: 
--

ALTER TABLE ONLY blog_blogpost
    ADD CONSTRAINT blog_blogpost_pkey PRIMARY KEY (id);


--
-- Name: blog_blogpost_related_posts_from_blogpost_id_to_blogpost_id_key; Type: CONSTRAINT; Schema: public; Owner: data_garden; Tablespace: 
--

ALTER TABLE ONLY blog_blogpost_related_posts
    ADD CONSTRAINT blog_blogpost_related_posts_from_blogpost_id_to_blogpost_id_key UNIQUE (from_blogpost_id, to_blogpost_id);


--
-- Name: blog_blogpost_related_posts_pkey; Type: CONSTRAINT; Schema: public; Owner: data_garden; Tablespace: 
--

ALTER TABLE ONLY blog_blogpost_related_posts
    ADD CONSTRAINT blog_blogpost_related_posts_pkey PRIMARY KEY (id);


--
-- Name: conf_setting_pkey; Type: CONSTRAINT; Schema: public; Owner: data_garden; Tablespace: 
--

ALTER TABLE ONLY conf_setting
    ADD CONSTRAINT conf_setting_pkey PRIMARY KEY (id);


--
-- Name: core_sitepermission_pkey; Type: CONSTRAINT; Schema: public; Owner: data_garden; Tablespace: 
--

ALTER TABLE ONLY core_sitepermission
    ADD CONSTRAINT core_sitepermission_pkey PRIMARY KEY (id);


--
-- Name: core_sitepermission_sites_pkey; Type: CONSTRAINT; Schema: public; Owner: data_garden; Tablespace: 
--

ALTER TABLE ONLY core_sitepermission_sites
    ADD CONSTRAINT core_sitepermission_sites_pkey PRIMARY KEY (id);


--
-- Name: core_sitepermission_sites_sitepermission_id_site_id_key; Type: CONSTRAINT; Schema: public; Owner: data_garden; Tablespace: 
--

ALTER TABLE ONLY core_sitepermission_sites
    ADD CONSTRAINT core_sitepermission_sites_sitepermission_id_site_id_key UNIQUE (sitepermission_id, site_id);


--
-- Name: core_sitepermission_user_id_key; Type: CONSTRAINT; Schema: public; Owner: data_garden; Tablespace: 
--

ALTER TABLE ONLY core_sitepermission
    ADD CONSTRAINT core_sitepermission_user_id_key UNIQUE (user_id);


--
-- Name: django_admin_log_pkey; Type: CONSTRAINT; Schema: public; Owner: data_garden; Tablespace: 
--

ALTER TABLE ONLY django_admin_log
    ADD CONSTRAINT django_admin_log_pkey PRIMARY KEY (id);


--
-- Name: django_comment_flags_pkey; Type: CONSTRAINT; Schema: public; Owner: data_garden; Tablespace: 
--

ALTER TABLE ONLY django_comment_flags
    ADD CONSTRAINT django_comment_flags_pkey PRIMARY KEY (id);


--
-- Name: django_comment_flags_user_id_c7a132a641f11c1_uniq; Type: CONSTRAINT; Schema: public; Owner: data_garden; Tablespace: 
--

ALTER TABLE ONLY django_comment_flags
    ADD CONSTRAINT django_comment_flags_user_id_c7a132a641f11c1_uniq UNIQUE (user_id, comment_id, flag);


--
-- Name: django_comments_pkey; Type: CONSTRAINT; Schema: public; Owner: data_garden; Tablespace: 
--

ALTER TABLE ONLY django_comments
    ADD CONSTRAINT django_comments_pkey PRIMARY KEY (id);


--
-- Name: django_content_type_app_label_45f3b1d93ec8c61c_uniq; Type: CONSTRAINT; Schema: public; Owner: data_garden; Tablespace: 
--

ALTER TABLE ONLY django_content_type
    ADD CONSTRAINT django_content_type_app_label_45f3b1d93ec8c61c_uniq UNIQUE (app_label, model);


--
-- Name: django_content_type_pkey; Type: CONSTRAINT; Schema: public; Owner: data_garden; Tablespace: 
--

ALTER TABLE ONLY django_content_type
    ADD CONSTRAINT django_content_type_pkey PRIMARY KEY (id);


--
-- Name: django_migrations_pkey; Type: CONSTRAINT; Schema: public; Owner: data_garden; Tablespace: 
--

ALTER TABLE ONLY django_migrations
    ADD CONSTRAINT django_migrations_pkey PRIMARY KEY (id);


--
-- Name: django_redirect_pkey; Type: CONSTRAINT; Schema: public; Owner: data_garden; Tablespace: 
--

ALTER TABLE ONLY django_redirect
    ADD CONSTRAINT django_redirect_pkey PRIMARY KEY (id);


--
-- Name: django_redirect_site_id_old_path_key; Type: CONSTRAINT; Schema: public; Owner: data_garden; Tablespace: 
--

ALTER TABLE ONLY django_redirect
    ADD CONSTRAINT django_redirect_site_id_old_path_key UNIQUE (site_id, old_path);


--
-- Name: django_session_pkey; Type: CONSTRAINT; Schema: public; Owner: data_garden; Tablespace: 
--

ALTER TABLE ONLY django_session
    ADD CONSTRAINT django_session_pkey PRIMARY KEY (session_key);


--
-- Name: django_site_pkey; Type: CONSTRAINT; Schema: public; Owner: data_garden; Tablespace: 
--

ALTER TABLE ONLY django_site
    ADD CONSTRAINT django_site_pkey PRIMARY KEY (id);


--
-- Name: forms_field_pkey; Type: CONSTRAINT; Schema: public; Owner: data_garden; Tablespace: 
--

ALTER TABLE ONLY forms_field
    ADD CONSTRAINT forms_field_pkey PRIMARY KEY (id);


--
-- Name: forms_fieldentry_pkey; Type: CONSTRAINT; Schema: public; Owner: data_garden; Tablespace: 
--

ALTER TABLE ONLY forms_fieldentry
    ADD CONSTRAINT forms_fieldentry_pkey PRIMARY KEY (id);


--
-- Name: forms_form_pkey; Type: CONSTRAINT; Schema: public; Owner: data_garden; Tablespace: 
--

ALTER TABLE ONLY forms_form
    ADD CONSTRAINT forms_form_pkey PRIMARY KEY (page_ptr_id);


--
-- Name: forms_formentry_pkey; Type: CONSTRAINT; Schema: public; Owner: data_garden; Tablespace: 
--

ALTER TABLE ONLY forms_formentry
    ADD CONSTRAINT forms_formentry_pkey PRIMARY KEY (id);


--
-- Name: galleries_gallery_pkey; Type: CONSTRAINT; Schema: public; Owner: data_garden; Tablespace: 
--

ALTER TABLE ONLY galleries_gallery
    ADD CONSTRAINT galleries_gallery_pkey PRIMARY KEY (page_ptr_id);


--
-- Name: galleries_galleryimage_pkey; Type: CONSTRAINT; Schema: public; Owner: data_garden; Tablespace: 
--

ALTER TABLE ONLY galleries_galleryimage
    ADD CONSTRAINT galleries_galleryimage_pkey PRIMARY KEY (id);


--
-- Name: generic_assignedkeyword_pkey; Type: CONSTRAINT; Schema: public; Owner: data_garden; Tablespace: 
--

ALTER TABLE ONLY generic_assignedkeyword
    ADD CONSTRAINT generic_assignedkeyword_pkey PRIMARY KEY (id);


--
-- Name: generic_keyword_pkey; Type: CONSTRAINT; Schema: public; Owner: data_garden; Tablespace: 
--

ALTER TABLE ONLY generic_keyword
    ADD CONSTRAINT generic_keyword_pkey PRIMARY KEY (id);


--
-- Name: generic_rating_pkey; Type: CONSTRAINT; Schema: public; Owner: data_garden; Tablespace: 
--

ALTER TABLE ONLY generic_rating
    ADD CONSTRAINT generic_rating_pkey PRIMARY KEY (id);


--
-- Name: generic_threadedcomment_pkey; Type: CONSTRAINT; Schema: public; Owner: data_garden; Tablespace: 
--

ALTER TABLE ONLY generic_threadedcomment
    ADD CONSTRAINT generic_threadedcomment_pkey PRIMARY KEY (comment_ptr_id);


--
-- Name: grow_records_action_pkey; Type: CONSTRAINT; Schema: public; Owner: data_garden; Tablespace: 
--

ALTER TABLE ONLY grow_records_action
    ADD CONSTRAINT grow_records_action_pkey PRIMARY KEY (id);


--
-- Name: grow_records_ammendinnoculate_pkey; Type: CONSTRAINT; Schema: public; Owner: data_garden; Tablespace: 
--

ALTER TABLE ONLY grow_records_ammendinnoculate
    ADD CONSTRAINT grow_records_ammendinnoculate_pkey PRIMARY KEY (bedinteraction_ptr_id);


--
-- Name: grow_records_areauom_pkey; Type: CONSTRAINT; Schema: public; Owner: data_garden; Tablespace: 
--

ALTER TABLE ONLY grow_records_areauom
    ADD CONSTRAINT grow_records_areauom_pkey PRIMARY KEY (id);


--
-- Name: grow_records_bed_pkey; Type: CONSTRAINT; Schema: public; Owner: data_garden; Tablespace: 
--

ALTER TABLE ONLY grow_records_bed
    ADD CONSTRAINT grow_records_bed_pkey PRIMARY KEY (id);


--
-- Name: grow_records_bedinteraction_beds_bedinteraction_id_bed_id_key; Type: CONSTRAINT; Schema: public; Owner: data_garden; Tablespace: 
--

ALTER TABLE ONLY grow_records_bedinteraction_beds
    ADD CONSTRAINT grow_records_bedinteraction_beds_bedinteraction_id_bed_id_key UNIQUE (bedinteraction_id, bed_id);


--
-- Name: grow_records_bedinteraction_beds_pkey; Type: CONSTRAINT; Schema: public; Owner: data_garden; Tablespace: 
--

ALTER TABLE ONLY grow_records_bedinteraction_beds
    ADD CONSTRAINT grow_records_bedinteraction_beds_pkey PRIMARY KEY (id);


--
-- Name: grow_records_bedinteraction_pkey; Type: CONSTRAINT; Schema: public; Owner: data_garden; Tablespace: 
--

ALTER TABLE ONLY grow_records_bedinteraction
    ADD CONSTRAINT grow_records_bedinteraction_pkey PRIMARY KEY (action_ptr_id);


--
-- Name: grow_records_bedrecord_pkey; Type: CONSTRAINT; Schema: public; Owner: data_garden; Tablespace: 
--

ALTER TABLE ONLY grow_records_bedrecord
    ADD CONSTRAINT grow_records_bedrecord_pkey PRIMARY KEY (id);


--
-- Name: grow_records_bedset_pkey; Type: CONSTRAINT; Schema: public; Owner: data_garden; Tablespace: 
--

ALTER TABLE ONLY grow_records_bedset
    ADD CONSTRAINT grow_records_bedset_pkey PRIMARY KEY (id);


--
-- Name: grow_records_buyer_pkey; Type: CONSTRAINT; Schema: public; Owner: data_garden; Tablespace: 
--

ALTER TABLE ONLY grow_records_buyer
    ADD CONSTRAINT grow_records_buyer_pkey PRIMARY KEY (id);


--
-- Name: grow_records_buyervarietyprice_pkey; Type: CONSTRAINT; Schema: public; Owner: data_garden; Tablespace: 
--

ALTER TABLE ONLY grow_records_buyervarietyprice
    ADD CONSTRAINT grow_records_buyervarietyprice_pkey PRIMARY KEY (id);


--
-- Name: grow_records_commonname_pkey; Type: CONSTRAINT; Schema: public; Owner: data_garden; Tablespace: 
--

ALTER TABLE ONLY grow_records_commonname
    ADD CONSTRAINT grow_records_commonname_pkey PRIMARY KEY (id);


--
-- Name: grow_records_crop_pkey; Type: CONSTRAINT; Schema: public; Owner: data_garden; Tablespace: 
--

ALTER TABLE ONLY grow_records_crop
    ADD CONSTRAINT grow_records_crop_pkey PRIMARY KEY (id);


--
-- Name: grow_records_deliveryitem_pkey; Type: CONSTRAINT; Schema: public; Owner: data_garden; Tablespace: 
--

ALTER TABLE ONLY grow_records_deliveryitem
    ADD CONSTRAINT grow_records_deliveryitem_pkey PRIMARY KEY (id);


--
-- Name: grow_records_deliveryrecord_pkey; Type: CONSTRAINT; Schema: public; Owner: data_garden; Tablespace: 
--

ALTER TABLE ONLY grow_records_deliveryrecord
    ADD CONSTRAINT grow_records_deliveryrecord_pkey PRIMARY KEY (id);


--
-- Name: grow_records_family_pkey; Type: CONSTRAINT; Schema: public; Owner: data_garden; Tablespace: 
--

ALTER TABLE ONLY grow_records_family
    ADD CONSTRAINT grow_records_family_pkey PRIMARY KEY (id);


--
-- Name: grow_records_fertiliseinnoculate_pkey; Type: CONSTRAINT; Schema: public; Owner: data_garden; Tablespace: 
--

ALTER TABLE ONLY grow_records_fertiliseinnoculate
    ADD CONSTRAINT grow_records_fertiliseinnoculate_pkey PRIMARY KEY (plantinteraction_ptr_id);


--
-- Name: grow_records_genus_pkey; Type: CONSTRAINT; Schema: public; Owner: data_garden; Tablespace: 
--

ALTER TABLE ONLY grow_records_genus
    ADD CONSTRAINT grow_records_genus_pkey PRIMARY KEY (id);


--
-- Name: grow_records_harvestrecord_pkey; Type: CONSTRAINT; Schema: public; Owner: data_garden; Tablespace: 
--

ALTER TABLE ONLY grow_records_harvestrecord
    ADD CONSTRAINT grow_records_harvestrecord_pkey PRIMARY KEY (id);


--
-- Name: grow_records_input_pkey; Type: CONSTRAINT; Schema: public; Owner: data_garden; Tablespace: 
--

ALTER TABLE ONLY grow_records_input
    ADD CONSTRAINT grow_records_input_pkey PRIMARY KEY (id);


--
-- Name: grow_records_lengthuom_pkey; Type: CONSTRAINT; Schema: public; Owner: data_garden; Tablespace: 
--

ALTER TABLE ONLY grow_records_lengthuom
    ADD CONSTRAINT grow_records_lengthuom_pkey PRIMARY KEY (id);


--
-- Name: grow_records_location_pkey; Type: CONSTRAINT; Schema: public; Owner: data_garden; Tablespace: 
--

ALTER TABLE ONLY grow_records_location
    ADD CONSTRAINT grow_records_location_pkey PRIMARY KEY (id);


--
-- Name: grow_records_nurseryrecord_pkey; Type: CONSTRAINT; Schema: public; Owner: data_garden; Tablespace: 
--

ALTER TABLE ONLY grow_records_nurseryrecord
    ADD CONSTRAINT grow_records_nurseryrecord_pkey PRIMARY KEY (id);


--
-- Name: grow_records_plantinteraction_bed_recordss_pkey; Type: CONSTRAINT; Schema: public; Owner: data_garden; Tablespace: 
--

ALTER TABLE ONLY grow_records_plantinteraction_bed_records
    ADD CONSTRAINT grow_records_plantinteraction_bed_recordss_pkey PRIMARY KEY (id);


--
-- Name: grow_records_plantinteraction_nursery_records_pkey; Type: CONSTRAINT; Schema: public; Owner: data_garden; Tablespace: 
--

ALTER TABLE ONLY grow_records_plantinteraction_nursery_records
    ADD CONSTRAINT grow_records_plantinteraction_nursery_records_pkey PRIMARY KEY (id);


--
-- Name: grow_records_plantinteraction_pkey; Type: CONSTRAINT; Schema: public; Owner: data_garden; Tablespace: 
--

ALTER TABLE ONLY grow_records_plantinteraction
    ADD CONSTRAINT grow_records_plantinteraction_pkey PRIMARY KEY (action_ptr_id);


--
-- Name: grow_records_plantinteraction_plantinteraction_id_bedrecord_key; Type: CONSTRAINT; Schema: public; Owner: data_garden; Tablespace: 
--

ALTER TABLE ONLY grow_records_plantinteraction_bed_records
    ADD CONSTRAINT grow_records_plantinteraction_plantinteraction_id_bedrecord_key UNIQUE (plantinteraction_id, bedrecord_id);


--
-- Name: grow_records_plantinteraction_plantinteraction_id_nurseryre_key; Type: CONSTRAINT; Schema: public; Owner: data_garden; Tablespace: 
--

ALTER TABLE ONLY grow_records_plantinteraction_nursery_records
    ADD CONSTRAINT grow_records_plantinteraction_plantinteraction_id_nurseryre_key UNIQUE (plantinteraction_id, nurseryrecord_id);


--
-- Name: grow_records_plantrecord_pkey; Type: CONSTRAINT; Schema: public; Owner: data_garden; Tablespace: 
--

ALTER TABLE ONLY grow_records_plantrecord
    ADD CONSTRAINT grow_records_plantrecord_pkey PRIMARY KEY (id);


--
-- Name: grow_records_potonrecord_pkey; Type: CONSTRAINT; Schema: public; Owner: data_garden; Tablespace: 
--

ALTER TABLE ONLY grow_records_potonrecord
    ADD CONSTRAINT grow_records_potonrecord_pkey PRIMARY KEY (id);


--
-- Name: grow_records_protect_pkey; Type: CONSTRAINT; Schema: public; Owner: data_garden; Tablespace: 
--

ALTER TABLE ONLY grow_records_protect
    ADD CONSTRAINT grow_records_protect_pkey PRIMARY KEY (plantinteraction_ptr_id);


--
-- Name: grow_records_seederrecord_pkey; Type: CONSTRAINT; Schema: public; Owner: data_garden; Tablespace: 
--

ALTER TABLE ONLY grow_records_seederrecord
    ADD CONSTRAINT grow_records_seederrecord_pkey PRIMARY KEY (id);


--
-- Name: grow_records_site_pkey; Type: CONSTRAINT; Schema: public; Owner: data_garden; Tablespace: 
--

ALTER TABLE ONLY grow_records_site
    ADD CONSTRAINT grow_records_site_pkey PRIMARY KEY (id);


--
-- Name: grow_records_soilmediumbatch_pkey; Type: CONSTRAINT; Schema: public; Owner: data_garden; Tablespace: 
--

ALTER TABLE ONLY grow_records_soilmediumbatch
    ADD CONSTRAINT grow_records_soilmediumbatch_pkey PRIMARY KEY (id);


--
-- Name: grow_records_species_pkey; Type: CONSTRAINT; Schema: public; Owner: data_garden; Tablespace: 
--

ALTER TABLE ONLY grow_records_species
    ADD CONSTRAINT grow_records_species_pkey PRIMARY KEY (id);


--
-- Name: grow_records_supplier_pkey; Type: CONSTRAINT; Schema: public; Owner: data_garden; Tablespace: 
--

ALTER TABLE ONLY grow_records_supplier
    ADD CONSTRAINT grow_records_supplier_pkey PRIMARY KEY (id);


--
-- Name: grow_records_tool_pkey; Type: CONSTRAINT; Schema: public; Owner: data_garden; Tablespace: 
--

ALTER TABLE ONLY grow_records_tool
    ADD CONSTRAINT grow_records_tool_pkey PRIMARY KEY (id);


--
-- Name: grow_records_variety_pkey; Type: CONSTRAINT; Schema: public; Owner: data_garden; Tablespace: 
--

ALTER TABLE ONLY grow_records_variety
    ADD CONSTRAINT grow_records_variety_pkey PRIMARY KEY (id);


--
-- Name: grow_records_varietyprice_pkey; Type: CONSTRAINT; Schema: public; Owner: data_garden; Tablespace: 
--

ALTER TABLE ONLY grow_records_varietyprice
    ADD CONSTRAINT grow_records_varietyprice_pkey PRIMARY KEY (id);


--
-- Name: grow_records_yielduom_pkey; Type: CONSTRAINT; Schema: public; Owner: data_garden; Tablespace: 
--

ALTER TABLE ONLY grow_records_yielduom
    ADD CONSTRAINT grow_records_yielduom_pkey PRIMARY KEY (id);


--
-- Name: pages_link_pkey; Type: CONSTRAINT; Schema: public; Owner: data_garden; Tablespace: 
--

ALTER TABLE ONLY pages_link
    ADD CONSTRAINT pages_link_pkey PRIMARY KEY (page_ptr_id);


--
-- Name: pages_page_pkey; Type: CONSTRAINT; Schema: public; Owner: data_garden; Tablespace: 
--

ALTER TABLE ONLY pages_page
    ADD CONSTRAINT pages_page_pkey PRIMARY KEY (id);


--
-- Name: pages_richtextpage_pkey; Type: CONSTRAINT; Schema: public; Owner: data_garden; Tablespace: 
--

ALTER TABLE ONLY pages_richtextpage
    ADD CONSTRAINT pages_richtextpage_pkey PRIMARY KEY (page_ptr_id);


--
-- Name: polls_choice_pkey; Type: CONSTRAINT; Schema: public; Owner: data_garden; Tablespace: 
--

ALTER TABLE ONLY polls_choice
    ADD CONSTRAINT polls_choice_pkey PRIMARY KEY (id);


--
-- Name: polls_question_pkey; Type: CONSTRAINT; Schema: public; Owner: data_garden; Tablespace: 
--

ALTER TABLE ONLY polls_question
    ADD CONSTRAINT polls_question_pkey PRIMARY KEY (id);


--
-- Name: twitter_query_pkey; Type: CONSTRAINT; Schema: public; Owner: data_garden; Tablespace: 
--

ALTER TABLE ONLY twitter_query
    ADD CONSTRAINT twitter_query_pkey PRIMARY KEY (id);


--
-- Name: twitter_tweet_pkey; Type: CONSTRAINT; Schema: public; Owner: data_garden; Tablespace: 
--

ALTER TABLE ONLY twitter_tweet
    ADD CONSTRAINT twitter_tweet_pkey PRIMARY KEY (id);


--
-- Name: address_address_7e3ea948; Type: INDEX; Schema: public; Owner: data_garden; Tablespace: 
--

CREATE INDEX address_address_7e3ea948 ON address_address USING btree (locality_id);


--
-- Name: address_country_name_158645fa5257540_like; Type: INDEX; Schema: public; Owner: data_garden; Tablespace: 
--

CREATE INDEX address_country_name_158645fa5257540_like ON address_country USING btree (name varchar_pattern_ops);


--
-- Name: address_locality_d5582625; Type: INDEX; Schema: public; Owner: data_garden; Tablespace: 
--

CREATE INDEX address_locality_d5582625 ON address_locality USING btree (state_id);


--
-- Name: address_state_93bfec8a; Type: INDEX; Schema: public; Owner: data_garden; Tablespace: 
--

CREATE INDEX address_state_93bfec8a ON address_state USING btree (country_id);


--
-- Name: auth_group_name_253ae2a6331666e8_like; Type: INDEX; Schema: public; Owner: data_garden; Tablespace: 
--

CREATE INDEX auth_group_name_253ae2a6331666e8_like ON auth_group USING btree (name varchar_pattern_ops);


--
-- Name: auth_group_permissions_0e939a4f; Type: INDEX; Schema: public; Owner: data_garden; Tablespace: 
--

CREATE INDEX auth_group_permissions_0e939a4f ON auth_group_permissions USING btree (group_id);


--
-- Name: auth_group_permissions_8373b171; Type: INDEX; Schema: public; Owner: data_garden; Tablespace: 
--

CREATE INDEX auth_group_permissions_8373b171 ON auth_group_permissions USING btree (permission_id);


--
-- Name: auth_permission_417f1b1c; Type: INDEX; Schema: public; Owner: data_garden; Tablespace: 
--

CREATE INDEX auth_permission_417f1b1c ON auth_permission USING btree (content_type_id);


--
-- Name: auth_user_groups_0e939a4f; Type: INDEX; Schema: public; Owner: data_garden; Tablespace: 
--

CREATE INDEX auth_user_groups_0e939a4f ON auth_user_groups USING btree (group_id);


--
-- Name: auth_user_groups_e8701ad4; Type: INDEX; Schema: public; Owner: data_garden; Tablespace: 
--

CREATE INDEX auth_user_groups_e8701ad4 ON auth_user_groups USING btree (user_id);


--
-- Name: auth_user_user_permissions_8373b171; Type: INDEX; Schema: public; Owner: data_garden; Tablespace: 
--

CREATE INDEX auth_user_user_permissions_8373b171 ON auth_user_user_permissions USING btree (permission_id);


--
-- Name: auth_user_user_permissions_e8701ad4; Type: INDEX; Schema: public; Owner: data_garden; Tablespace: 
--

CREATE INDEX auth_user_user_permissions_e8701ad4 ON auth_user_user_permissions USING btree (user_id);


--
-- Name: auth_user_username_51b3b110094b8aae_like; Type: INDEX; Schema: public; Owner: data_garden; Tablespace: 
--

CREATE INDEX auth_user_username_51b3b110094b8aae_like ON auth_user USING btree (username varchar_pattern_ops);


--
-- Name: blog_blogcategory_9365d6e7; Type: INDEX; Schema: public; Owner: data_garden; Tablespace: 
--

CREATE INDEX blog_blogcategory_9365d6e7 ON blog_blogcategory USING btree (site_id);


--
-- Name: blog_blogpost_9365d6e7; Type: INDEX; Schema: public; Owner: data_garden; Tablespace: 
--

CREATE INDEX blog_blogpost_9365d6e7 ON blog_blogpost USING btree (site_id);


--
-- Name: blog_blogpost_categories_53a0aca2; Type: INDEX; Schema: public; Owner: data_garden; Tablespace: 
--

CREATE INDEX blog_blogpost_categories_53a0aca2 ON blog_blogpost_categories USING btree (blogpost_id);


--
-- Name: blog_blogpost_categories_efb54956; Type: INDEX; Schema: public; Owner: data_garden; Tablespace: 
--

CREATE INDEX blog_blogpost_categories_efb54956 ON blog_blogpost_categories USING btree (blogcategory_id);


--
-- Name: blog_blogpost_e8701ad4; Type: INDEX; Schema: public; Owner: data_garden; Tablespace: 
--

CREATE INDEX blog_blogpost_e8701ad4 ON blog_blogpost USING btree (user_id);


--
-- Name: blog_blogpost_publish_date_1015da2554a8e97f_uniq; Type: INDEX; Schema: public; Owner: data_garden; Tablespace: 
--

CREATE INDEX blog_blogpost_publish_date_1015da2554a8e97f_uniq ON blog_blogpost USING btree (publish_date);


--
-- Name: blog_blogpost_related_posts_191c4981; Type: INDEX; Schema: public; Owner: data_garden; Tablespace: 
--

CREATE INDEX blog_blogpost_related_posts_191c4981 ON blog_blogpost_related_posts USING btree (from_blogpost_id);


--
-- Name: blog_blogpost_related_posts_71f16e58; Type: INDEX; Schema: public; Owner: data_garden; Tablespace: 
--

CREATE INDEX blog_blogpost_related_posts_71f16e58 ON blog_blogpost_related_posts USING btree (to_blogpost_id);


--
-- Name: conf_setting_9365d6e7; Type: INDEX; Schema: public; Owner: data_garden; Tablespace: 
--

CREATE INDEX conf_setting_9365d6e7 ON conf_setting USING btree (site_id);


--
-- Name: core_sitepermission_sites_9365d6e7; Type: INDEX; Schema: public; Owner: data_garden; Tablespace: 
--

CREATE INDEX core_sitepermission_sites_9365d6e7 ON core_sitepermission_sites USING btree (site_id);


--
-- Name: core_sitepermission_sites_f6687ce4; Type: INDEX; Schema: public; Owner: data_garden; Tablespace: 
--

CREATE INDEX core_sitepermission_sites_f6687ce4 ON core_sitepermission_sites USING btree (sitepermission_id);


--
-- Name: django_admin_log_417f1b1c; Type: INDEX; Schema: public; Owner: data_garden; Tablespace: 
--

CREATE INDEX django_admin_log_417f1b1c ON django_admin_log USING btree (content_type_id);


--
-- Name: django_admin_log_e8701ad4; Type: INDEX; Schema: public; Owner: data_garden; Tablespace: 
--

CREATE INDEX django_admin_log_e8701ad4 ON django_admin_log USING btree (user_id);


--
-- Name: django_comment_flags_327a6c43; Type: INDEX; Schema: public; Owner: data_garden; Tablespace: 
--

CREATE INDEX django_comment_flags_327a6c43 ON django_comment_flags USING btree (flag);


--
-- Name: django_comment_flags_69b97d17; Type: INDEX; Schema: public; Owner: data_garden; Tablespace: 
--

CREATE INDEX django_comment_flags_69b97d17 ON django_comment_flags USING btree (comment_id);


--
-- Name: django_comment_flags_e8701ad4; Type: INDEX; Schema: public; Owner: data_garden; Tablespace: 
--

CREATE INDEX django_comment_flags_e8701ad4 ON django_comment_flags USING btree (user_id);


--
-- Name: django_comment_flags_flag_686b7398bb858e56_like; Type: INDEX; Schema: public; Owner: data_garden; Tablespace: 
--

CREATE INDEX django_comment_flags_flag_686b7398bb858e56_like ON django_comment_flags USING btree (flag varchar_pattern_ops);


--
-- Name: django_comments_417f1b1c; Type: INDEX; Schema: public; Owner: data_garden; Tablespace: 
--

CREATE INDEX django_comments_417f1b1c ON django_comments USING btree (content_type_id);


--
-- Name: django_comments_9365d6e7; Type: INDEX; Schema: public; Owner: data_garden; Tablespace: 
--

CREATE INDEX django_comments_9365d6e7 ON django_comments USING btree (site_id);


--
-- Name: django_comments_e8701ad4; Type: INDEX; Schema: public; Owner: data_garden; Tablespace: 
--

CREATE INDEX django_comments_e8701ad4 ON django_comments USING btree (user_id);


--
-- Name: django_redirect_91a0b591; Type: INDEX; Schema: public; Owner: data_garden; Tablespace: 
--

CREATE INDEX django_redirect_91a0b591 ON django_redirect USING btree (old_path);


--
-- Name: django_redirect_9365d6e7; Type: INDEX; Schema: public; Owner: data_garden; Tablespace: 
--

CREATE INDEX django_redirect_9365d6e7 ON django_redirect USING btree (site_id);


--
-- Name: django_redirect_old_path_9db3e423470cdaf_like; Type: INDEX; Schema: public; Owner: data_garden; Tablespace: 
--

CREATE INDEX django_redirect_old_path_9db3e423470cdaf_like ON django_redirect USING btree (old_path varchar_pattern_ops);


--
-- Name: django_session_de54fa62; Type: INDEX; Schema: public; Owner: data_garden; Tablespace: 
--

CREATE INDEX django_session_de54fa62 ON django_session USING btree (expire_date);


--
-- Name: django_session_session_key_461cfeaa630ca218_like; Type: INDEX; Schema: public; Owner: data_garden; Tablespace: 
--

CREATE INDEX django_session_session_key_461cfeaa630ca218_like ON django_session USING btree (session_key varchar_pattern_ops);


--
-- Name: forms_field_d6cba1ad; Type: INDEX; Schema: public; Owner: data_garden; Tablespace: 
--

CREATE INDEX forms_field_d6cba1ad ON forms_field USING btree (form_id);


--
-- Name: forms_fieldentry_b64a62ea; Type: INDEX; Schema: public; Owner: data_garden; Tablespace: 
--

CREATE INDEX forms_fieldentry_b64a62ea ON forms_fieldentry USING btree (entry_id);


--
-- Name: forms_formentry_d6cba1ad; Type: INDEX; Schema: public; Owner: data_garden; Tablespace: 
--

CREATE INDEX forms_formentry_d6cba1ad ON forms_formentry USING btree (form_id);


--
-- Name: galleries_galleryimage_6d994cdb; Type: INDEX; Schema: public; Owner: data_garden; Tablespace: 
--

CREATE INDEX galleries_galleryimage_6d994cdb ON galleries_galleryimage USING btree (gallery_id);


--
-- Name: generic_assignedkeyword_417f1b1c; Type: INDEX; Schema: public; Owner: data_garden; Tablespace: 
--

CREATE INDEX generic_assignedkeyword_417f1b1c ON generic_assignedkeyword USING btree (content_type_id);


--
-- Name: generic_assignedkeyword_5c003bba; Type: INDEX; Schema: public; Owner: data_garden; Tablespace: 
--

CREATE INDEX generic_assignedkeyword_5c003bba ON generic_assignedkeyword USING btree (keyword_id);


--
-- Name: generic_keyword_9365d6e7; Type: INDEX; Schema: public; Owner: data_garden; Tablespace: 
--

CREATE INDEX generic_keyword_9365d6e7 ON generic_keyword USING btree (site_id);


--
-- Name: generic_rating_417f1b1c; Type: INDEX; Schema: public; Owner: data_garden; Tablespace: 
--

CREATE INDEX generic_rating_417f1b1c ON generic_rating USING btree (content_type_id);


--
-- Name: generic_rating_e8701ad4; Type: INDEX; Schema: public; Owner: data_garden; Tablespace: 
--

CREATE INDEX generic_rating_e8701ad4 ON generic_rating USING btree (user_id);


--
-- Name: generic_threadedcomment_21ce1e68; Type: INDEX; Schema: public; Owner: data_garden; Tablespace: 
--

CREATE INDEX generic_threadedcomment_21ce1e68 ON generic_threadedcomment USING btree (replied_to_id);


--
-- Name: grow_records_bed_609b4439; Type: INDEX; Schema: public; Owner: data_garden; Tablespace: 
--

CREATE INDEX grow_records_bed_609b4439 ON grow_records_bed USING btree ("length_UOM_id");


--
-- Name: grow_records_bed_6c66e327; Type: INDEX; Schema: public; Owner: data_garden; Tablespace: 
--

CREATE INDEX grow_records_bed_6c66e327 ON grow_records_bed USING btree ("width_UOM_id");


--
-- Name: grow_records_bed_9365d6e7; Type: INDEX; Schema: public; Owner: data_garden; Tablespace: 
--

CREATE INDEX grow_records_bed_9365d6e7 ON grow_records_bed USING btree (site_id);


--
-- Name: grow_records_bed_ea406edb; Type: INDEX; Schema: public; Owner: data_garden; Tablespace: 
--

CREATE INDEX grow_records_bed_ea406edb ON grow_records_bed USING btree (bed_set_id);


--
-- Name: grow_records_bedinteraction_beds_7cd27a4c; Type: INDEX; Schema: public; Owner: data_garden; Tablespace: 
--

CREATE INDEX grow_records_bedinteraction_beds_7cd27a4c ON grow_records_bedinteraction_beds USING btree (bed_id);


--
-- Name: grow_records_bedinteraction_beds_a05a2cc9; Type: INDEX; Schema: public; Owner: data_garden; Tablespace: 
--

CREATE INDEX grow_records_bedinteraction_beds_a05a2cc9 ON grow_records_bedinteraction_beds USING btree (bedinteraction_id);


--
-- Name: grow_records_bedrecord_267c256e; Type: INDEX; Schema: public; Owner: data_garden; Tablespace: 
--

CREATE INDEX grow_records_bedrecord_267c256e ON grow_records_bedrecord USING btree (seeder_id);


--
-- Name: grow_records_bedrecord_464836be; Type: INDEX; Schema: public; Owner: data_garden; Tablespace: 
--

CREATE INDEX grow_records_bedrecord_464836be ON grow_records_bedrecord USING btree (nursery_record_id);


--
-- Name: grow_records_bedrecord_7cd27a4c; Type: INDEX; Schema: public; Owner: data_garden; Tablespace: 
--

CREATE INDEX grow_records_bedrecord_7cd27a4c ON grow_records_bedrecord USING btree (bed_id);


--
-- Name: grow_records_bedrecord_921d5aa4; Type: INDEX; Schema: public; Owner: data_garden; Tablespace: 
--

CREATE INDEX grow_records_bedrecord_921d5aa4 ON grow_records_bedrecord USING btree (variety_id);


--
-- Name: grow_records_bedset_9365d6e7; Type: INDEX; Schema: public; Owner: data_garden; Tablespace: 
--

CREATE INDEX grow_records_bedset_9365d6e7 ON grow_records_bedset USING btree (site_id);


--
-- Name: grow_records_buyervarietyprice_002108a7; Type: INDEX; Schema: public; Owner: data_garden; Tablespace: 
--

CREATE INDEX grow_records_buyervarietyprice_002108a7 ON grow_records_buyervarietyprice USING btree ("price_UOM_id");


--
-- Name: grow_records_buyervarietyprice_2c724d65; Type: INDEX; Schema: public; Owner: data_garden; Tablespace: 
--

CREATE INDEX grow_records_buyervarietyprice_2c724d65 ON grow_records_buyervarietyprice USING btree (buyer_id);


--
-- Name: grow_records_buyervarietyprice_921d5aa4; Type: INDEX; Schema: public; Owner: data_garden; Tablespace: 
--

CREATE INDEX grow_records_buyervarietyprice_921d5aa4 ON grow_records_buyervarietyprice USING btree (variety_id);


--
-- Name: grow_records_commonname_76750efe; Type: INDEX; Schema: public; Owner: data_garden; Tablespace: 
--

CREATE INDEX grow_records_commonname_76750efe ON grow_records_commonname USING btree (crop_id);


--
-- Name: grow_records_crop_1699a6e9; Type: INDEX; Schema: public; Owner: data_garden; Tablespace: 
--

CREATE INDEX grow_records_crop_1699a6e9 ON grow_records_crop USING btree (species_id);


--
-- Name: grow_records_deliveryitem_921d5aa4; Type: INDEX; Schema: public; Owner: data_garden; Tablespace: 
--

CREATE INDEX grow_records_deliveryitem_921d5aa4 ON grow_records_deliveryitem USING btree (variety_id);


--
-- Name: grow_records_deliveryitem_c8c5be59; Type: INDEX; Schema: public; Owner: data_garden; Tablespace: 
--

CREATE INDEX grow_records_deliveryitem_c8c5be59 ON grow_records_deliveryitem USING btree (delivery_record_id);


--
-- Name: grow_records_deliveryitem_d20c933d; Type: INDEX; Schema: public; Owner: data_garden; Tablespace: 
--

CREATE INDEX grow_records_deliveryitem_d20c933d ON grow_records_deliveryitem USING btree ("delivery_UOM_id");


--
-- Name: grow_records_deliveryrecord_2c724d65; Type: INDEX; Schema: public; Owner: data_garden; Tablespace: 
--

CREATE INDEX grow_records_deliveryrecord_2c724d65 ON grow_records_deliveryrecord USING btree (buyer_id);


--
-- Name: grow_records_genus_0caa70f7; Type: INDEX; Schema: public; Owner: data_garden; Tablespace: 
--

CREATE INDEX grow_records_genus_0caa70f7 ON grow_records_genus USING btree (family_id);


--
-- Name: grow_records_harvestrecord_0ef50e78; Type: INDEX; Schema: public; Owner: data_garden; Tablespace: 
--

CREATE INDEX grow_records_harvestrecord_0ef50e78 ON grow_records_harvestrecord USING btree ("yield_UOM_id");


--
-- Name: grow_records_harvestrecord_3ae13f9c; Type: INDEX; Schema: public; Owner: data_garden; Tablespace: 
--

CREATE INDEX grow_records_harvestrecord_3ae13f9c ON grow_records_harvestrecord USING btree (bed_record_id);


--
-- Name: grow_records_input_c5bcd634; Type: INDEX; Schema: public; Owner: data_garden; Tablespace: 
--

CREATE INDEX grow_records_input_c5bcd634 ON grow_records_input USING btree (supplier_id);


--
-- Name: grow_records_nurseryrecord_921d5aa4; Type: INDEX; Schema: public; Owner: data_garden; Tablespace: 
--

CREATE INDEX grow_records_nurseryrecord_921d5aa4 ON grow_records_nurseryrecord USING btree (variety_id);


--
-- Name: grow_records_nurseryrecord_c20e5590; Type: INDEX; Schema: public; Owner: data_garden; Tablespace: 
--

CREATE INDEX grow_records_nurseryrecord_c20e5590 ON grow_records_nurseryrecord USING btree (medium_id);


--
-- Name: grow_records_plantinteraction_bed_recordss_48fbbc61; Type: INDEX; Schema: public; Owner: data_garden; Tablespace: 
--

CREATE INDEX grow_records_plantinteraction_bed_recordss_48fbbc61 ON grow_records_plantinteraction_bed_records USING btree (plantinteraction_id);


--
-- Name: grow_records_plantinteraction_bed_recordss_b46777ff; Type: INDEX; Schema: public; Owner: data_garden; Tablespace: 
--

CREATE INDEX grow_records_plantinteraction_bed_recordss_b46777ff ON grow_records_plantinteraction_bed_records USING btree (bedrecord_id);


--
-- Name: grow_records_plantinteraction_nursery_records_48fbbc61; Type: INDEX; Schema: public; Owner: data_garden; Tablespace: 
--

CREATE INDEX grow_records_plantinteraction_nursery_records_48fbbc61 ON grow_records_plantinteraction_nursery_records USING btree (plantinteraction_id);


--
-- Name: grow_records_plantinteraction_nursery_records_5c507e40; Type: INDEX; Schema: public; Owner: data_garden; Tablespace: 
--

CREATE INDEX grow_records_plantinteraction_nursery_records_5c507e40 ON grow_records_plantinteraction_nursery_records USING btree (nurseryrecord_id);


--
-- Name: grow_records_potonrecord_464836be; Type: INDEX; Schema: public; Owner: data_garden; Tablespace: 
--

CREATE INDEX grow_records_potonrecord_464836be ON grow_records_potonrecord USING btree (nursery_record_id);


--
-- Name: grow_records_potonrecord_c20e5590; Type: INDEX; Schema: public; Owner: data_garden; Tablespace: 
--

CREATE INDEX grow_records_potonrecord_c20e5590 ON grow_records_potonrecord USING btree (medium_id);


--
-- Name: grow_records_site_3913a7cd; Type: INDEX; Schema: public; Owner: data_garden; Tablespace: 
--

CREATE INDEX grow_records_site_3913a7cd ON grow_records_site USING btree ("area_UOM_id");


--
-- Name: grow_records_species_92319714; Type: INDEX; Schema: public; Owner: data_garden; Tablespace: 
--

CREATE INDEX grow_records_species_92319714 ON grow_records_species USING btree (genus_id);


--
-- Name: grow_records_variety_76750efe; Type: INDEX; Schema: public; Owner: data_garden; Tablespace: 
--

CREATE INDEX grow_records_variety_76750efe ON grow_records_variety USING btree (crop_id);


--
-- Name: grow_records_varietyprice_002108a7; Type: INDEX; Schema: public; Owner: data_garden; Tablespace: 
--

CREATE INDEX grow_records_varietyprice_002108a7 ON grow_records_varietyprice USING btree ("price_UOM_id");


--
-- Name: grow_records_varietyprice_921d5aa4; Type: INDEX; Schema: public; Owner: data_garden; Tablespace: 
--

CREATE INDEX grow_records_varietyprice_921d5aa4 ON grow_records_varietyprice USING btree (variety_id);


--
-- Name: pages_page_6be37982; Type: INDEX; Schema: public; Owner: data_garden; Tablespace: 
--

CREATE INDEX pages_page_6be37982 ON pages_page USING btree (parent_id);


--
-- Name: pages_page_9365d6e7; Type: INDEX; Schema: public; Owner: data_garden; Tablespace: 
--

CREATE INDEX pages_page_9365d6e7 ON pages_page USING btree (site_id);


--
-- Name: pages_page_publish_date_4b581dded15f4cdf_uniq; Type: INDEX; Schema: public; Owner: data_garden; Tablespace: 
--

CREATE INDEX pages_page_publish_date_4b581dded15f4cdf_uniq ON pages_page USING btree (publish_date);


--
-- Name: polls_choice_7aa0f6ee; Type: INDEX; Schema: public; Owner: data_garden; Tablespace: 
--

CREATE INDEX polls_choice_7aa0f6ee ON polls_choice USING btree (question_id);


--
-- Name: twitter_tweet_0bbeda9c; Type: INDEX; Schema: public; Owner: data_garden; Tablespace: 
--

CREATE INDEX twitter_tweet_0bbeda9c ON twitter_tweet USING btree (query_id);


--
-- Name: D0735ea942c6e99a080924bfd6876b31; Type: FK CONSTRAINT; Schema: public; Owner: data_garden
--

ALTER TABLE ONLY grow_records_deliveryitem
    ADD CONSTRAINT "D0735ea942c6e99a080924bfd6876b31" FOREIGN KEY (delivery_record_id) REFERENCES grow_records_deliveryrecord(id) DEFERRABLE INITIALLY DEFERRED;


--
-- Name: D1e175c877e399973616e0b9070f1592; Type: FK CONSTRAINT; Schema: public; Owner: data_garden
--

ALTER TABLE ONLY grow_records_plantinteraction_nursery_records
    ADD CONSTRAINT "D1e175c877e399973616e0b9070f1592" FOREIGN KEY (plantinteraction_id) REFERENCES grow_records_plantinteraction(action_ptr_id) DEFERRABLE INITIALLY DEFERRED;


--
-- Name: D4a2c7384a25dddbc273600e4a22a760; Type: FK CONSTRAINT; Schema: public; Owner: data_garden
--

ALTER TABLE ONLY grow_records_bedinteraction_beds
    ADD CONSTRAINT "D4a2c7384a25dddbc273600e4a22a760" FOREIGN KEY (bedinteraction_id) REFERENCES grow_records_bedinteraction(action_ptr_id) DEFERRABLE INITIALLY DEFERRED;


--
-- Name: D79ac3c6caef9aa94d0cb519b2630c11; Type: FK CONSTRAINT; Schema: public; Owner: data_garden
--

ALTER TABLE ONLY grow_records_fertiliseinnoculate
    ADD CONSTRAINT "D79ac3c6caef9aa94d0cb519b2630c11" FOREIGN KEY (plantinteraction_ptr_id) REFERENCES grow_records_plantinteraction(action_ptr_id) DEFERRABLE INITIALLY DEFERRED;


--
-- Name: D8106fafc685bfb4c0e66d978dfa8655; Type: FK CONSTRAINT; Schema: public; Owner: data_garden
--

ALTER TABLE ONLY grow_records_bedrecord
    ADD CONSTRAINT "D8106fafc685bfb4c0e66d978dfa8655" FOREIGN KEY (nursery_record_id) REFERENCES grow_records_nurseryrecord(id) DEFERRABLE INITIALLY DEFERRED;


--
-- Name: D8e54ed6535e17a5f07b3f5887fe55ff; Type: FK CONSTRAINT; Schema: public; Owner: data_garden
--

ALTER TABLE ONLY generic_threadedcomment
    ADD CONSTRAINT "D8e54ed6535e17a5f07b3f5887fe55ff" FOREIGN KEY (replied_to_id) REFERENCES generic_threadedcomment(comment_ptr_id) DEFERRABLE INITIALLY DEFERRED;


--
-- Name: D903e2c682fd67f2adb6219ea23e0392; Type: FK CONSTRAINT; Schema: public; Owner: data_garden
--

ALTER TABLE ONLY grow_records_plantinteraction_bed_records
    ADD CONSTRAINT "D903e2c682fd67f2adb6219ea23e0392" FOREIGN KEY (plantinteraction_id) REFERENCES grow_records_plantinteraction(action_ptr_id) DEFERRABLE INITIALLY DEFERRED;


--
-- Name: address_add_locality_id_460b4836536fb5cd_fk_address_locality_id; Type: FK CONSTRAINT; Schema: public; Owner: data_garden
--

ALTER TABLE ONLY address_address
    ADD CONSTRAINT address_add_locality_id_460b4836536fb5cd_fk_address_locality_id FOREIGN KEY (locality_id) REFERENCES address_locality(id) DEFERRABLE INITIALLY DEFERRED;


--
-- Name: address_locality_state_id_618cabfd8070dd7c_fk_address_state_id; Type: FK CONSTRAINT; Schema: public; Owner: data_garden
--

ALTER TABLE ONLY address_locality
    ADD CONSTRAINT address_locality_state_id_618cabfd8070dd7c_fk_address_state_id FOREIGN KEY (state_id) REFERENCES address_state(id) DEFERRABLE INITIALLY DEFERRED;


--
-- Name: address_state_country_id_d14b77267ddc8c8_fk_address_country_id; Type: FK CONSTRAINT; Schema: public; Owner: data_garden
--

ALTER TABLE ONLY address_state
    ADD CONSTRAINT address_state_country_id_d14b77267ddc8c8_fk_address_country_id FOREIGN KEY (country_id) REFERENCES address_country(id) DEFERRABLE INITIALLY DEFERRED;


--
-- Name: af108feabbe636853d78bfef7e9aad02; Type: FK CONSTRAINT; Schema: public; Owner: data_garden
--

ALTER TABLE ONLY grow_records_protect
    ADD CONSTRAINT af108feabbe636853d78bfef7e9aad02 FOREIGN KEY (plantinteraction_ptr_id) REFERENCES grow_records_plantinteraction(action_ptr_id) DEFERRABLE INITIALLY DEFERRED;


--
-- Name: auth_content_type_id_508cf46651277a81_fk_django_content_type_id; Type: FK CONSTRAINT; Schema: public; Owner: data_garden
--

ALTER TABLE ONLY auth_permission
    ADD CONSTRAINT auth_content_type_id_508cf46651277a81_fk_django_content_type_id FOREIGN KEY (content_type_id) REFERENCES django_content_type(id) DEFERRABLE INITIALLY DEFERRED;


--
-- Name: auth_group_permissio_group_id_689710a9a73b7457_fk_auth_group_id; Type: FK CONSTRAINT; Schema: public; Owner: data_garden
--

ALTER TABLE ONLY auth_group_permissions
    ADD CONSTRAINT auth_group_permissio_group_id_689710a9a73b7457_fk_auth_group_id FOREIGN KEY (group_id) REFERENCES auth_group(id) DEFERRABLE INITIALLY DEFERRED;


--
-- Name: auth_group_permission_id_1f49ccbbdc69d2fc_fk_auth_permission_id; Type: FK CONSTRAINT; Schema: public; Owner: data_garden
--

ALTER TABLE ONLY auth_group_permissions
    ADD CONSTRAINT auth_group_permission_id_1f49ccbbdc69d2fc_fk_auth_permission_id FOREIGN KEY (permission_id) REFERENCES auth_permission(id) DEFERRABLE INITIALLY DEFERRED;


--
-- Name: auth_user__permission_id_384b62483d7071f0_fk_auth_permission_id; Type: FK CONSTRAINT; Schema: public; Owner: data_garden
--

ALTER TABLE ONLY auth_user_user_permissions
    ADD CONSTRAINT auth_user__permission_id_384b62483d7071f0_fk_auth_permission_id FOREIGN KEY (permission_id) REFERENCES auth_permission(id) DEFERRABLE INITIALLY DEFERRED;


--
-- Name: auth_user_groups_group_id_33ac548dcf5f8e37_fk_auth_group_id; Type: FK CONSTRAINT; Schema: public; Owner: data_garden
--

ALTER TABLE ONLY auth_user_groups
    ADD CONSTRAINT auth_user_groups_group_id_33ac548dcf5f8e37_fk_auth_group_id FOREIGN KEY (group_id) REFERENCES auth_group(id) DEFERRABLE INITIALLY DEFERRED;


--
-- Name: auth_user_groups_user_id_4b5ed4ffdb8fd9b0_fk_auth_user_id; Type: FK CONSTRAINT; Schema: public; Owner: data_garden
--

ALTER TABLE ONLY auth_user_groups
    ADD CONSTRAINT auth_user_groups_user_id_4b5ed4ffdb8fd9b0_fk_auth_user_id FOREIGN KEY (user_id) REFERENCES auth_user(id) DEFERRABLE INITIALLY DEFERRED;


--
-- Name: auth_user_user_permiss_user_id_7f0938558328534a_fk_auth_user_id; Type: FK CONSTRAINT; Schema: public; Owner: data_garden
--

ALTER TABLE ONLY auth_user_user_permissions
    ADD CONSTRAINT auth_user_user_permiss_user_id_7f0938558328534a_fk_auth_user_id FOREIGN KEY (user_id) REFERENCES auth_user(id) DEFERRABLE INITIALLY DEFERRED;


--
-- Name: b9f26fa318bc6c2d9dc7dc4f61bb3afe; Type: FK CONSTRAINT; Schema: public; Owner: data_garden
--

ALTER TABLE ONLY grow_records_potonrecord
    ADD CONSTRAINT b9f26fa318bc6c2d9dc7dc4f61bb3afe FOREIGN KEY (nursery_record_id) REFERENCES grow_records_nurseryrecord(id) DEFERRABLE INITIALLY DEFERRED;


--
-- Name: bf7106193b3e81a44d93835157ceafaf; Type: FK CONSTRAINT; Schema: public; Owner: data_garden
--

ALTER TABLE ONLY grow_records_ammendinnoculate
    ADD CONSTRAINT bf7106193b3e81a44d93835157ceafaf FOREIGN KEY (bedinteraction_ptr_id) REFERENCES grow_records_bedinteraction(action_ptr_id) DEFERRABLE INITIALLY DEFERRED;


--
-- Name: blog_b_blogcategory_id_5c987a15b9426892_fk_blog_blogcategory_id; Type: FK CONSTRAINT; Schema: public; Owner: data_garden
--

ALTER TABLE ONLY blog_blogpost_categories
    ADD CONSTRAINT blog_b_blogcategory_id_5c987a15b9426892_fk_blog_blogcategory_id FOREIGN KEY (blogcategory_id) REFERENCES blog_blogcategory(id) DEFERRABLE INITIALLY DEFERRED;


--
-- Name: blog_blog_from_blogpost_id_161efba073ba4d90_fk_blog_blogpost_id; Type: FK CONSTRAINT; Schema: public; Owner: data_garden
--

ALTER TABLE ONLY blog_blogpost_related_posts
    ADD CONSTRAINT blog_blog_from_blogpost_id_161efba073ba4d90_fk_blog_blogpost_id FOREIGN KEY (from_blogpost_id) REFERENCES blog_blogpost(id) DEFERRABLE INITIALLY DEFERRED;


--
-- Name: blog_blogcategory_site_id_1565b70d240d75b_fk_django_site_id; Type: FK CONSTRAINT; Schema: public; Owner: data_garden
--

ALTER TABLE ONLY blog_blogcategory
    ADD CONSTRAINT blog_blogcategory_site_id_1565b70d240d75b_fk_django_site_id FOREIGN KEY (site_id) REFERENCES django_site(id) DEFERRABLE INITIALLY DEFERRED;


--
-- Name: blog_blogpo_to_blogpost_id_48f773544ff96fa5_fk_blog_blogpost_id; Type: FK CONSTRAINT; Schema: public; Owner: data_garden
--

ALTER TABLE ONLY blog_blogpost_related_posts
    ADD CONSTRAINT blog_blogpo_to_blogpost_id_48f773544ff96fa5_fk_blog_blogpost_id FOREIGN KEY (to_blogpost_id) REFERENCES blog_blogpost(id) DEFERRABLE INITIALLY DEFERRED;


--
-- Name: blog_blogpost__blogpost_id_11545014277324dc_fk_blog_blogpost_id; Type: FK CONSTRAINT; Schema: public; Owner: data_garden
--

ALTER TABLE ONLY blog_blogpost_categories
    ADD CONSTRAINT blog_blogpost__blogpost_id_11545014277324dc_fk_blog_blogpost_id FOREIGN KEY (blogpost_id) REFERENCES blog_blogpost(id) DEFERRABLE INITIALLY DEFERRED;


--
-- Name: blog_blogpost_site_id_3cd2a8869a3bc877_fk_django_site_id; Type: FK CONSTRAINT; Schema: public; Owner: data_garden
--

ALTER TABLE ONLY blog_blogpost
    ADD CONSTRAINT blog_blogpost_site_id_3cd2a8869a3bc877_fk_django_site_id FOREIGN KEY (site_id) REFERENCES django_site(id) DEFERRABLE INITIALLY DEFERRED;


--
-- Name: blog_blogpost_user_id_3d08a741310d8f6f_fk_auth_user_id; Type: FK CONSTRAINT; Schema: public; Owner: data_garden
--

ALTER TABLE ONLY blog_blogpost
    ADD CONSTRAINT blog_blogpost_user_id_3d08a741310d8f6f_fk_auth_user_id FOREIGN KEY (user_id) REFERENCES auth_user(id) DEFERRABLE INITIALLY DEFERRED;


--
-- Name: co_sitepermission_id_64c924a870a6a554_fk_core_sitepermission_id; Type: FK CONSTRAINT; Schema: public; Owner: data_garden
--

ALTER TABLE ONLY core_sitepermission_sites
    ADD CONSTRAINT co_sitepermission_id_64c924a870a6a554_fk_core_sitepermission_id FOREIGN KEY (sitepermission_id) REFERENCES core_sitepermission(id) DEFERRABLE INITIALLY DEFERRED;


--
-- Name: conf_setting_site_id_3971204fedfdfec8_fk_django_site_id; Type: FK CONSTRAINT; Schema: public; Owner: data_garden
--

ALTER TABLE ONLY conf_setting
    ADD CONSTRAINT conf_setting_site_id_3971204fedfdfec8_fk_django_site_id FOREIGN KEY (site_id) REFERENCES django_site(id) DEFERRABLE INITIALLY DEFERRED;


--
-- Name: core_sitepermission__site_id_6dd5fffb45435677_fk_django_site_id; Type: FK CONSTRAINT; Schema: public; Owner: data_garden
--

ALTER TABLE ONLY core_sitepermission_sites
    ADD CONSTRAINT core_sitepermission__site_id_6dd5fffb45435677_fk_django_site_id FOREIGN KEY (site_id) REFERENCES django_site(id) DEFERRABLE INITIALLY DEFERRED;


--
-- Name: core_sitepermission_user_id_d964e296aed9970_fk_auth_user_id; Type: FK CONSTRAINT; Schema: public; Owner: data_garden
--

ALTER TABLE ONLY core_sitepermission
    ADD CONSTRAINT core_sitepermission_user_id_d964e296aed9970_fk_auth_user_id FOREIGN KEY (user_id) REFERENCES auth_user(id) DEFERRABLE INITIALLY DEFERRED;


--
-- Name: djan_content_type_id_39798e235626a505_fk_django_content_type_id; Type: FK CONSTRAINT; Schema: public; Owner: data_garden
--

ALTER TABLE ONLY django_comments
    ADD CONSTRAINT djan_content_type_id_39798e235626a505_fk_django_content_type_id FOREIGN KEY (content_type_id) REFERENCES django_content_type(id) DEFERRABLE INITIALLY DEFERRED;


--
-- Name: djan_content_type_id_697914295151027a_fk_django_content_type_id; Type: FK CONSTRAINT; Schema: public; Owner: data_garden
--

ALTER TABLE ONLY django_admin_log
    ADD CONSTRAINT djan_content_type_id_697914295151027a_fk_django_content_type_id FOREIGN KEY (content_type_id) REFERENCES django_content_type(id) DEFERRABLE INITIALLY DEFERRED;


--
-- Name: django_admin_log_user_id_52fdd58701c5f563_fk_auth_user_id; Type: FK CONSTRAINT; Schema: public; Owner: data_garden
--

ALTER TABLE ONLY django_admin_log
    ADD CONSTRAINT django_admin_log_user_id_52fdd58701c5f563_fk_auth_user_id FOREIGN KEY (user_id) REFERENCES auth_user(id) DEFERRABLE INITIALLY DEFERRED;


--
-- Name: django_comment_comment_id_26f904a7f2b4c55_fk_django_comments_id; Type: FK CONSTRAINT; Schema: public; Owner: data_garden
--

ALTER TABLE ONLY django_comment_flags
    ADD CONSTRAINT django_comment_comment_id_26f904a7f2b4c55_fk_django_comments_id FOREIGN KEY (comment_id) REFERENCES django_comments(id) DEFERRABLE INITIALLY DEFERRED;


--
-- Name: django_comment_flags_user_id_1442753a03512f4c_fk_auth_user_id; Type: FK CONSTRAINT; Schema: public; Owner: data_garden
--

ALTER TABLE ONLY django_comment_flags
    ADD CONSTRAINT django_comment_flags_user_id_1442753a03512f4c_fk_auth_user_id FOREIGN KEY (user_id) REFERENCES auth_user(id) DEFERRABLE INITIALLY DEFERRED;


--
-- Name: django_comments_site_id_48b7896f6ea83216_fk_django_site_id; Type: FK CONSTRAINT; Schema: public; Owner: data_garden
--

ALTER TABLE ONLY django_comments
    ADD CONSTRAINT django_comments_site_id_48b7896f6ea83216_fk_django_site_id FOREIGN KEY (site_id) REFERENCES django_site(id) DEFERRABLE INITIALLY DEFERRED;


--
-- Name: django_comments_user_id_20e3794dfd3a7b1e_fk_auth_user_id; Type: FK CONSTRAINT; Schema: public; Owner: data_garden
--

ALTER TABLE ONLY django_comments
    ADD CONSTRAINT django_comments_user_id_20e3794dfd3a7b1e_fk_auth_user_id FOREIGN KEY (user_id) REFERENCES auth_user(id) DEFERRABLE INITIALLY DEFERRED;


--
-- Name: django_redirect_site_id_121a4403f653e524_fk_django_site_id; Type: FK CONSTRAINT; Schema: public; Owner: data_garden
--

ALTER TABLE ONLY django_redirect
    ADD CONSTRAINT django_redirect_site_id_121a4403f653e524_fk_django_site_id FOREIGN KEY (site_id) REFERENCES django_site(id) DEFERRABLE INITIALLY DEFERRED;


--
-- Name: f5ef407893a35dac45b88e14ef206f1a; Type: FK CONSTRAINT; Schema: public; Owner: data_garden
--

ALTER TABLE ONLY grow_records_plantinteraction_nursery_records
    ADD CONSTRAINT f5ef407893a35dac45b88e14ef206f1a FOREIGN KEY (nurseryrecord_id) REFERENCES grow_records_nurseryrecord(id) DEFERRABLE INITIALLY DEFERRED;


--
-- Name: forms_field_form_id_3660963e8b17a175_fk_forms_form_page_ptr_id; Type: FK CONSTRAINT; Schema: public; Owner: data_garden
--

ALTER TABLE ONLY forms_field
    ADD CONSTRAINT forms_field_form_id_3660963e8b17a175_fk_forms_form_page_ptr_id FOREIGN KEY (form_id) REFERENCES forms_form(page_ptr_id) DEFERRABLE INITIALLY DEFERRED;


--
-- Name: forms_fieldentr_entry_id_7b83c1acf66a9d67_fk_forms_formentry_id; Type: FK CONSTRAINT; Schema: public; Owner: data_garden
--

ALTER TABLE ONLY forms_fieldentry
    ADD CONSTRAINT forms_fieldentr_entry_id_7b83c1acf66a9d67_fk_forms_formentry_id FOREIGN KEY (entry_id) REFERENCES forms_formentry(id) DEFERRABLE INITIALLY DEFERRED;


--
-- Name: forms_form_page_ptr_id_2363a7422cd85950_fk_pages_page_id; Type: FK CONSTRAINT; Schema: public; Owner: data_garden
--

ALTER TABLE ONLY forms_form
    ADD CONSTRAINT forms_form_page_ptr_id_2363a7422cd85950_fk_pages_page_id FOREIGN KEY (page_ptr_id) REFERENCES pages_page(id) DEFERRABLE INITIALLY DEFERRED;


--
-- Name: forms_formen_form_id_5fca4521fe2d9b9b_fk_forms_form_page_ptr_id; Type: FK CONSTRAINT; Schema: public; Owner: data_garden
--

ALTER TABLE ONLY forms_formentry
    ADD CONSTRAINT forms_formen_form_id_5fca4521fe2d9b9b_fk_forms_form_page_ptr_id FOREIGN KEY (form_id) REFERENCES forms_form(page_ptr_id) DEFERRABLE INITIALLY DEFERRED;


--
-- Name: g_medium_id_4c448ffbd318059f_fk_grow_records_soilmediumbatch_id; Type: FK CONSTRAINT; Schema: public; Owner: data_garden
--

ALTER TABLE ONLY grow_records_nurseryrecord
    ADD CONSTRAINT g_medium_id_4c448ffbd318059f_fk_grow_records_soilmediumbatch_id FOREIGN KEY (medium_id) REFERENCES grow_records_soilmediumbatch(id) DEFERRABLE INITIALLY DEFERRED;


--
-- Name: g_medium_id_6c0ba5878846f387_fk_grow_records_soilmediumbatch_id; Type: FK CONSTRAINT; Schema: public; Owner: data_garden
--

ALTER TABLE ONLY grow_records_potonrecord
    ADD CONSTRAINT g_medium_id_6c0ba5878846f387_fk_grow_records_soilmediumbatch_id FOREIGN KEY (medium_id) REFERENCES grow_records_soilmediumbatch(id) DEFERRABLE INITIALLY DEFERRED;


--
-- Name: ga_gallery_id_5f743e845a8d8b01_fk_galleries_gallery_page_ptr_id; Type: FK CONSTRAINT; Schema: public; Owner: data_garden
--

ALTER TABLE ONLY galleries_galleryimage
    ADD CONSTRAINT ga_gallery_id_5f743e845a8d8b01_fk_galleries_gallery_page_ptr_id FOREIGN KEY (gallery_id) REFERENCES galleries_gallery(page_ptr_id) DEFERRABLE INITIALLY DEFERRED;


--
-- Name: galleries_gallery_page_ptr_id_6cf84f17bef39d64_fk_pages_page_id; Type: FK CONSTRAINT; Schema: public; Owner: data_garden
--

ALTER TABLE ONLY galleries_gallery
    ADD CONSTRAINT galleries_gallery_page_ptr_id_6cf84f17bef39d64_fk_pages_page_id FOREIGN KEY (page_ptr_id) REFERENCES pages_page(id) DEFERRABLE INITIALLY DEFERRED;


--
-- Name: gene_content_type_id_28e2096071be2a4f_fk_django_content_type_id; Type: FK CONSTRAINT; Schema: public; Owner: data_garden
--

ALTER TABLE ONLY generic_rating
    ADD CONSTRAINT gene_content_type_id_28e2096071be2a4f_fk_django_content_type_id FOREIGN KEY (content_type_id) REFERENCES django_content_type(id) DEFERRABLE INITIALLY DEFERRED;


--
-- Name: gene_content_type_id_340baca94a5341cc_fk_django_content_type_id; Type: FK CONSTRAINT; Schema: public; Owner: data_garden
--

ALTER TABLE ONLY generic_assignedkeyword
    ADD CONSTRAINT gene_content_type_id_340baca94a5341cc_fk_django_content_type_id FOREIGN KEY (content_type_id) REFERENCES django_content_type(id) DEFERRABLE INITIALLY DEFERRED;


--
-- Name: generic_assig_keyword_id_61d6fae39a09e150_fk_generic_keyword_id; Type: FK CONSTRAINT; Schema: public; Owner: data_garden
--

ALTER TABLE ONLY generic_assignedkeyword
    ADD CONSTRAINT generic_assig_keyword_id_61d6fae39a09e150_fk_generic_keyword_id FOREIGN KEY (keyword_id) REFERENCES generic_keyword(id) DEFERRABLE INITIALLY DEFERRED;


--
-- Name: generic_keyword_site_id_7727e5473a304097_fk_django_site_id; Type: FK CONSTRAINT; Schema: public; Owner: data_garden
--

ALTER TABLE ONLY generic_keyword
    ADD CONSTRAINT generic_keyword_site_id_7727e5473a304097_fk_django_site_id FOREIGN KEY (site_id) REFERENCES django_site(id) DEFERRABLE INITIALLY DEFERRED;


--
-- Name: generic_rating_user_id_323dfdffa0c13bac_fk_auth_user_id; Type: FK CONSTRAINT; Schema: public; Owner: data_garden
--

ALTER TABLE ONLY generic_rating
    ADD CONSTRAINT generic_rating_user_id_323dfdffa0c13bac_fk_auth_user_id FOREIGN KEY (user_id) REFERENCES auth_user(id) DEFERRABLE INITIALLY DEFERRED;


--
-- Name: generic_t_comment_ptr_id_7ce6b4612f86bbc6_fk_django_comments_id; Type: FK CONSTRAINT; Schema: public; Owner: data_garden
--

ALTER TABLE ONLY generic_threadedcomment
    ADD CONSTRAINT generic_t_comment_ptr_id_7ce6b4612f86bbc6_fk_django_comments_id FOREIGN KEY (comment_ptr_id) REFERENCES django_comments(id) DEFERRABLE INITIALLY DEFERRED;


--
-- Name: gr_delivery_UOM_id_568c5ee698cdbb33_fk_grow_records_yielduom_id; Type: FK CONSTRAINT; Schema: public; Owner: data_garden
--

ALTER TABLE ONLY grow_records_deliveryitem
    ADD CONSTRAINT "gr_delivery_UOM_id_568c5ee698cdbb33_fk_grow_records_yielduom_id" FOREIGN KEY ("delivery_UOM_id") REFERENCES grow_records_yielduom(id) DEFERRABLE INITIALLY DEFERRED;


--
-- Name: gro_bed_record_id_73629f8f798a18ca_fk_grow_records_bedrecord_id; Type: FK CONSTRAINT; Schema: public; Owner: data_garden
--

ALTER TABLE ONLY grow_records_harvestrecord
    ADD CONSTRAINT gro_bed_record_id_73629f8f798a18ca_fk_grow_records_bedrecord_id FOREIGN KEY (bed_record_id) REFERENCES grow_records_bedrecord(id) DEFERRABLE INITIALLY DEFERRED;


--
-- Name: grow__price_UOM_id_1544e90f654454f1_fk_grow_records_yielduom_id; Type: FK CONSTRAINT; Schema: public; Owner: data_garden
--

ALTER TABLE ONLY grow_records_buyervarietyprice
    ADD CONSTRAINT "grow__price_UOM_id_1544e90f654454f1_fk_grow_records_yielduom_id" FOREIGN KEY ("price_UOM_id") REFERENCES grow_records_yielduom(id) DEFERRABLE INITIALLY DEFERRED;


--
-- Name: grow__price_UOM_id_502e1040265e7e29_fk_grow_records_yielduom_id; Type: FK CONSTRAINT; Schema: public; Owner: data_garden
--

ALTER TABLE ONLY grow_records_varietyprice
    ADD CONSTRAINT "grow__price_UOM_id_502e1040265e7e29_fk_grow_records_yielduom_id" FOREIGN KEY ("price_UOM_id") REFERENCES grow_records_yielduom(id) DEFERRABLE INITIALLY DEFERRED;


--
-- Name: grow__yield_UOM_id_6ab771859efed4cf_fk_grow_records_yielduom_id; Type: FK CONSTRAINT; Schema: public; Owner: data_garden
--

ALTER TABLE ONLY grow_records_harvestrecord
    ADD CONSTRAINT "grow__yield_UOM_id_6ab771859efed4cf_fk_grow_records_yielduom_id" FOREIGN KEY ("yield_UOM_id") REFERENCES grow_records_yielduom(id) DEFERRABLE INITIALLY DEFERRED;


--
-- Name: grow_bedrecord_id_3b7f403dc1e6dfc5_fk_grow_records_bedrecord_id; Type: FK CONSTRAINT; Schema: public; Owner: data_garden
--

ALTER TABLE ONLY grow_records_plantinteraction_bed_records
    ADD CONSTRAINT grow_bedrecord_id_3b7f403dc1e6dfc5_fk_grow_records_bedrecord_id FOREIGN KEY (bedrecord_id) REFERENCES grow_records_bedrecord(id) DEFERRABLE INITIALLY DEFERRED;


--
-- Name: grow_length_UOM_id_5652d71a5efa726_fk_grow_records_lengthuom_id; Type: FK CONSTRAINT; Schema: public; Owner: data_garden
--

ALTER TABLE ONLY grow_records_bed
    ADD CONSTRAINT "grow_length_UOM_id_5652d71a5efa726_fk_grow_records_lengthuom_id" FOREIGN KEY ("length_UOM_id") REFERENCES grow_records_lengthuom(id) DEFERRABLE INITIALLY DEFERRED;


--
-- Name: grow_r_action_ptr_id_342d2660d5bce300_fk_grow_records_action_id; Type: FK CONSTRAINT; Schema: public; Owner: data_garden
--

ALTER TABLE ONLY grow_records_bedinteraction
    ADD CONSTRAINT grow_r_action_ptr_id_342d2660d5bce300_fk_grow_records_action_id FOREIGN KEY (action_ptr_id) REFERENCES grow_records_action(id) DEFERRABLE INITIALLY DEFERRED;


--
-- Name: grow_r_action_ptr_id_46bc16d0f067e9f0_fk_grow_records_action_id; Type: FK CONSTRAINT; Schema: public; Owner: data_garden
--

ALTER TABLE ONLY grow_records_plantinteraction
    ADD CONSTRAINT grow_r_action_ptr_id_46bc16d0f067e9f0_fk_grow_records_action_id FOREIGN KEY (action_ptr_id) REFERENCES grow_records_action(id) DEFERRABLE INITIALLY DEFERRED;


--
-- Name: grow_r_supplier_id_2776fe2b19def69b_fk_grow_records_supplier_id; Type: FK CONSTRAINT; Schema: public; Owner: data_garden
--

ALTER TABLE ONLY grow_records_input
    ADD CONSTRAINT grow_r_supplier_id_2776fe2b19def69b_fk_grow_records_supplier_id FOREIGN KEY (supplier_id) REFERENCES grow_records_supplier(id) DEFERRABLE INITIALLY DEFERRED;


--
-- Name: grow_re_area_UOM_id_10398fceb6b2f554_fk_grow_records_areauom_id; Type: FK CONSTRAINT; Schema: public; Owner: data_garden
--

ALTER TABLE ONLY grow_records_site
    ADD CONSTRAINT "grow_re_area_UOM_id_10398fceb6b2f554_fk_grow_records_areauom_id" FOREIGN KEY ("area_UOM_id") REFERENCES grow_records_areauom(id) DEFERRABLE INITIALLY DEFERRED;


--
-- Name: grow_rec_species_id_62ede60e79749d39_fk_grow_records_species_id; Type: FK CONSTRAINT; Schema: public; Owner: data_garden
--

ALTER TABLE ONLY grow_records_crop
    ADD CONSTRAINT grow_rec_species_id_62ede60e79749d39_fk_grow_records_species_id FOREIGN KEY (species_id) REFERENCES grow_records_species(id) DEFERRABLE INITIALLY DEFERRED;


--
-- Name: grow_rec_variety_id_1aea62f83ab365ca_fk_grow_records_variety_id; Type: FK CONSTRAINT; Schema: public; Owner: data_garden
--

ALTER TABLE ONLY grow_records_bedrecord
    ADD CONSTRAINT grow_rec_variety_id_1aea62f83ab365ca_fk_grow_records_variety_id FOREIGN KEY (variety_id) REFERENCES grow_records_variety(id) DEFERRABLE INITIALLY DEFERRED;


--
-- Name: grow_rec_variety_id_231986f6822584aa_fk_grow_records_variety_id; Type: FK CONSTRAINT; Schema: public; Owner: data_garden
--

ALTER TABLE ONLY grow_records_varietyprice
    ADD CONSTRAINT grow_rec_variety_id_231986f6822584aa_fk_grow_records_variety_id FOREIGN KEY (variety_id) REFERENCES grow_records_variety(id) DEFERRABLE INITIALLY DEFERRED;


--
-- Name: grow_rec_variety_id_48eb1487f285e13b_fk_grow_records_variety_id; Type: FK CONSTRAINT; Schema: public; Owner: data_garden
--

ALTER TABLE ONLY grow_records_nurseryrecord
    ADD CONSTRAINT grow_rec_variety_id_48eb1487f285e13b_fk_grow_records_variety_id FOREIGN KEY (variety_id) REFERENCES grow_records_variety(id) DEFERRABLE INITIALLY DEFERRED;


--
-- Name: grow_rec_variety_id_5007c86f3b0fb66c_fk_grow_records_variety_id; Type: FK CONSTRAINT; Schema: public; Owner: data_garden
--

ALTER TABLE ONLY grow_records_deliveryitem
    ADD CONSTRAINT grow_rec_variety_id_5007c86f3b0fb66c_fk_grow_records_variety_id FOREIGN KEY (variety_id) REFERENCES grow_records_variety(id) DEFERRABLE INITIALLY DEFERRED;


--
-- Name: grow_rec_variety_id_77dbf2d876f6455e_fk_grow_records_variety_id; Type: FK CONSTRAINT; Schema: public; Owner: data_garden
--

ALTER TABLE ONLY grow_records_buyervarietyprice
    ADD CONSTRAINT grow_rec_variety_id_77dbf2d876f6455e_fk_grow_records_variety_id FOREIGN KEY (variety_id) REFERENCES grow_records_variety(id) DEFERRABLE INITIALLY DEFERRED;


--
-- Name: grow_reco_bed_set_id_3318f7a3ccda6ffb_fk_grow_records_bedset_id; Type: FK CONSTRAINT; Schema: public; Owner: data_garden
--

ALTER TABLE ONLY grow_records_bed
    ADD CONSTRAINT grow_reco_bed_set_id_3318f7a3ccda6ffb_fk_grow_records_bedset_id FOREIGN KEY (bed_set_id) REFERENCES grow_records_bedset(id) DEFERRABLE INITIALLY DEFERRED;


--
-- Name: grow_recor_family_id_5eff3985f509106f_fk_grow_records_family_id; Type: FK CONSTRAINT; Schema: public; Owner: data_garden
--

ALTER TABLE ONLY grow_records_genus
    ADD CONSTRAINT grow_recor_family_id_5eff3985f509106f_fk_grow_records_family_id FOREIGN KEY (family_id) REFERENCES grow_records_family(id) DEFERRABLE INITIALLY DEFERRED;


--
-- Name: grow_records_b_site_id_3edd4c2c6013c787_fk_grow_records_site_id; Type: FK CONSTRAINT; Schema: public; Owner: data_garden
--

ALTER TABLE ONLY grow_records_bed
    ADD CONSTRAINT grow_records_b_site_id_3edd4c2c6013c787_fk_grow_records_site_id FOREIGN KEY (site_id) REFERENCES grow_records_site(id) DEFERRABLE INITIALLY DEFERRED;


--
-- Name: grow_records_b_site_id_5564bf10683de9f6_fk_grow_records_site_id; Type: FK CONSTRAINT; Schema: public; Owner: data_garden
--

ALTER TABLE ONLY grow_records_bedset
    ADD CONSTRAINT grow_records_b_site_id_5564bf10683de9f6_fk_grow_records_site_id FOREIGN KEY (site_id) REFERENCES grow_records_site(id) DEFERRABLE INITIALLY DEFERRED;


--
-- Name: grow_records_bed_bed_id_6b759b3eeeb89f1d_fk_grow_records_bed_id; Type: FK CONSTRAINT; Schema: public; Owner: data_garden
--

ALTER TABLE ONLY grow_records_bedrecord
    ADD CONSTRAINT grow_records_bed_bed_id_6b759b3eeeb89f1d_fk_grow_records_bed_id FOREIGN KEY (bed_id) REFERENCES grow_records_bed(id) DEFERRABLE INITIALLY DEFERRED;


--
-- Name: grow_records_bedi_bed_id_9e266aa62dd53ef_fk_grow_records_bed_id; Type: FK CONSTRAINT; Schema: public; Owner: data_garden
--

ALTER TABLE ONLY grow_records_bedinteraction_beds
    ADD CONSTRAINT grow_records_bedi_bed_id_9e266aa62dd53ef_fk_grow_records_bed_id FOREIGN KEY (bed_id) REFERENCES grow_records_bed(id) DEFERRABLE INITIALLY DEFERRED;


--
-- Name: grow_records_buyer_id_29944361a7c6d113_fk_grow_records_buyer_id; Type: FK CONSTRAINT; Schema: public; Owner: data_garden
--

ALTER TABLE ONLY grow_records_deliveryrecord
    ADD CONSTRAINT grow_records_buyer_id_29944361a7c6d113_fk_grow_records_buyer_id FOREIGN KEY (buyer_id) REFERENCES grow_records_buyer(id) DEFERRABLE INITIALLY DEFERRED;


--
-- Name: grow_records_buyer_id_2fa15cf87fba90ff_fk_grow_records_buyer_id; Type: FK CONSTRAINT; Schema: public; Owner: data_garden
--

ALTER TABLE ONLY grow_records_buyervarietyprice
    ADD CONSTRAINT grow_records_buyer_id_2fa15cf87fba90ff_fk_grow_records_buyer_id FOREIGN KEY (buyer_id) REFERENCES grow_records_buyer(id) DEFERRABLE INITIALLY DEFERRED;


--
-- Name: grow_records_c_crop_id_42ae36f156643170_fk_grow_records_crop_id; Type: FK CONSTRAINT; Schema: public; Owner: data_garden
--

ALTER TABLE ONLY grow_records_commonname
    ADD CONSTRAINT grow_records_c_crop_id_42ae36f156643170_fk_grow_records_crop_id FOREIGN KEY (crop_id) REFERENCES grow_records_crop(id) DEFERRABLE INITIALLY DEFERRED;


--
-- Name: grow_records_genus_id_3963f6fe32bd9c24_fk_grow_records_genus_id; Type: FK CONSTRAINT; Schema: public; Owner: data_garden
--

ALTER TABLE ONLY grow_records_species
    ADD CONSTRAINT grow_records_genus_id_3963f6fe32bd9c24_fk_grow_records_genus_id FOREIGN KEY (genus_id) REFERENCES grow_records_genus(id) DEFERRABLE INITIALLY DEFERRED;


--
-- Name: grow_records_v_crop_id_2e6f1915ca3fd60d_fk_grow_records_crop_id; Type: FK CONSTRAINT; Schema: public; Owner: data_garden
--

ALTER TABLE ONLY grow_records_variety
    ADD CONSTRAINT grow_records_v_crop_id_2e6f1915ca3fd60d_fk_grow_records_crop_id FOREIGN KEY (crop_id) REFERENCES grow_records_crop(id) DEFERRABLE INITIALLY DEFERRED;


--
-- Name: grow_seeder_id_64704496644b5b85_fk_grow_records_seederrecord_id; Type: FK CONSTRAINT; Schema: public; Owner: data_garden
--

ALTER TABLE ONLY grow_records_bedrecord
    ADD CONSTRAINT grow_seeder_id_64704496644b5b85_fk_grow_records_seederrecord_id FOREIGN KEY (seeder_id) REFERENCES grow_records_seederrecord(id) DEFERRABLE INITIALLY DEFERRED;


--
-- Name: grow_width_UOM_id_620aa22b2fa67a83_fk_grow_records_lengthuom_id; Type: FK CONSTRAINT; Schema: public; Owner: data_garden
--

ALTER TABLE ONLY grow_records_bed
    ADD CONSTRAINT "grow_width_UOM_id_620aa22b2fa67a83_fk_grow_records_lengthuom_id" FOREIGN KEY ("width_UOM_id") REFERENCES grow_records_lengthuom(id) DEFERRABLE INITIALLY DEFERRED;


--
-- Name: pages_link_page_ptr_id_560afe0956838fd3_fk_pages_page_id; Type: FK CONSTRAINT; Schema: public; Owner: data_garden
--

ALTER TABLE ONLY pages_link
    ADD CONSTRAINT pages_link_page_ptr_id_560afe0956838fd3_fk_pages_page_id FOREIGN KEY (page_ptr_id) REFERENCES pages_page(id) DEFERRABLE INITIALLY DEFERRED;


--
-- Name: pages_page_parent_id_7bf3217d99139bb8_fk_pages_page_id; Type: FK CONSTRAINT; Schema: public; Owner: data_garden
--

ALTER TABLE ONLY pages_page
    ADD CONSTRAINT pages_page_parent_id_7bf3217d99139bb8_fk_pages_page_id FOREIGN KEY (parent_id) REFERENCES pages_page(id) DEFERRABLE INITIALLY DEFERRED;


--
-- Name: pages_page_site_id_22239f4327580ae9_fk_django_site_id; Type: FK CONSTRAINT; Schema: public; Owner: data_garden
--

ALTER TABLE ONLY pages_page
    ADD CONSTRAINT pages_page_site_id_22239f4327580ae9_fk_django_site_id FOREIGN KEY (site_id) REFERENCES django_site(id) DEFERRABLE INITIALLY DEFERRED;


--
-- Name: pages_richtextpag_page_ptr_id_303aa0962fe9608b_fk_pages_page_id; Type: FK CONSTRAINT; Schema: public; Owner: data_garden
--

ALTER TABLE ONLY pages_richtextpage
    ADD CONSTRAINT pages_richtextpag_page_ptr_id_303aa0962fe9608b_fk_pages_page_id FOREIGN KEY (page_ptr_id) REFERENCES pages_page(id) DEFERRABLE INITIALLY DEFERRED;


--
-- Name: polls_choice_question_id_246c99a640fbbd72_fk_polls_question_id; Type: FK CONSTRAINT; Schema: public; Owner: data_garden
--

ALTER TABLE ONLY polls_choice
    ADD CONSTRAINT polls_choice_question_id_246c99a640fbbd72_fk_polls_question_id FOREIGN KEY (question_id) REFERENCES polls_question(id) DEFERRABLE INITIALLY DEFERRED;


--
-- Name: twitter_tweet_query_id_5de4bfd6dfe46065_fk_twitter_query_id; Type: FK CONSTRAINT; Schema: public; Owner: data_garden
--

ALTER TABLE ONLY twitter_tweet
    ADD CONSTRAINT twitter_tweet_query_id_5de4bfd6dfe46065_fk_twitter_query_id FOREIGN KEY (query_id) REFERENCES twitter_query(id) DEFERRABLE INITIALLY DEFERRED;


--
-- Name: public; Type: ACL; Schema: -; Owner: postgres
--

REVOKE ALL ON SCHEMA public FROM PUBLIC;
REVOKE ALL ON SCHEMA public FROM postgres;
GRANT ALL ON SCHEMA public TO postgres;
GRANT ALL ON SCHEMA public TO PUBLIC;


--
-- PostgreSQL database dump complete
--

