--
-- PostgreSQL database dump
--

SET statement_timeout = 0;
SET lock_timeout = 0;
SET client_encoding = 'UTF8';
SET standard_conforming_strings = on;
SET check_function_bodies = false;
SET client_min_messages = warning;

--
-- Name: plpgsql; Type: EXTENSION; Schema: -; Owner: 
--

CREATE EXTENSION IF NOT EXISTS plpgsql WITH SCHEMA pg_catalog;


--
-- Name: EXTENSION plpgsql; Type: COMMENT; Schema: -; Owner: 
--

COMMENT ON EXTENSION plpgsql IS 'PL/pgSQL procedural language';


SET search_path = public, pg_catalog;

SET default_tablespace = '';

SET default_with_oids = false;

--
-- Name: address_address; Type: TABLE; Schema: public; Owner: gerrard; Tablespace: 
--

CREATE TABLE address_address (
    id integer NOT NULL,
    street_number character varying(20) NOT NULL,
    route character varying(100) NOT NULL,
    raw character varying(200) NOT NULL,
    formatted character varying(200) NOT NULL,
    latitude double precision,
    longitude double precision,
    locality_id integer
);


ALTER TABLE address_address OWNER TO gerrard;

--
-- Name: address_address_id_seq; Type: SEQUENCE; Schema: public; Owner: gerrard
--

CREATE SEQUENCE address_address_id_seq
    START WITH 1
    INCREMENT BY 1
    NO MINVALUE
    NO MAXVALUE
    CACHE 1;


ALTER TABLE address_address_id_seq OWNER TO gerrard;

--
-- Name: address_address_id_seq; Type: SEQUENCE OWNED BY; Schema: public; Owner: gerrard
--

ALTER SEQUENCE address_address_id_seq OWNED BY address_address.id;


--
-- Name: address_country; Type: TABLE; Schema: public; Owner: gerrard; Tablespace: 
--

CREATE TABLE address_country (
    id integer NOT NULL,
    name character varying(40) NOT NULL,
    code character varying(2) NOT NULL
);


ALTER TABLE address_country OWNER TO gerrard;

--
-- Name: address_country_id_seq; Type: SEQUENCE; Schema: public; Owner: gerrard
--

CREATE SEQUENCE address_country_id_seq
    START WITH 1
    INCREMENT BY 1
    NO MINVALUE
    NO MAXVALUE
    CACHE 1;


ALTER TABLE address_country_id_seq OWNER TO gerrard;

--
-- Name: address_country_id_seq; Type: SEQUENCE OWNED BY; Schema: public; Owner: gerrard
--

ALTER SEQUENCE address_country_id_seq OWNED BY address_country.id;


--
-- Name: address_locality; Type: TABLE; Schema: public; Owner: gerrard; Tablespace: 
--

CREATE TABLE address_locality (
    id integer NOT NULL,
    name character varying(165) NOT NULL,
    postal_code character varying(10) NOT NULL,
    state_id integer NOT NULL
);


ALTER TABLE address_locality OWNER TO gerrard;

--
-- Name: address_locality_id_seq; Type: SEQUENCE; Schema: public; Owner: gerrard
--

CREATE SEQUENCE address_locality_id_seq
    START WITH 1
    INCREMENT BY 1
    NO MINVALUE
    NO MAXVALUE
    CACHE 1;


ALTER TABLE address_locality_id_seq OWNER TO gerrard;

--
-- Name: address_locality_id_seq; Type: SEQUENCE OWNED BY; Schema: public; Owner: gerrard
--

ALTER SEQUENCE address_locality_id_seq OWNED BY address_locality.id;


--
-- Name: address_state; Type: TABLE; Schema: public; Owner: gerrard; Tablespace: 
--

CREATE TABLE address_state (
    id integer NOT NULL,
    name character varying(165) NOT NULL,
    code character varying(3) NOT NULL,
    country_id integer NOT NULL
);


ALTER TABLE address_state OWNER TO gerrard;

--
-- Name: address_state_id_seq; Type: SEQUENCE; Schema: public; Owner: gerrard
--

CREATE SEQUENCE address_state_id_seq
    START WITH 1
    INCREMENT BY 1
    NO MINVALUE
    NO MAXVALUE
    CACHE 1;


ALTER TABLE address_state_id_seq OWNER TO gerrard;

--
-- Name: address_state_id_seq; Type: SEQUENCE OWNED BY; Schema: public; Owner: gerrard
--

ALTER SEQUENCE address_state_id_seq OWNED BY address_state.id;


--
-- Name: auth_group; Type: TABLE; Schema: public; Owner: gerrard; Tablespace: 
--

CREATE TABLE auth_group (
    id integer NOT NULL,
    name character varying(80) NOT NULL
);


ALTER TABLE auth_group OWNER TO gerrard;

--
-- Name: auth_group_id_seq; Type: SEQUENCE; Schema: public; Owner: gerrard
--

CREATE SEQUENCE auth_group_id_seq
    START WITH 1
    INCREMENT BY 1
    NO MINVALUE
    NO MAXVALUE
    CACHE 1;


ALTER TABLE auth_group_id_seq OWNER TO gerrard;

--
-- Name: auth_group_id_seq; Type: SEQUENCE OWNED BY; Schema: public; Owner: gerrard
--

ALTER SEQUENCE auth_group_id_seq OWNED BY auth_group.id;


--
-- Name: auth_group_permissions; Type: TABLE; Schema: public; Owner: gerrard; Tablespace: 
--

CREATE TABLE auth_group_permissions (
    id integer NOT NULL,
    group_id integer NOT NULL,
    permission_id integer NOT NULL
);


ALTER TABLE auth_group_permissions OWNER TO gerrard;

--
-- Name: auth_group_permissions_id_seq; Type: SEQUENCE; Schema: public; Owner: gerrard
--

CREATE SEQUENCE auth_group_permissions_id_seq
    START WITH 1
    INCREMENT BY 1
    NO MINVALUE
    NO MAXVALUE
    CACHE 1;


ALTER TABLE auth_group_permissions_id_seq OWNER TO gerrard;

--
-- Name: auth_group_permissions_id_seq; Type: SEQUENCE OWNED BY; Schema: public; Owner: gerrard
--

ALTER SEQUENCE auth_group_permissions_id_seq OWNED BY auth_group_permissions.id;


--
-- Name: auth_permission; Type: TABLE; Schema: public; Owner: gerrard; Tablespace: 
--

CREATE TABLE auth_permission (
    id integer NOT NULL,
    name character varying(255) NOT NULL,
    content_type_id integer NOT NULL,
    codename character varying(100) NOT NULL
);


ALTER TABLE auth_permission OWNER TO gerrard;

--
-- Name: auth_permission_id_seq; Type: SEQUENCE; Schema: public; Owner: gerrard
--

CREATE SEQUENCE auth_permission_id_seq
    START WITH 1
    INCREMENT BY 1
    NO MINVALUE
    NO MAXVALUE
    CACHE 1;


ALTER TABLE auth_permission_id_seq OWNER TO gerrard;

--
-- Name: auth_permission_id_seq; Type: SEQUENCE OWNED BY; Schema: public; Owner: gerrard
--

ALTER SEQUENCE auth_permission_id_seq OWNED BY auth_permission.id;


--
-- Name: auth_user; Type: TABLE; Schema: public; Owner: gerrard; Tablespace: 
--

CREATE TABLE auth_user (
    id integer NOT NULL,
    password character varying(128) NOT NULL,
    last_login timestamp with time zone,
    is_superuser boolean NOT NULL,
    username character varying(30) NOT NULL,
    first_name character varying(30) NOT NULL,
    last_name character varying(30) NOT NULL,
    email character varying(254) NOT NULL,
    is_staff boolean NOT NULL,
    is_active boolean NOT NULL,
    date_joined timestamp with time zone NOT NULL
);


ALTER TABLE auth_user OWNER TO gerrard;

--
-- Name: auth_user_groups; Type: TABLE; Schema: public; Owner: gerrard; Tablespace: 
--

CREATE TABLE auth_user_groups (
    id integer NOT NULL,
    user_id integer NOT NULL,
    group_id integer NOT NULL
);


ALTER TABLE auth_user_groups OWNER TO gerrard;

--
-- Name: auth_user_groups_id_seq; Type: SEQUENCE; Schema: public; Owner: gerrard
--

CREATE SEQUENCE auth_user_groups_id_seq
    START WITH 1
    INCREMENT BY 1
    NO MINVALUE
    NO MAXVALUE
    CACHE 1;


ALTER TABLE auth_user_groups_id_seq OWNER TO gerrard;

--
-- Name: auth_user_groups_id_seq; Type: SEQUENCE OWNED BY; Schema: public; Owner: gerrard
--

ALTER SEQUENCE auth_user_groups_id_seq OWNED BY auth_user_groups.id;


--
-- Name: auth_user_id_seq; Type: SEQUENCE; Schema: public; Owner: gerrard
--

CREATE SEQUENCE auth_user_id_seq
    START WITH 1
    INCREMENT BY 1
    NO MINVALUE
    NO MAXVALUE
    CACHE 1;


ALTER TABLE auth_user_id_seq OWNER TO gerrard;

--
-- Name: auth_user_id_seq; Type: SEQUENCE OWNED BY; Schema: public; Owner: gerrard
--

ALTER SEQUENCE auth_user_id_seq OWNED BY auth_user.id;


--
-- Name: auth_user_user_permissions; Type: TABLE; Schema: public; Owner: gerrard; Tablespace: 
--

CREATE TABLE auth_user_user_permissions (
    id integer NOT NULL,
    user_id integer NOT NULL,
    permission_id integer NOT NULL
);


ALTER TABLE auth_user_user_permissions OWNER TO gerrard;

--
-- Name: auth_user_user_permissions_id_seq; Type: SEQUENCE; Schema: public; Owner: gerrard
--

CREATE SEQUENCE auth_user_user_permissions_id_seq
    START WITH 1
    INCREMENT BY 1
    NO MINVALUE
    NO MAXVALUE
    CACHE 1;


ALTER TABLE auth_user_user_permissions_id_seq OWNER TO gerrard;

--
-- Name: auth_user_user_permissions_id_seq; Type: SEQUENCE OWNED BY; Schema: public; Owner: gerrard
--

ALTER SEQUENCE auth_user_user_permissions_id_seq OWNED BY auth_user_user_permissions.id;


--
-- Name: blog_blogcategory; Type: TABLE; Schema: public; Owner: gerrard; Tablespace: 
--

CREATE TABLE blog_blogcategory (
    id integer NOT NULL,
    title character varying(500) NOT NULL,
    slug character varying(2000),
    site_id integer NOT NULL
);


ALTER TABLE blog_blogcategory OWNER TO gerrard;

--
-- Name: blog_blogcategory_id_seq; Type: SEQUENCE; Schema: public; Owner: gerrard
--

CREATE SEQUENCE blog_blogcategory_id_seq
    START WITH 1
    INCREMENT BY 1
    NO MINVALUE
    NO MAXVALUE
    CACHE 1;


ALTER TABLE blog_blogcategory_id_seq OWNER TO gerrard;

--
-- Name: blog_blogcategory_id_seq; Type: SEQUENCE OWNED BY; Schema: public; Owner: gerrard
--

ALTER SEQUENCE blog_blogcategory_id_seq OWNED BY blog_blogcategory.id;


--
-- Name: blog_blogpost; Type: TABLE; Schema: public; Owner: gerrard; Tablespace: 
--

CREATE TABLE blog_blogpost (
    id integer NOT NULL,
    comments_count integer NOT NULL,
    keywords_string character varying(500) NOT NULL,
    rating_count integer NOT NULL,
    rating_sum integer NOT NULL,
    rating_average double precision NOT NULL,
    title character varying(500) NOT NULL,
    slug character varying(2000),
    _meta_title character varying(500),
    description text NOT NULL,
    gen_description boolean NOT NULL,
    created timestamp with time zone,
    updated timestamp with time zone,
    status integer NOT NULL,
    publish_date timestamp with time zone,
    expiry_date timestamp with time zone,
    short_url character varying(200),
    in_sitemap boolean NOT NULL,
    content text NOT NULL,
    allow_comments boolean NOT NULL,
    featured_image character varying(255),
    site_id integer NOT NULL,
    user_id integer NOT NULL
);


ALTER TABLE blog_blogpost OWNER TO gerrard;

--
-- Name: blog_blogpost_categories; Type: TABLE; Schema: public; Owner: gerrard; Tablespace: 
--

CREATE TABLE blog_blogpost_categories (
    id integer NOT NULL,
    blogpost_id integer NOT NULL,
    blogcategory_id integer NOT NULL
);


ALTER TABLE blog_blogpost_categories OWNER TO gerrard;

--
-- Name: blog_blogpost_categories_id_seq; Type: SEQUENCE; Schema: public; Owner: gerrard
--

CREATE SEQUENCE blog_blogpost_categories_id_seq
    START WITH 1
    INCREMENT BY 1
    NO MINVALUE
    NO MAXVALUE
    CACHE 1;


ALTER TABLE blog_blogpost_categories_id_seq OWNER TO gerrard;

--
-- Name: blog_blogpost_categories_id_seq; Type: SEQUENCE OWNED BY; Schema: public; Owner: gerrard
--

ALTER SEQUENCE blog_blogpost_categories_id_seq OWNED BY blog_blogpost_categories.id;


--
-- Name: blog_blogpost_id_seq; Type: SEQUENCE; Schema: public; Owner: gerrard
--

CREATE SEQUENCE blog_blogpost_id_seq
    START WITH 1
    INCREMENT BY 1
    NO MINVALUE
    NO MAXVALUE
    CACHE 1;


ALTER TABLE blog_blogpost_id_seq OWNER TO gerrard;

--
-- Name: blog_blogpost_id_seq; Type: SEQUENCE OWNED BY; Schema: public; Owner: gerrard
--

ALTER SEQUENCE blog_blogpost_id_seq OWNED BY blog_blogpost.id;


--
-- Name: blog_blogpost_related_posts; Type: TABLE; Schema: public; Owner: gerrard; Tablespace: 
--

CREATE TABLE blog_blogpost_related_posts (
    id integer NOT NULL,
    from_blogpost_id integer NOT NULL,
    to_blogpost_id integer NOT NULL
);


ALTER TABLE blog_blogpost_related_posts OWNER TO gerrard;

--
-- Name: blog_blogpost_related_posts_id_seq; Type: SEQUENCE; Schema: public; Owner: gerrard
--

CREATE SEQUENCE blog_blogpost_related_posts_id_seq
    START WITH 1
    INCREMENT BY 1
    NO MINVALUE
    NO MAXVALUE
    CACHE 1;


ALTER TABLE blog_blogpost_related_posts_id_seq OWNER TO gerrard;

--
-- Name: blog_blogpost_related_posts_id_seq; Type: SEQUENCE OWNED BY; Schema: public; Owner: gerrard
--

ALTER SEQUENCE blog_blogpost_related_posts_id_seq OWNED BY blog_blogpost_related_posts.id;


--
-- Name: conf_setting; Type: TABLE; Schema: public; Owner: gerrard; Tablespace: 
--

CREATE TABLE conf_setting (
    id integer NOT NULL,
    name character varying(50) NOT NULL,
    value character varying(2000) NOT NULL,
    site_id integer NOT NULL
);


ALTER TABLE conf_setting OWNER TO gerrard;

--
-- Name: conf_setting_id_seq; Type: SEQUENCE; Schema: public; Owner: gerrard
--

CREATE SEQUENCE conf_setting_id_seq
    START WITH 1
    INCREMENT BY 1
    NO MINVALUE
    NO MAXVALUE
    CACHE 1;


ALTER TABLE conf_setting_id_seq OWNER TO gerrard;

--
-- Name: conf_setting_id_seq; Type: SEQUENCE OWNED BY; Schema: public; Owner: gerrard
--

ALTER SEQUENCE conf_setting_id_seq OWNED BY conf_setting.id;


--
-- Name: core_sitepermission; Type: TABLE; Schema: public; Owner: gerrard; Tablespace: 
--

CREATE TABLE core_sitepermission (
    id integer NOT NULL,
    user_id integer NOT NULL
);


ALTER TABLE core_sitepermission OWNER TO gerrard;

--
-- Name: core_sitepermission_id_seq; Type: SEQUENCE; Schema: public; Owner: gerrard
--

CREATE SEQUENCE core_sitepermission_id_seq
    START WITH 1
    INCREMENT BY 1
    NO MINVALUE
    NO MAXVALUE
    CACHE 1;


ALTER TABLE core_sitepermission_id_seq OWNER TO gerrard;

--
-- Name: core_sitepermission_id_seq; Type: SEQUENCE OWNED BY; Schema: public; Owner: gerrard
--

ALTER SEQUENCE core_sitepermission_id_seq OWNED BY core_sitepermission.id;


--
-- Name: core_sitepermission_sites; Type: TABLE; Schema: public; Owner: gerrard; Tablespace: 
--

CREATE TABLE core_sitepermission_sites (
    id integer NOT NULL,
    sitepermission_id integer NOT NULL,
    site_id integer NOT NULL
);


ALTER TABLE core_sitepermission_sites OWNER TO gerrard;

--
-- Name: core_sitepermission_sites_id_seq; Type: SEQUENCE; Schema: public; Owner: gerrard
--

CREATE SEQUENCE core_sitepermission_sites_id_seq
    START WITH 1
    INCREMENT BY 1
    NO MINVALUE
    NO MAXVALUE
    CACHE 1;


ALTER TABLE core_sitepermission_sites_id_seq OWNER TO gerrard;

--
-- Name: core_sitepermission_sites_id_seq; Type: SEQUENCE OWNED BY; Schema: public; Owner: gerrard
--

ALTER SEQUENCE core_sitepermission_sites_id_seq OWNED BY core_sitepermission_sites.id;


--
-- Name: django_admin_log; Type: TABLE; Schema: public; Owner: gerrard; Tablespace: 
--

CREATE TABLE django_admin_log (
    id integer NOT NULL,
    action_time timestamp with time zone NOT NULL,
    object_id text,
    object_repr character varying(200) NOT NULL,
    action_flag smallint NOT NULL,
    change_message text NOT NULL,
    content_type_id integer,
    user_id integer NOT NULL,
    CONSTRAINT django_admin_log_action_flag_check CHECK ((action_flag >= 0))
);


ALTER TABLE django_admin_log OWNER TO gerrard;

--
-- Name: django_admin_log_id_seq; Type: SEQUENCE; Schema: public; Owner: gerrard
--

CREATE SEQUENCE django_admin_log_id_seq
    START WITH 1
    INCREMENT BY 1
    NO MINVALUE
    NO MAXVALUE
    CACHE 1;


ALTER TABLE django_admin_log_id_seq OWNER TO gerrard;

--
-- Name: django_admin_log_id_seq; Type: SEQUENCE OWNED BY; Schema: public; Owner: gerrard
--

ALTER SEQUENCE django_admin_log_id_seq OWNED BY django_admin_log.id;


--
-- Name: django_comment_flags; Type: TABLE; Schema: public; Owner: gerrard; Tablespace: 
--

CREATE TABLE django_comment_flags (
    id integer NOT NULL,
    flag character varying(30) NOT NULL,
    flag_date timestamp with time zone NOT NULL,
    comment_id integer NOT NULL,
    user_id integer NOT NULL
);


ALTER TABLE django_comment_flags OWNER TO gerrard;

--
-- Name: django_comment_flags_id_seq; Type: SEQUENCE; Schema: public; Owner: gerrard
--

CREATE SEQUENCE django_comment_flags_id_seq
    START WITH 1
    INCREMENT BY 1
    NO MINVALUE
    NO MAXVALUE
    CACHE 1;


ALTER TABLE django_comment_flags_id_seq OWNER TO gerrard;

--
-- Name: django_comment_flags_id_seq; Type: SEQUENCE OWNED BY; Schema: public; Owner: gerrard
--

ALTER SEQUENCE django_comment_flags_id_seq OWNED BY django_comment_flags.id;


--
-- Name: django_comments; Type: TABLE; Schema: public; Owner: gerrard; Tablespace: 
--

CREATE TABLE django_comments (
    id integer NOT NULL,
    object_pk text NOT NULL,
    user_name character varying(50) NOT NULL,
    user_email character varying(254) NOT NULL,
    user_url character varying(200) NOT NULL,
    comment text NOT NULL,
    submit_date timestamp with time zone NOT NULL,
    ip_address inet,
    is_public boolean NOT NULL,
    is_removed boolean NOT NULL,
    content_type_id integer NOT NULL,
    site_id integer NOT NULL,
    user_id integer
);


ALTER TABLE django_comments OWNER TO gerrard;

--
-- Name: django_comments_id_seq; Type: SEQUENCE; Schema: public; Owner: gerrard
--

CREATE SEQUENCE django_comments_id_seq
    START WITH 1
    INCREMENT BY 1
    NO MINVALUE
    NO MAXVALUE
    CACHE 1;


ALTER TABLE django_comments_id_seq OWNER TO gerrard;

--
-- Name: django_comments_id_seq; Type: SEQUENCE OWNED BY; Schema: public; Owner: gerrard
--

ALTER SEQUENCE django_comments_id_seq OWNED BY django_comments.id;


--
-- Name: django_content_type; Type: TABLE; Schema: public; Owner: gerrard; Tablespace: 
--

CREATE TABLE django_content_type (
    id integer NOT NULL,
    app_label character varying(100) NOT NULL,
    model character varying(100) NOT NULL
);


ALTER TABLE django_content_type OWNER TO gerrard;

--
-- Name: django_content_type_id_seq; Type: SEQUENCE; Schema: public; Owner: gerrard
--

CREATE SEQUENCE django_content_type_id_seq
    START WITH 1
    INCREMENT BY 1
    NO MINVALUE
    NO MAXVALUE
    CACHE 1;


ALTER TABLE django_content_type_id_seq OWNER TO gerrard;

--
-- Name: django_content_type_id_seq; Type: SEQUENCE OWNED BY; Schema: public; Owner: gerrard
--

ALTER SEQUENCE django_content_type_id_seq OWNED BY django_content_type.id;


--
-- Name: django_migrations; Type: TABLE; Schema: public; Owner: gerrard; Tablespace: 
--

CREATE TABLE django_migrations (
    id integer NOT NULL,
    app character varying(255) NOT NULL,
    name character varying(255) NOT NULL,
    applied timestamp with time zone NOT NULL
);


ALTER TABLE django_migrations OWNER TO gerrard;

--
-- Name: django_migrations_id_seq; Type: SEQUENCE; Schema: public; Owner: gerrard
--

CREATE SEQUENCE django_migrations_id_seq
    START WITH 1
    INCREMENT BY 1
    NO MINVALUE
    NO MAXVALUE
    CACHE 1;


ALTER TABLE django_migrations_id_seq OWNER TO gerrard;

--
-- Name: django_migrations_id_seq; Type: SEQUENCE OWNED BY; Schema: public; Owner: gerrard
--

ALTER SEQUENCE django_migrations_id_seq OWNED BY django_migrations.id;


--
-- Name: django_redirect; Type: TABLE; Schema: public; Owner: gerrard; Tablespace: 
--

CREATE TABLE django_redirect (
    id integer NOT NULL,
    site_id integer NOT NULL,
    old_path character varying(200) NOT NULL,
    new_path character varying(200) NOT NULL
);


ALTER TABLE django_redirect OWNER TO gerrard;

--
-- Name: django_redirect_id_seq; Type: SEQUENCE; Schema: public; Owner: gerrard
--

CREATE SEQUENCE django_redirect_id_seq
    START WITH 1
    INCREMENT BY 1
    NO MINVALUE
    NO MAXVALUE
    CACHE 1;


ALTER TABLE django_redirect_id_seq OWNER TO gerrard;

--
-- Name: django_redirect_id_seq; Type: SEQUENCE OWNED BY; Schema: public; Owner: gerrard
--

ALTER SEQUENCE django_redirect_id_seq OWNED BY django_redirect.id;


--
-- Name: django_session; Type: TABLE; Schema: public; Owner: gerrard; Tablespace: 
--

CREATE TABLE django_session (
    session_key character varying(40) NOT NULL,
    session_data text NOT NULL,
    expire_date timestamp with time zone NOT NULL
);


ALTER TABLE django_session OWNER TO gerrard;

--
-- Name: django_site; Type: TABLE; Schema: public; Owner: gerrard; Tablespace: 
--

CREATE TABLE django_site (
    id integer NOT NULL,
    domain character varying(100) NOT NULL,
    name character varying(50) NOT NULL
);


ALTER TABLE django_site OWNER TO gerrard;

--
-- Name: django_site_id_seq; Type: SEQUENCE; Schema: public; Owner: gerrard
--

CREATE SEQUENCE django_site_id_seq
    START WITH 1
    INCREMENT BY 1
    NO MINVALUE
    NO MAXVALUE
    CACHE 1;


ALTER TABLE django_site_id_seq OWNER TO gerrard;

--
-- Name: django_site_id_seq; Type: SEQUENCE OWNED BY; Schema: public; Owner: gerrard
--

ALTER SEQUENCE django_site_id_seq OWNED BY django_site.id;


--
-- Name: forms_field; Type: TABLE; Schema: public; Owner: gerrard; Tablespace: 
--

CREATE TABLE forms_field (
    id integer NOT NULL,
    _order integer,
    label character varying(200) NOT NULL,
    field_type integer NOT NULL,
    required boolean NOT NULL,
    visible boolean NOT NULL,
    choices character varying(1000) NOT NULL,
    "default" character varying(2000) NOT NULL,
    placeholder_text character varying(100) NOT NULL,
    help_text character varying(100) NOT NULL,
    form_id integer NOT NULL
);


ALTER TABLE forms_field OWNER TO gerrard;

--
-- Name: forms_field_id_seq; Type: SEQUENCE; Schema: public; Owner: gerrard
--

CREATE SEQUENCE forms_field_id_seq
    START WITH 1
    INCREMENT BY 1
    NO MINVALUE
    NO MAXVALUE
    CACHE 1;


ALTER TABLE forms_field_id_seq OWNER TO gerrard;

--
-- Name: forms_field_id_seq; Type: SEQUENCE OWNED BY; Schema: public; Owner: gerrard
--

ALTER SEQUENCE forms_field_id_seq OWNED BY forms_field.id;


--
-- Name: forms_fieldentry; Type: TABLE; Schema: public; Owner: gerrard; Tablespace: 
--

CREATE TABLE forms_fieldentry (
    id integer NOT NULL,
    field_id integer NOT NULL,
    value character varying(2000),
    entry_id integer NOT NULL
);


ALTER TABLE forms_fieldentry OWNER TO gerrard;

--
-- Name: forms_fieldentry_id_seq; Type: SEQUENCE; Schema: public; Owner: gerrard
--

CREATE SEQUENCE forms_fieldentry_id_seq
    START WITH 1
    INCREMENT BY 1
    NO MINVALUE
    NO MAXVALUE
    CACHE 1;


ALTER TABLE forms_fieldentry_id_seq OWNER TO gerrard;

--
-- Name: forms_fieldentry_id_seq; Type: SEQUENCE OWNED BY; Schema: public; Owner: gerrard
--

ALTER SEQUENCE forms_fieldentry_id_seq OWNED BY forms_fieldentry.id;


--
-- Name: forms_form; Type: TABLE; Schema: public; Owner: gerrard; Tablespace: 
--

CREATE TABLE forms_form (
    page_ptr_id integer NOT NULL,
    content text NOT NULL,
    button_text character varying(50) NOT NULL,
    response text NOT NULL,
    send_email boolean NOT NULL,
    email_from character varying(254) NOT NULL,
    email_copies character varying(200) NOT NULL,
    email_subject character varying(200) NOT NULL,
    email_message text NOT NULL
);


ALTER TABLE forms_form OWNER TO gerrard;

--
-- Name: forms_formentry; Type: TABLE; Schema: public; Owner: gerrard; Tablespace: 
--

CREATE TABLE forms_formentry (
    id integer NOT NULL,
    entry_time timestamp with time zone NOT NULL,
    form_id integer NOT NULL
);


ALTER TABLE forms_formentry OWNER TO gerrard;

--
-- Name: forms_formentry_id_seq; Type: SEQUENCE; Schema: public; Owner: gerrard
--

CREATE SEQUENCE forms_formentry_id_seq
    START WITH 1
    INCREMENT BY 1
    NO MINVALUE
    NO MAXVALUE
    CACHE 1;


ALTER TABLE forms_formentry_id_seq OWNER TO gerrard;

--
-- Name: forms_formentry_id_seq; Type: SEQUENCE OWNED BY; Schema: public; Owner: gerrard
--

ALTER SEQUENCE forms_formentry_id_seq OWNED BY forms_formentry.id;


--
-- Name: galleries_gallery; Type: TABLE; Schema: public; Owner: gerrard; Tablespace: 
--

CREATE TABLE galleries_gallery (
    page_ptr_id integer NOT NULL,
    content text NOT NULL,
    zip_import character varying(100) NOT NULL
);


ALTER TABLE galleries_gallery OWNER TO gerrard;

--
-- Name: galleries_galleryimage; Type: TABLE; Schema: public; Owner: gerrard; Tablespace: 
--

CREATE TABLE galleries_galleryimage (
    id integer NOT NULL,
    _order integer,
    file character varying(200) NOT NULL,
    description character varying(1000) NOT NULL,
    gallery_id integer NOT NULL
);


ALTER TABLE galleries_galleryimage OWNER TO gerrard;

--
-- Name: galleries_galleryimage_id_seq; Type: SEQUENCE; Schema: public; Owner: gerrard
--

CREATE SEQUENCE galleries_galleryimage_id_seq
    START WITH 1
    INCREMENT BY 1
    NO MINVALUE
    NO MAXVALUE
    CACHE 1;


ALTER TABLE galleries_galleryimage_id_seq OWNER TO gerrard;

--
-- Name: galleries_galleryimage_id_seq; Type: SEQUENCE OWNED BY; Schema: public; Owner: gerrard
--

ALTER SEQUENCE galleries_galleryimage_id_seq OWNED BY galleries_galleryimage.id;


--
-- Name: generic_assignedkeyword; Type: TABLE; Schema: public; Owner: gerrard; Tablespace: 
--

CREATE TABLE generic_assignedkeyword (
    id integer NOT NULL,
    _order integer,
    object_pk integer NOT NULL,
    content_type_id integer NOT NULL,
    keyword_id integer NOT NULL
);


ALTER TABLE generic_assignedkeyword OWNER TO gerrard;

--
-- Name: generic_assignedkeyword_id_seq; Type: SEQUENCE; Schema: public; Owner: gerrard
--

CREATE SEQUENCE generic_assignedkeyword_id_seq
    START WITH 1
    INCREMENT BY 1
    NO MINVALUE
    NO MAXVALUE
    CACHE 1;


ALTER TABLE generic_assignedkeyword_id_seq OWNER TO gerrard;

--
-- Name: generic_assignedkeyword_id_seq; Type: SEQUENCE OWNED BY; Schema: public; Owner: gerrard
--

ALTER SEQUENCE generic_assignedkeyword_id_seq OWNED BY generic_assignedkeyword.id;


--
-- Name: generic_keyword; Type: TABLE; Schema: public; Owner: gerrard; Tablespace: 
--

CREATE TABLE generic_keyword (
    id integer NOT NULL,
    title character varying(500) NOT NULL,
    slug character varying(2000),
    site_id integer NOT NULL
);


ALTER TABLE generic_keyword OWNER TO gerrard;

--
-- Name: generic_keyword_id_seq; Type: SEQUENCE; Schema: public; Owner: gerrard
--

CREATE SEQUENCE generic_keyword_id_seq
    START WITH 1
    INCREMENT BY 1
    NO MINVALUE
    NO MAXVALUE
    CACHE 1;


ALTER TABLE generic_keyword_id_seq OWNER TO gerrard;

--
-- Name: generic_keyword_id_seq; Type: SEQUENCE OWNED BY; Schema: public; Owner: gerrard
--

ALTER SEQUENCE generic_keyword_id_seq OWNED BY generic_keyword.id;


--
-- Name: generic_rating; Type: TABLE; Schema: public; Owner: gerrard; Tablespace: 
--

CREATE TABLE generic_rating (
    id integer NOT NULL,
    value integer NOT NULL,
    rating_date timestamp with time zone,
    object_pk integer NOT NULL,
    content_type_id integer NOT NULL,
    user_id integer
);


ALTER TABLE generic_rating OWNER TO gerrard;

--
-- Name: generic_rating_id_seq; Type: SEQUENCE; Schema: public; Owner: gerrard
--

CREATE SEQUENCE generic_rating_id_seq
    START WITH 1
    INCREMENT BY 1
    NO MINVALUE
    NO MAXVALUE
    CACHE 1;


ALTER TABLE generic_rating_id_seq OWNER TO gerrard;

--
-- Name: generic_rating_id_seq; Type: SEQUENCE OWNED BY; Schema: public; Owner: gerrard
--

ALTER SEQUENCE generic_rating_id_seq OWNED BY generic_rating.id;


--
-- Name: generic_threadedcomment; Type: TABLE; Schema: public; Owner: gerrard; Tablespace: 
--

CREATE TABLE generic_threadedcomment (
    comment_ptr_id integer NOT NULL,
    rating_count integer NOT NULL,
    rating_sum integer NOT NULL,
    rating_average double precision NOT NULL,
    by_author boolean NOT NULL,
    replied_to_id integer
);


ALTER TABLE generic_threadedcomment OWNER TO gerrard;

--
-- Name: grow_records_action; Type: TABLE; Schema: public; Owner: gerrard; Tablespace: 
--

CREATE TABLE grow_records_action (
    id integer NOT NULL,
    start_time timestamp with time zone NOT NULL,
    end_time timestamp with time zone NOT NULL,
    description text
);


ALTER TABLE grow_records_action OWNER TO gerrard;

--
-- Name: grow_records_action_id_seq; Type: SEQUENCE; Schema: public; Owner: gerrard
--

CREATE SEQUENCE grow_records_action_id_seq
    START WITH 1
    INCREMENT BY 1
    NO MINVALUE
    NO MAXVALUE
    CACHE 1;


ALTER TABLE grow_records_action_id_seq OWNER TO gerrard;

--
-- Name: grow_records_action_id_seq; Type: SEQUENCE OWNED BY; Schema: public; Owner: gerrard
--

ALTER SEQUENCE grow_records_action_id_seq OWNED BY grow_records_action.id;


--
-- Name: grow_records_ammendinnoculate; Type: TABLE; Schema: public; Owner: gerrard; Tablespace: 
--

CREATE TABLE grow_records_ammendinnoculate (
    bedinteraction_ptr_id integer NOT NULL,
    recipe text
);


ALTER TABLE grow_records_ammendinnoculate OWNER TO gerrard;

--
-- Name: grow_records_areauom; Type: TABLE; Schema: public; Owner: gerrard; Tablespace: 
--

CREATE TABLE grow_records_areauom (
    id integer NOT NULL,
    unit character varying(4) NOT NULL
);


ALTER TABLE grow_records_areauom OWNER TO gerrard;

--
-- Name: grow_records_areauom_id_seq; Type: SEQUENCE; Schema: public; Owner: gerrard
--

CREATE SEQUENCE grow_records_areauom_id_seq
    START WITH 1
    INCREMENT BY 1
    NO MINVALUE
    NO MAXVALUE
    CACHE 1;


ALTER TABLE grow_records_areauom_id_seq OWNER TO gerrard;

--
-- Name: grow_records_areauom_id_seq; Type: SEQUENCE OWNED BY; Schema: public; Owner: gerrard
--

ALTER SEQUENCE grow_records_areauom_id_seq OWNED BY grow_records_areauom.id;


--
-- Name: grow_records_bed; Type: TABLE; Schema: public; Owner: gerrard; Tablespace: 
--

CREATE TABLE grow_records_bed (
    id integer NOT NULL,
    name character varying(200) NOT NULL,
    width integer NOT NULL,
    length integer NOT NULL,
    "length_UOM_id" integer,
    site_id integer,
    "width_UOM_id" integer,
    bed_set_id integer
);


ALTER TABLE grow_records_bed OWNER TO gerrard;

--
-- Name: grow_records_bed_id_seq; Type: SEQUENCE; Schema: public; Owner: gerrard
--

CREATE SEQUENCE grow_records_bed_id_seq
    START WITH 1
    INCREMENT BY 1
    NO MINVALUE
    NO MAXVALUE
    CACHE 1;


ALTER TABLE grow_records_bed_id_seq OWNER TO gerrard;

--
-- Name: grow_records_bed_id_seq; Type: SEQUENCE OWNED BY; Schema: public; Owner: gerrard
--

ALTER SEQUENCE grow_records_bed_id_seq OWNED BY grow_records_bed.id;


--
-- Name: grow_records_bedinteraction; Type: TABLE; Schema: public; Owner: gerrard; Tablespace: 
--

CREATE TABLE grow_records_bedinteraction (
    action_ptr_id integer NOT NULL
);


ALTER TABLE grow_records_bedinteraction OWNER TO gerrard;

--
-- Name: grow_records_bedinteraction_beds; Type: TABLE; Schema: public; Owner: gerrard; Tablespace: 
--

CREATE TABLE grow_records_bedinteraction_beds (
    id integer NOT NULL,
    bedinteraction_id integer NOT NULL,
    bed_id integer NOT NULL
);


ALTER TABLE grow_records_bedinteraction_beds OWNER TO gerrard;

--
-- Name: grow_records_bedinteraction_beds_id_seq; Type: SEQUENCE; Schema: public; Owner: gerrard
--

CREATE SEQUENCE grow_records_bedinteraction_beds_id_seq
    START WITH 1
    INCREMENT BY 1
    NO MINVALUE
    NO MAXVALUE
    CACHE 1;


ALTER TABLE grow_records_bedinteraction_beds_id_seq OWNER TO gerrard;

--
-- Name: grow_records_bedinteraction_beds_id_seq; Type: SEQUENCE OWNED BY; Schema: public; Owner: gerrard
--

ALTER SEQUENCE grow_records_bedinteraction_beds_id_seq OWNED BY grow_records_bedinteraction_beds.id;


--
-- Name: grow_records_bedrecord; Type: TABLE; Schema: public; Owner: gerrard; Tablespace: 
--

CREATE TABLE grow_records_bedrecord (
    id integer NOT NULL,
    in_bed_date date,
    out_bed_date date,
    rows integer,
    spacing_in integer,
    bed_percent integer,
    bed_id integer,
    nursery_record_id integer,
    seeder_id integer,
    variety_id integer
);


ALTER TABLE grow_records_bedrecord OWNER TO gerrard;

--
-- Name: grow_records_bedrecord_id_seq; Type: SEQUENCE; Schema: public; Owner: gerrard
--

CREATE SEQUENCE grow_records_bedrecord_id_seq
    START WITH 1
    INCREMENT BY 1
    NO MINVALUE
    NO MAXVALUE
    CACHE 1;


ALTER TABLE grow_records_bedrecord_id_seq OWNER TO gerrard;

--
-- Name: grow_records_bedrecord_id_seq; Type: SEQUENCE OWNED BY; Schema: public; Owner: gerrard
--

ALTER SEQUENCE grow_records_bedrecord_id_seq OWNED BY grow_records_bedrecord.id;


--
-- Name: grow_records_bedset; Type: TABLE; Schema: public; Owner: gerrard; Tablespace: 
--

CREATE TABLE grow_records_bedset (
    id integer NOT NULL,
    name character varying(200) NOT NULL,
    site_id integer
);


ALTER TABLE grow_records_bedset OWNER TO gerrard;

--
-- Name: grow_records_bedset_id_seq; Type: SEQUENCE; Schema: public; Owner: gerrard
--

CREATE SEQUENCE grow_records_bedset_id_seq
    START WITH 1
    INCREMENT BY 1
    NO MINVALUE
    NO MAXVALUE
    CACHE 1;


ALTER TABLE grow_records_bedset_id_seq OWNER TO gerrard;

--
-- Name: grow_records_bedset_id_seq; Type: SEQUENCE OWNED BY; Schema: public; Owner: gerrard
--

ALTER SEQUENCE grow_records_bedset_id_seq OWNED BY grow_records_bedset.id;


--
-- Name: grow_records_buyer; Type: TABLE; Schema: public; Owner: gerrard; Tablespace: 
--

CREATE TABLE grow_records_buyer (
    id integer NOT NULL,
    name character varying(100)
);


ALTER TABLE grow_records_buyer OWNER TO gerrard;

--
-- Name: grow_records_buyer_id_seq; Type: SEQUENCE; Schema: public; Owner: gerrard
--

CREATE SEQUENCE grow_records_buyer_id_seq
    START WITH 1
    INCREMENT BY 1
    NO MINVALUE
    NO MAXVALUE
    CACHE 1;


ALTER TABLE grow_records_buyer_id_seq OWNER TO gerrard;

--
-- Name: grow_records_buyer_id_seq; Type: SEQUENCE OWNED BY; Schema: public; Owner: gerrard
--

ALTER SEQUENCE grow_records_buyer_id_seq OWNED BY grow_records_buyer.id;


--
-- Name: grow_records_buyervarietyprice; Type: TABLE; Schema: public; Owner: gerrard; Tablespace: 
--

CREATE TABLE grow_records_buyervarietyprice (
    id integer NOT NULL,
    buyer_id integer,
    price double precision,
    date_effective timestamp with time zone,
    date_end timestamp with time zone,
    "price_UOM_id" integer,
    variety_id integer
);


ALTER TABLE grow_records_buyervarietyprice OWNER TO gerrard;

--
-- Name: grow_records_buyervarietyprice_id_seq; Type: SEQUENCE; Schema: public; Owner: gerrard
--

CREATE SEQUENCE grow_records_buyervarietyprice_id_seq
    START WITH 1
    INCREMENT BY 1
    NO MINVALUE
    NO MAXVALUE
    CACHE 1;


ALTER TABLE grow_records_buyervarietyprice_id_seq OWNER TO gerrard;

--
-- Name: grow_records_buyervarietyprice_id_seq; Type: SEQUENCE OWNED BY; Schema: public; Owner: gerrard
--

ALTER SEQUENCE grow_records_buyervarietyprice_id_seq OWNED BY grow_records_buyervarietyprice.id;


--
-- Name: grow_records_commonname; Type: TABLE; Schema: public; Owner: gerrard; Tablespace: 
--

CREATE TABLE grow_records_commonname (
    id integer NOT NULL,
    name character varying(100),
    preferred boolean NOT NULL,
    crop_id integer
);


ALTER TABLE grow_records_commonname OWNER TO gerrard;

--
-- Name: grow_records_commonname_id_seq; Type: SEQUENCE; Schema: public; Owner: gerrard
--

CREATE SEQUENCE grow_records_commonname_id_seq
    START WITH 1
    INCREMENT BY 1
    NO MINVALUE
    NO MAXVALUE
    CACHE 1;


ALTER TABLE grow_records_commonname_id_seq OWNER TO gerrard;

--
-- Name: grow_records_commonname_id_seq; Type: SEQUENCE OWNED BY; Schema: public; Owner: gerrard
--

ALTER SEQUENCE grow_records_commonname_id_seq OWNED BY grow_records_commonname.id;


--
-- Name: grow_records_crop; Type: TABLE; Schema: public; Owner: gerrard; Tablespace: 
--

CREATE TABLE grow_records_crop (
    id integer NOT NULL,
    species_id integer
);


ALTER TABLE grow_records_crop OWNER TO gerrard;

--
-- Name: grow_records_crop_id_seq; Type: SEQUENCE; Schema: public; Owner: gerrard
--

CREATE SEQUENCE grow_records_crop_id_seq
    START WITH 1
    INCREMENT BY 1
    NO MINVALUE
    NO MAXVALUE
    CACHE 1;


ALTER TABLE grow_records_crop_id_seq OWNER TO gerrard;

--
-- Name: grow_records_crop_id_seq; Type: SEQUENCE OWNED BY; Schema: public; Owner: gerrard
--

ALTER SEQUENCE grow_records_crop_id_seq OWNED BY grow_records_crop.id;


--
-- Name: grow_records_deliveryitem; Type: TABLE; Schema: public; Owner: gerrard; Tablespace: 
--

CREATE TABLE grow_records_deliveryitem (
    id integer NOT NULL,
    delivery_amount double precision NOT NULL,
    "delivery_UOM_id" integer,
    delivery_record_id integer,
    variety_id integer
);


ALTER TABLE grow_records_deliveryitem OWNER TO gerrard;

--
-- Name: grow_records_deliveryitem_id_seq; Type: SEQUENCE; Schema: public; Owner: gerrard
--

CREATE SEQUENCE grow_records_deliveryitem_id_seq
    START WITH 1
    INCREMENT BY 1
    NO MINVALUE
    NO MAXVALUE
    CACHE 1;


ALTER TABLE grow_records_deliveryitem_id_seq OWNER TO gerrard;

--
-- Name: grow_records_deliveryitem_id_seq; Type: SEQUENCE OWNED BY; Schema: public; Owner: gerrard
--

ALTER SEQUENCE grow_records_deliveryitem_id_seq OWNED BY grow_records_deliveryitem.id;


--
-- Name: grow_records_deliveryrecord; Type: TABLE; Schema: public; Owner: gerrard; Tablespace: 
--

CREATE TABLE grow_records_deliveryrecord (
    id integer NOT NULL,
    date date,
    buyer_id integer
);


ALTER TABLE grow_records_deliveryrecord OWNER TO gerrard;

--
-- Name: grow_records_deliveryrecord_id_seq; Type: SEQUENCE; Schema: public; Owner: gerrard
--

CREATE SEQUENCE grow_records_deliveryrecord_id_seq
    START WITH 1
    INCREMENT BY 1
    NO MINVALUE
    NO MAXVALUE
    CACHE 1;


ALTER TABLE grow_records_deliveryrecord_id_seq OWNER TO gerrard;

--
-- Name: grow_records_deliveryrecord_id_seq; Type: SEQUENCE OWNED BY; Schema: public; Owner: gerrard
--

ALTER SEQUENCE grow_records_deliveryrecord_id_seq OWNED BY grow_records_deliveryrecord.id;


--
-- Name: grow_records_family; Type: TABLE; Schema: public; Owner: gerrard; Tablespace: 
--

CREATE TABLE grow_records_family (
    id integer NOT NULL,
    name character varying(100) NOT NULL
);


ALTER TABLE grow_records_family OWNER TO gerrard;

--
-- Name: grow_records_family_id_seq; Type: SEQUENCE; Schema: public; Owner: gerrard
--

CREATE SEQUENCE grow_records_family_id_seq
    START WITH 1
    INCREMENT BY 1
    NO MINVALUE
    NO MAXVALUE
    CACHE 1;


ALTER TABLE grow_records_family_id_seq OWNER TO gerrard;

--
-- Name: grow_records_family_id_seq; Type: SEQUENCE OWNED BY; Schema: public; Owner: gerrard
--

ALTER SEQUENCE grow_records_family_id_seq OWNED BY grow_records_family.id;


--
-- Name: grow_records_fertiliseinnoculate; Type: TABLE; Schema: public; Owner: gerrard; Tablespace: 
--

CREATE TABLE grow_records_fertiliseinnoculate (
    plantinteraction_ptr_id integer NOT NULL,
    recipe text
);


ALTER TABLE grow_records_fertiliseinnoculate OWNER TO gerrard;

--
-- Name: grow_records_genus; Type: TABLE; Schema: public; Owner: gerrard; Tablespace: 
--

CREATE TABLE grow_records_genus (
    id integer NOT NULL,
    name character varying(100) NOT NULL,
    family_id integer
);


ALTER TABLE grow_records_genus OWNER TO gerrard;

--
-- Name: grow_records_genus_id_seq; Type: SEQUENCE; Schema: public; Owner: gerrard
--

CREATE SEQUENCE grow_records_genus_id_seq
    START WITH 1
    INCREMENT BY 1
    NO MINVALUE
    NO MAXVALUE
    CACHE 1;


ALTER TABLE grow_records_genus_id_seq OWNER TO gerrard;

--
-- Name: grow_records_genus_id_seq; Type: SEQUENCE OWNED BY; Schema: public; Owner: gerrard
--

ALTER SEQUENCE grow_records_genus_id_seq OWNED BY grow_records_genus.id;


--
-- Name: grow_records_harvestrecord; Type: TABLE; Schema: public; Owner: gerrard; Tablespace: 
--

CREATE TABLE grow_records_harvestrecord (
    id integer NOT NULL,
    yield_amount double precision NOT NULL,
    harvest_date date,
    bed_record_id integer,
    "yield_UOM_id" integer
);


ALTER TABLE grow_records_harvestrecord OWNER TO gerrard;

--
-- Name: grow_records_harvestrecord_id_seq; Type: SEQUENCE; Schema: public; Owner: gerrard
--

CREATE SEQUENCE grow_records_harvestrecord_id_seq
    START WITH 1
    INCREMENT BY 1
    NO MINVALUE
    NO MAXVALUE
    CACHE 1;


ALTER TABLE grow_records_harvestrecord_id_seq OWNER TO gerrard;

--
-- Name: grow_records_harvestrecord_id_seq; Type: SEQUENCE OWNED BY; Schema: public; Owner: gerrard
--

ALTER SEQUENCE grow_records_harvestrecord_id_seq OWNED BY grow_records_harvestrecord.id;


--
-- Name: grow_records_input; Type: TABLE; Schema: public; Owner: gerrard; Tablespace: 
--

CREATE TABLE grow_records_input (
    id integer NOT NULL,
    description character varying(200) NOT NULL,
    supplier_id integer NOT NULL,
    volume double precision,
    weight double precision,
    price numeric(10,2) NOT NULL,
    price_currency character varying(3) NOT NULL
);


ALTER TABLE grow_records_input OWNER TO gerrard;

--
-- Name: grow_records_input_id_seq; Type: SEQUENCE; Schema: public; Owner: gerrard
--

CREATE SEQUENCE grow_records_input_id_seq
    START WITH 1
    INCREMENT BY 1
    NO MINVALUE
    NO MAXVALUE
    CACHE 1;


ALTER TABLE grow_records_input_id_seq OWNER TO gerrard;

--
-- Name: grow_records_input_id_seq; Type: SEQUENCE OWNED BY; Schema: public; Owner: gerrard
--

ALTER SEQUENCE grow_records_input_id_seq OWNED BY grow_records_input.id;


--
-- Name: grow_records_lengthuom; Type: TABLE; Schema: public; Owner: gerrard; Tablespace: 
--

CREATE TABLE grow_records_lengthuom (
    id integer NOT NULL,
    unit character varying(2) NOT NULL
);


ALTER TABLE grow_records_lengthuom OWNER TO gerrard;

--
-- Name: grow_records_lengthuom_id_seq; Type: SEQUENCE; Schema: public; Owner: gerrard
--

CREATE SEQUENCE grow_records_lengthuom_id_seq
    START WITH 1
    INCREMENT BY 1
    NO MINVALUE
    NO MAXVALUE
    CACHE 1;


ALTER TABLE grow_records_lengthuom_id_seq OWNER TO gerrard;

--
-- Name: grow_records_lengthuom_id_seq; Type: SEQUENCE OWNED BY; Schema: public; Owner: gerrard
--

ALTER SEQUENCE grow_records_lengthuom_id_seq OWNED BY grow_records_lengthuom.id;


--
-- Name: grow_records_location; Type: TABLE; Schema: public; Owner: gerrard; Tablespace: 
--

CREATE TABLE grow_records_location (
    id integer NOT NULL,
    name character varying(200) NOT NULL
);


ALTER TABLE grow_records_location OWNER TO gerrard;

--
-- Name: grow_records_location_id_seq; Type: SEQUENCE; Schema: public; Owner: gerrard
--

CREATE SEQUENCE grow_records_location_id_seq
    START WITH 1
    INCREMENT BY 1
    NO MINVALUE
    NO MAXVALUE
    CACHE 1;


ALTER TABLE grow_records_location_id_seq OWNER TO gerrard;

--
-- Name: grow_records_location_id_seq; Type: SEQUENCE OWNED BY; Schema: public; Owner: gerrard
--

ALTER SEQUENCE grow_records_location_id_seq OWNED BY grow_records_location.id;


--
-- Name: grow_records_nurseryrecord; Type: TABLE; Schema: public; Owner: gerrard; Tablespace: 
--

CREATE TABLE grow_records_nurseryrecord (
    id integer NOT NULL,
    in_nursery_date date,
    germ_date date,
    tray_size_cell integer,
    number_trays double precision,
    medium_id integer,
    variety_id integer
);


ALTER TABLE grow_records_nurseryrecord OWNER TO gerrard;

--
-- Name: grow_records_nurseryrecord_id_seq; Type: SEQUENCE; Schema: public; Owner: gerrard
--

CREATE SEQUENCE grow_records_nurseryrecord_id_seq
    START WITH 1
    INCREMENT BY 1
    NO MINVALUE
    NO MAXVALUE
    CACHE 1;


ALTER TABLE grow_records_nurseryrecord_id_seq OWNER TO gerrard;

--
-- Name: grow_records_nurseryrecord_id_seq; Type: SEQUENCE OWNED BY; Schema: public; Owner: gerrard
--

ALTER SEQUENCE grow_records_nurseryrecord_id_seq OWNED BY grow_records_nurseryrecord.id;


--
-- Name: grow_records_plantinteraction; Type: TABLE; Schema: public; Owner: gerrard; Tablespace: 
--

CREATE TABLE grow_records_plantinteraction (
    action_ptr_id integer NOT NULL
);


ALTER TABLE grow_records_plantinteraction OWNER TO gerrard;

--
-- Name: grow_records_plantinteraction_bed_records; Type: TABLE; Schema: public; Owner: gerrard; Tablespace: 
--

CREATE TABLE grow_records_plantinteraction_bed_records (
    id integer NOT NULL,
    plantinteraction_id integer NOT NULL,
    bedrecord_id integer NOT NULL
);


ALTER TABLE grow_records_plantinteraction_bed_records OWNER TO gerrard;

--
-- Name: grow_records_plantinteraction_bed_recordss_id_seq; Type: SEQUENCE; Schema: public; Owner: gerrard
--

CREATE SEQUENCE grow_records_plantinteraction_bed_recordss_id_seq
    START WITH 1
    INCREMENT BY 1
    NO MINVALUE
    NO MAXVALUE
    CACHE 1;


ALTER TABLE grow_records_plantinteraction_bed_recordss_id_seq OWNER TO gerrard;

--
-- Name: grow_records_plantinteraction_bed_recordss_id_seq; Type: SEQUENCE OWNED BY; Schema: public; Owner: gerrard
--

ALTER SEQUENCE grow_records_plantinteraction_bed_recordss_id_seq OWNED BY grow_records_plantinteraction_bed_records.id;


--
-- Name: grow_records_plantinteraction_nursery_records; Type: TABLE; Schema: public; Owner: gerrard; Tablespace: 
--

CREATE TABLE grow_records_plantinteraction_nursery_records (
    id integer NOT NULL,
    plantinteraction_id integer NOT NULL,
    nurseryrecord_id integer NOT NULL
);


ALTER TABLE grow_records_plantinteraction_nursery_records OWNER TO gerrard;

--
-- Name: grow_records_plantinteraction_nursery_records_id_seq; Type: SEQUENCE; Schema: public; Owner: gerrard
--

CREATE SEQUENCE grow_records_plantinteraction_nursery_records_id_seq
    START WITH 1
    INCREMENT BY 1
    NO MINVALUE
    NO MAXVALUE
    CACHE 1;


ALTER TABLE grow_records_plantinteraction_nursery_records_id_seq OWNER TO gerrard;

--
-- Name: grow_records_plantinteraction_nursery_records_id_seq; Type: SEQUENCE OWNED BY; Schema: public; Owner: gerrard
--

ALTER SEQUENCE grow_records_plantinteraction_nursery_records_id_seq OWNED BY grow_records_plantinteraction_nursery_records.id;


--
-- Name: grow_records_plantrecord; Type: TABLE; Schema: public; Owner: gerrard; Tablespace: 
--

CREATE TABLE grow_records_plantrecord (
    id integer NOT NULL
);


ALTER TABLE grow_records_plantrecord OWNER TO gerrard;

--
-- Name: grow_records_plantrecord_id_seq; Type: SEQUENCE; Schema: public; Owner: gerrard
--

CREATE SEQUENCE grow_records_plantrecord_id_seq
    START WITH 1
    INCREMENT BY 1
    NO MINVALUE
    NO MAXVALUE
    CACHE 1;


ALTER TABLE grow_records_plantrecord_id_seq OWNER TO gerrard;

--
-- Name: grow_records_plantrecord_id_seq; Type: SEQUENCE OWNED BY; Schema: public; Owner: gerrard
--

ALTER SEQUENCE grow_records_plantrecord_id_seq OWNED BY grow_records_plantrecord.id;


--
-- Name: grow_records_potonrecord; Type: TABLE; Schema: public; Owner: gerrard; Tablespace: 
--

CREATE TABLE grow_records_potonrecord (
    id integer NOT NULL,
    pot_on_date date NOT NULL,
    pot_size_in integer,
    medium_id integer,
    nursery_record_id integer
);


ALTER TABLE grow_records_potonrecord OWNER TO gerrard;

--
-- Name: grow_records_potonrecord_id_seq; Type: SEQUENCE; Schema: public; Owner: gerrard
--

CREATE SEQUENCE grow_records_potonrecord_id_seq
    START WITH 1
    INCREMENT BY 1
    NO MINVALUE
    NO MAXVALUE
    CACHE 1;


ALTER TABLE grow_records_potonrecord_id_seq OWNER TO gerrard;

--
-- Name: grow_records_potonrecord_id_seq; Type: SEQUENCE OWNED BY; Schema: public; Owner: gerrard
--

ALTER SEQUENCE grow_records_potonrecord_id_seq OWNED BY grow_records_potonrecord.id;


--
-- Name: grow_records_protect; Type: TABLE; Schema: public; Owner: gerrard; Tablespace: 
--

CREATE TABLE grow_records_protect (
    plantinteraction_ptr_id integer NOT NULL
);


ALTER TABLE grow_records_protect OWNER TO gerrard;

--
-- Name: grow_records_seederrecord; Type: TABLE; Schema: public; Owner: gerrard; Tablespace: 
--

CREATE TABLE grow_records_seederrecord (
    id integer NOT NULL,
    name character varying(2) NOT NULL,
    seeder_settings character varying(100)
);


ALTER TABLE grow_records_seederrecord OWNER TO gerrard;

--
-- Name: grow_records_seederrecord_id_seq; Type: SEQUENCE; Schema: public; Owner: gerrard
--

CREATE SEQUENCE grow_records_seederrecord_id_seq
    START WITH 1
    INCREMENT BY 1
    NO MINVALUE
    NO MAXVALUE
    CACHE 1;


ALTER TABLE grow_records_seederrecord_id_seq OWNER TO gerrard;

--
-- Name: grow_records_seederrecord_id_seq; Type: SEQUENCE OWNED BY; Schema: public; Owner: gerrard
--

ALTER SEQUENCE grow_records_seederrecord_id_seq OWNED BY grow_records_seederrecord.id;


--
-- Name: grow_records_site; Type: TABLE; Schema: public; Owner: gerrard; Tablespace: 
--

CREATE TABLE grow_records_site (
    id integer NOT NULL,
    name character varying(200) NOT NULL,
    area integer,
    "area_UOM_id" integer
);


ALTER TABLE grow_records_site OWNER TO gerrard;

--
-- Name: grow_records_site_id_seq; Type: SEQUENCE; Schema: public; Owner: gerrard
--

CREATE SEQUENCE grow_records_site_id_seq
    START WITH 1
    INCREMENT BY 1
    NO MINVALUE
    NO MAXVALUE
    CACHE 1;


ALTER TABLE grow_records_site_id_seq OWNER TO gerrard;

--
-- Name: grow_records_site_id_seq; Type: SEQUENCE OWNED BY; Schema: public; Owner: gerrard
--

ALTER SEQUENCE grow_records_site_id_seq OWNED BY grow_records_site.id;


--
-- Name: grow_records_soilmediumbatch; Type: TABLE; Schema: public; Owner: gerrard; Tablespace: 
--

CREATE TABLE grow_records_soilmediumbatch (
    id integer NOT NULL,
    created date NOT NULL,
    recipe character varying(300) NOT NULL
);


ALTER TABLE grow_records_soilmediumbatch OWNER TO gerrard;

--
-- Name: grow_records_soilmediumbatch_id_seq; Type: SEQUENCE; Schema: public; Owner: gerrard
--

CREATE SEQUENCE grow_records_soilmediumbatch_id_seq
    START WITH 1
    INCREMENT BY 1
    NO MINVALUE
    NO MAXVALUE
    CACHE 1;


ALTER TABLE grow_records_soilmediumbatch_id_seq OWNER TO gerrard;

--
-- Name: grow_records_soilmediumbatch_id_seq; Type: SEQUENCE OWNED BY; Schema: public; Owner: gerrard
--

ALTER SEQUENCE grow_records_soilmediumbatch_id_seq OWNED BY grow_records_soilmediumbatch.id;


--
-- Name: grow_records_species; Type: TABLE; Schema: public; Owner: gerrard; Tablespace: 
--

CREATE TABLE grow_records_species (
    id integer NOT NULL,
    species character varying(100) NOT NULL,
    genus_id integer
);


ALTER TABLE grow_records_species OWNER TO gerrard;

--
-- Name: grow_records_species_id_seq; Type: SEQUENCE; Schema: public; Owner: gerrard
--

CREATE SEQUENCE grow_records_species_id_seq
    START WITH 1
    INCREMENT BY 1
    NO MINVALUE
    NO MAXVALUE
    CACHE 1;


ALTER TABLE grow_records_species_id_seq OWNER TO gerrard;

--
-- Name: grow_records_species_id_seq; Type: SEQUENCE OWNED BY; Schema: public; Owner: gerrard
--

ALTER SEQUENCE grow_records_species_id_seq OWNED BY grow_records_species.id;


--
-- Name: grow_records_supplier; Type: TABLE; Schema: public; Owner: gerrard; Tablespace: 
--

CREATE TABLE grow_records_supplier (
    id integer NOT NULL,
    name character varying(200) NOT NULL
);


ALTER TABLE grow_records_supplier OWNER TO gerrard;

--
-- Name: grow_records_supplier_id_seq; Type: SEQUENCE; Schema: public; Owner: gerrard
--

CREATE SEQUENCE grow_records_supplier_id_seq
    START WITH 1
    INCREMENT BY 1
    NO MINVALUE
    NO MAXVALUE
    CACHE 1;


ALTER TABLE grow_records_supplier_id_seq OWNER TO gerrard;

--
-- Name: grow_records_supplier_id_seq; Type: SEQUENCE OWNED BY; Schema: public; Owner: gerrard
--

ALTER SEQUENCE grow_records_supplier_id_seq OWNED BY grow_records_supplier.id;


--
-- Name: grow_records_tool; Type: TABLE; Schema: public; Owner: gerrard; Tablespace: 
--

CREATE TABLE grow_records_tool (
    id integer NOT NULL,
    name character varying(200) NOT NULL
);


ALTER TABLE grow_records_tool OWNER TO gerrard;

--
-- Name: grow_records_tool_id_seq; Type: SEQUENCE; Schema: public; Owner: gerrard
--

CREATE SEQUENCE grow_records_tool_id_seq
    START WITH 1
    INCREMENT BY 1
    NO MINVALUE
    NO MAXVALUE
    CACHE 1;


ALTER TABLE grow_records_tool_id_seq OWNER TO gerrard;

--
-- Name: grow_records_tool_id_seq; Type: SEQUENCE OWNED BY; Schema: public; Owner: gerrard
--

ALTER SEQUENCE grow_records_tool_id_seq OWNED BY grow_records_tool.id;


--
-- Name: grow_records_variety; Type: TABLE; Schema: public; Owner: gerrard; Tablespace: 
--

CREATE TABLE grow_records_variety (
    id integer NOT NULL,
    name character varying(100) NOT NULL,
    crop_id integer
);


ALTER TABLE grow_records_variety OWNER TO gerrard;

--
-- Name: grow_records_variety_id_seq; Type: SEQUENCE; Schema: public; Owner: gerrard
--

CREATE SEQUENCE grow_records_variety_id_seq
    START WITH 1
    INCREMENT BY 1
    NO MINVALUE
    NO MAXVALUE
    CACHE 1;


ALTER TABLE grow_records_variety_id_seq OWNER TO gerrard;

--
-- Name: grow_records_variety_id_seq; Type: SEQUENCE OWNED BY; Schema: public; Owner: gerrard
--

ALTER SEQUENCE grow_records_variety_id_seq OWNED BY grow_records_variety.id;


--
-- Name: grow_records_varietyprice; Type: TABLE; Schema: public; Owner: gerrard; Tablespace: 
--

CREATE TABLE grow_records_varietyprice (
    id integer NOT NULL,
    date_effective timestamp with time zone,
    date_end timestamp with time zone,
    price double precision,
    "price_UOM_id" integer,
    variety_id integer
);


ALTER TABLE grow_records_varietyprice OWNER TO gerrard;

--
-- Name: grow_records_varietyprice_id_seq; Type: SEQUENCE; Schema: public; Owner: gerrard
--

CREATE SEQUENCE grow_records_varietyprice_id_seq
    START WITH 1
    INCREMENT BY 1
    NO MINVALUE
    NO MAXVALUE
    CACHE 1;


ALTER TABLE grow_records_varietyprice_id_seq OWNER TO gerrard;

--
-- Name: grow_records_varietyprice_id_seq; Type: SEQUENCE OWNED BY; Schema: public; Owner: gerrard
--

ALTER SEQUENCE grow_records_varietyprice_id_seq OWNED BY grow_records_varietyprice.id;


--
-- Name: grow_records_yielduom; Type: TABLE; Schema: public; Owner: gerrard; Tablespace: 
--

CREATE TABLE grow_records_yielduom (
    id integer NOT NULL,
    unit character varying(2) NOT NULL
);


ALTER TABLE grow_records_yielduom OWNER TO gerrard;

--
-- Name: grow_records_yielduom_id_seq; Type: SEQUENCE; Schema: public; Owner: gerrard
--

CREATE SEQUENCE grow_records_yielduom_id_seq
    START WITH 1
    INCREMENT BY 1
    NO MINVALUE
    NO MAXVALUE
    CACHE 1;


ALTER TABLE grow_records_yielduom_id_seq OWNER TO gerrard;

--
-- Name: grow_records_yielduom_id_seq; Type: SEQUENCE OWNED BY; Schema: public; Owner: gerrard
--

ALTER SEQUENCE grow_records_yielduom_id_seq OWNED BY grow_records_yielduom.id;


--
-- Name: pages_link; Type: TABLE; Schema: public; Owner: gerrard; Tablespace: 
--

CREATE TABLE pages_link (
    page_ptr_id integer NOT NULL
);


ALTER TABLE pages_link OWNER TO gerrard;

--
-- Name: pages_page; Type: TABLE; Schema: public; Owner: gerrard; Tablespace: 
--

CREATE TABLE pages_page (
    id integer NOT NULL,
    keywords_string character varying(500) NOT NULL,
    title character varying(500) NOT NULL,
    slug character varying(2000),
    _meta_title character varying(500),
    description text NOT NULL,
    gen_description boolean NOT NULL,
    created timestamp with time zone,
    updated timestamp with time zone,
    status integer NOT NULL,
    publish_date timestamp with time zone,
    expiry_date timestamp with time zone,
    short_url character varying(200),
    in_sitemap boolean NOT NULL,
    _order integer,
    in_menus character varying(100),
    titles character varying(1000),
    content_model character varying(50),
    login_required boolean NOT NULL,
    parent_id integer,
    site_id integer NOT NULL
);


ALTER TABLE pages_page OWNER TO gerrard;

--
-- Name: pages_page_id_seq; Type: SEQUENCE; Schema: public; Owner: gerrard
--

CREATE SEQUENCE pages_page_id_seq
    START WITH 1
    INCREMENT BY 1
    NO MINVALUE
    NO MAXVALUE
    CACHE 1;


ALTER TABLE pages_page_id_seq OWNER TO gerrard;

--
-- Name: pages_page_id_seq; Type: SEQUENCE OWNED BY; Schema: public; Owner: gerrard
--

ALTER SEQUENCE pages_page_id_seq OWNED BY pages_page.id;


--
-- Name: pages_richtextpage; Type: TABLE; Schema: public; Owner: gerrard; Tablespace: 
--

CREATE TABLE pages_richtextpage (
    page_ptr_id integer NOT NULL,
    content text NOT NULL
);


ALTER TABLE pages_richtextpage OWNER TO gerrard;

--
-- Name: polls_choice; Type: TABLE; Schema: public; Owner: gerrard; Tablespace: 
--

CREATE TABLE polls_choice (
    id integer NOT NULL,
    choice_text character varying(200) NOT NULL,
    votes integer NOT NULL,
    question_id integer NOT NULL
);


ALTER TABLE polls_choice OWNER TO gerrard;

--
-- Name: polls_choice_id_seq; Type: SEQUENCE; Schema: public; Owner: gerrard
--

CREATE SEQUENCE polls_choice_id_seq
    START WITH 1
    INCREMENT BY 1
    NO MINVALUE
    NO MAXVALUE
    CACHE 1;


ALTER TABLE polls_choice_id_seq OWNER TO gerrard;

--
-- Name: polls_choice_id_seq; Type: SEQUENCE OWNED BY; Schema: public; Owner: gerrard
--

ALTER SEQUENCE polls_choice_id_seq OWNED BY polls_choice.id;


--
-- Name: polls_question; Type: TABLE; Schema: public; Owner: gerrard; Tablespace: 
--

CREATE TABLE polls_question (
    id integer NOT NULL,
    question_text character varying(200) NOT NULL,
    pub_date timestamp with time zone NOT NULL
);


ALTER TABLE polls_question OWNER TO gerrard;

--
-- Name: polls_question_id_seq; Type: SEQUENCE; Schema: public; Owner: gerrard
--

CREATE SEQUENCE polls_question_id_seq
    START WITH 1
    INCREMENT BY 1
    NO MINVALUE
    NO MAXVALUE
    CACHE 1;


ALTER TABLE polls_question_id_seq OWNER TO gerrard;

--
-- Name: polls_question_id_seq; Type: SEQUENCE OWNED BY; Schema: public; Owner: gerrard
--

ALTER SEQUENCE polls_question_id_seq OWNED BY polls_question.id;


--
-- Name: twitter_query; Type: TABLE; Schema: public; Owner: gerrard; Tablespace: 
--

CREATE TABLE twitter_query (
    id integer NOT NULL,
    type character varying(10) NOT NULL,
    value character varying(140) NOT NULL,
    interested boolean NOT NULL
);


ALTER TABLE twitter_query OWNER TO gerrard;

--
-- Name: twitter_query_id_seq; Type: SEQUENCE; Schema: public; Owner: gerrard
--

CREATE SEQUENCE twitter_query_id_seq
    START WITH 1
    INCREMENT BY 1
    NO MINVALUE
    NO MAXVALUE
    CACHE 1;


ALTER TABLE twitter_query_id_seq OWNER TO gerrard;

--
-- Name: twitter_query_id_seq; Type: SEQUENCE OWNED BY; Schema: public; Owner: gerrard
--

ALTER SEQUENCE twitter_query_id_seq OWNED BY twitter_query.id;


--
-- Name: twitter_tweet; Type: TABLE; Schema: public; Owner: gerrard; Tablespace: 
--

CREATE TABLE twitter_tweet (
    id integer NOT NULL,
    remote_id character varying(50) NOT NULL,
    created_at timestamp with time zone,
    text text,
    profile_image_url character varying(200),
    user_name character varying(100),
    full_name character varying(100),
    retweeter_profile_image_url character varying(200),
    retweeter_user_name character varying(100),
    retweeter_full_name character varying(100),
    query_id integer NOT NULL
);


ALTER TABLE twitter_tweet OWNER TO gerrard;

--
-- Name: twitter_tweet_id_seq; Type: SEQUENCE; Schema: public; Owner: gerrard
--

CREATE SEQUENCE twitter_tweet_id_seq
    START WITH 1
    INCREMENT BY 1
    NO MINVALUE
    NO MAXVALUE
    CACHE 1;


ALTER TABLE twitter_tweet_id_seq OWNER TO gerrard;

--
-- Name: twitter_tweet_id_seq; Type: SEQUENCE OWNED BY; Schema: public; Owner: gerrard
--

ALTER SEQUENCE twitter_tweet_id_seq OWNED BY twitter_tweet.id;


--
-- Name: id; Type: DEFAULT; Schema: public; Owner: gerrard
--

ALTER TABLE ONLY address_address ALTER COLUMN id SET DEFAULT nextval('address_address_id_seq'::regclass);


--
-- Name: id; Type: DEFAULT; Schema: public; Owner: gerrard
--

ALTER TABLE ONLY address_country ALTER COLUMN id SET DEFAULT nextval('address_country_id_seq'::regclass);


--
-- Name: id; Type: DEFAULT; Schema: public; Owner: gerrard
--

ALTER TABLE ONLY address_locality ALTER COLUMN id SET DEFAULT nextval('address_locality_id_seq'::regclass);


--
-- Name: id; Type: DEFAULT; Schema: public; Owner: gerrard
--

ALTER TABLE ONLY address_state ALTER COLUMN id SET DEFAULT nextval('address_state_id_seq'::regclass);


--
-- Name: id; Type: DEFAULT; Schema: public; Owner: gerrard
--

ALTER TABLE ONLY auth_group ALTER COLUMN id SET DEFAULT nextval('auth_group_id_seq'::regclass);


--
-- Name: id; Type: DEFAULT; Schema: public; Owner: gerrard
--

ALTER TABLE ONLY auth_group_permissions ALTER COLUMN id SET DEFAULT nextval('auth_group_permissions_id_seq'::regclass);


--
-- Name: id; Type: DEFAULT; Schema: public; Owner: gerrard
--

ALTER TABLE ONLY auth_permission ALTER COLUMN id SET DEFAULT nextval('auth_permission_id_seq'::regclass);


--
-- Name: id; Type: DEFAULT; Schema: public; Owner: gerrard
--

ALTER TABLE ONLY auth_user ALTER COLUMN id SET DEFAULT nextval('auth_user_id_seq'::regclass);


--
-- Name: id; Type: DEFAULT; Schema: public; Owner: gerrard
--

ALTER TABLE ONLY auth_user_groups ALTER COLUMN id SET DEFAULT nextval('auth_user_groups_id_seq'::regclass);


--
-- Name: id; Type: DEFAULT; Schema: public; Owner: gerrard
--

ALTER TABLE ONLY auth_user_user_permissions ALTER COLUMN id SET DEFAULT nextval('auth_user_user_permissions_id_seq'::regclass);


--
-- Name: id; Type: DEFAULT; Schema: public; Owner: gerrard
--

ALTER TABLE ONLY blog_blogcategory ALTER COLUMN id SET DEFAULT nextval('blog_blogcategory_id_seq'::regclass);


--
-- Name: id; Type: DEFAULT; Schema: public; Owner: gerrard
--

ALTER TABLE ONLY blog_blogpost ALTER COLUMN id SET DEFAULT nextval('blog_blogpost_id_seq'::regclass);


--
-- Name: id; Type: DEFAULT; Schema: public; Owner: gerrard
--

ALTER TABLE ONLY blog_blogpost_categories ALTER COLUMN id SET DEFAULT nextval('blog_blogpost_categories_id_seq'::regclass);


--
-- Name: id; Type: DEFAULT; Schema: public; Owner: gerrard
--

ALTER TABLE ONLY blog_blogpost_related_posts ALTER COLUMN id SET DEFAULT nextval('blog_blogpost_related_posts_id_seq'::regclass);


--
-- Name: id; Type: DEFAULT; Schema: public; Owner: gerrard
--

ALTER TABLE ONLY conf_setting ALTER COLUMN id SET DEFAULT nextval('conf_setting_id_seq'::regclass);


--
-- Name: id; Type: DEFAULT; Schema: public; Owner: gerrard
--

ALTER TABLE ONLY core_sitepermission ALTER COLUMN id SET DEFAULT nextval('core_sitepermission_id_seq'::regclass);


--
-- Name: id; Type: DEFAULT; Schema: public; Owner: gerrard
--

ALTER TABLE ONLY core_sitepermission_sites ALTER COLUMN id SET DEFAULT nextval('core_sitepermission_sites_id_seq'::regclass);


--
-- Name: id; Type: DEFAULT; Schema: public; Owner: gerrard
--

ALTER TABLE ONLY django_admin_log ALTER COLUMN id SET DEFAULT nextval('django_admin_log_id_seq'::regclass);


--
-- Name: id; Type: DEFAULT; Schema: public; Owner: gerrard
--

ALTER TABLE ONLY django_comment_flags ALTER COLUMN id SET DEFAULT nextval('django_comment_flags_id_seq'::regclass);


--
-- Name: id; Type: DEFAULT; Schema: public; Owner: gerrard
--

ALTER TABLE ONLY django_comments ALTER COLUMN id SET DEFAULT nextval('django_comments_id_seq'::regclass);


--
-- Name: id; Type: DEFAULT; Schema: public; Owner: gerrard
--

ALTER TABLE ONLY django_content_type ALTER COLUMN id SET DEFAULT nextval('django_content_type_id_seq'::regclass);


--
-- Name: id; Type: DEFAULT; Schema: public; Owner: gerrard
--

ALTER TABLE ONLY django_migrations ALTER COLUMN id SET DEFAULT nextval('django_migrations_id_seq'::regclass);


--
-- Name: id; Type: DEFAULT; Schema: public; Owner: gerrard
--

ALTER TABLE ONLY django_redirect ALTER COLUMN id SET DEFAULT nextval('django_redirect_id_seq'::regclass);


--
-- Name: id; Type: DEFAULT; Schema: public; Owner: gerrard
--

ALTER TABLE ONLY django_site ALTER COLUMN id SET DEFAULT nextval('django_site_id_seq'::regclass);


--
-- Name: id; Type: DEFAULT; Schema: public; Owner: gerrard
--

ALTER TABLE ONLY forms_field ALTER COLUMN id SET DEFAULT nextval('forms_field_id_seq'::regclass);


--
-- Name: id; Type: DEFAULT; Schema: public; Owner: gerrard
--

ALTER TABLE ONLY forms_fieldentry ALTER COLUMN id SET DEFAULT nextval('forms_fieldentry_id_seq'::regclass);


--
-- Name: id; Type: DEFAULT; Schema: public; Owner: gerrard
--

ALTER TABLE ONLY forms_formentry ALTER COLUMN id SET DEFAULT nextval('forms_formentry_id_seq'::regclass);


--
-- Name: id; Type: DEFAULT; Schema: public; Owner: gerrard
--

ALTER TABLE ONLY galleries_galleryimage ALTER COLUMN id SET DEFAULT nextval('galleries_galleryimage_id_seq'::regclass);


--
-- Name: id; Type: DEFAULT; Schema: public; Owner: gerrard
--

ALTER TABLE ONLY generic_assignedkeyword ALTER COLUMN id SET DEFAULT nextval('generic_assignedkeyword_id_seq'::regclass);


--
-- Name: id; Type: DEFAULT; Schema: public; Owner: gerrard
--

ALTER TABLE ONLY generic_keyword ALTER COLUMN id SET DEFAULT nextval('generic_keyword_id_seq'::regclass);


--
-- Name: id; Type: DEFAULT; Schema: public; Owner: gerrard
--

ALTER TABLE ONLY generic_rating ALTER COLUMN id SET DEFAULT nextval('generic_rating_id_seq'::regclass);


--
-- Name: id; Type: DEFAULT; Schema: public; Owner: gerrard
--

ALTER TABLE ONLY grow_records_action ALTER COLUMN id SET DEFAULT nextval('grow_records_action_id_seq'::regclass);


--
-- Name: id; Type: DEFAULT; Schema: public; Owner: gerrard
--

ALTER TABLE ONLY grow_records_areauom ALTER COLUMN id SET DEFAULT nextval('grow_records_areauom_id_seq'::regclass);


--
-- Name: id; Type: DEFAULT; Schema: public; Owner: gerrard
--

ALTER TABLE ONLY grow_records_bed ALTER COLUMN id SET DEFAULT nextval('grow_records_bed_id_seq'::regclass);


--
-- Name: id; Type: DEFAULT; Schema: public; Owner: gerrard
--

ALTER TABLE ONLY grow_records_bedinteraction_beds ALTER COLUMN id SET DEFAULT nextval('grow_records_bedinteraction_beds_id_seq'::regclass);


--
-- Name: id; Type: DEFAULT; Schema: public; Owner: gerrard
--

ALTER TABLE ONLY grow_records_bedrecord ALTER COLUMN id SET DEFAULT nextval('grow_records_bedrecord_id_seq'::regclass);


--
-- Name: id; Type: DEFAULT; Schema: public; Owner: gerrard
--

ALTER TABLE ONLY grow_records_bedset ALTER COLUMN id SET DEFAULT nextval('grow_records_bedset_id_seq'::regclass);


--
-- Name: id; Type: DEFAULT; Schema: public; Owner: gerrard
--

ALTER TABLE ONLY grow_records_buyer ALTER COLUMN id SET DEFAULT nextval('grow_records_buyer_id_seq'::regclass);


--
-- Name: id; Type: DEFAULT; Schema: public; Owner: gerrard
--

ALTER TABLE ONLY grow_records_buyervarietyprice ALTER COLUMN id SET DEFAULT nextval('grow_records_buyervarietyprice_id_seq'::regclass);


--
-- Name: id; Type: DEFAULT; Schema: public; Owner: gerrard
--

ALTER TABLE ONLY grow_records_commonname ALTER COLUMN id SET DEFAULT nextval('grow_records_commonname_id_seq'::regclass);


--
-- Name: id; Type: DEFAULT; Schema: public; Owner: gerrard
--

ALTER TABLE ONLY grow_records_crop ALTER COLUMN id SET DEFAULT nextval('grow_records_crop_id_seq'::regclass);


--
-- Name: id; Type: DEFAULT; Schema: public; Owner: gerrard
--

ALTER TABLE ONLY grow_records_deliveryitem ALTER COLUMN id SET DEFAULT nextval('grow_records_deliveryitem_id_seq'::regclass);


--
-- Name: id; Type: DEFAULT; Schema: public; Owner: gerrard
--

ALTER TABLE ONLY grow_records_deliveryrecord ALTER COLUMN id SET DEFAULT nextval('grow_records_deliveryrecord_id_seq'::regclass);


--
-- Name: id; Type: DEFAULT; Schema: public; Owner: gerrard
--

ALTER TABLE ONLY grow_records_family ALTER COLUMN id SET DEFAULT nextval('grow_records_family_id_seq'::regclass);


--
-- Name: id; Type: DEFAULT; Schema: public; Owner: gerrard
--

ALTER TABLE ONLY grow_records_genus ALTER COLUMN id SET DEFAULT nextval('grow_records_genus_id_seq'::regclass);


--
-- Name: id; Type: DEFAULT; Schema: public; Owner: gerrard
--

ALTER TABLE ONLY grow_records_harvestrecord ALTER COLUMN id SET DEFAULT nextval('grow_records_harvestrecord_id_seq'::regclass);


--
-- Name: id; Type: DEFAULT; Schema: public; Owner: gerrard
--

ALTER TABLE ONLY grow_records_input ALTER COLUMN id SET DEFAULT nextval('grow_records_input_id_seq'::regclass);


--
-- Name: id; Type: DEFAULT; Schema: public; Owner: gerrard
--

ALTER TABLE ONLY grow_records_lengthuom ALTER COLUMN id SET DEFAULT nextval('grow_records_lengthuom_id_seq'::regclass);


--
-- Name: id; Type: DEFAULT; Schema: public; Owner: gerrard
--

ALTER TABLE ONLY grow_records_location ALTER COLUMN id SET DEFAULT nextval('grow_records_location_id_seq'::regclass);


--
-- Name: id; Type: DEFAULT; Schema: public; Owner: gerrard
--

ALTER TABLE ONLY grow_records_nurseryrecord ALTER COLUMN id SET DEFAULT nextval('grow_records_nurseryrecord_id_seq'::regclass);


--
-- Name: id; Type: DEFAULT; Schema: public; Owner: gerrard
--

ALTER TABLE ONLY grow_records_plantinteraction_bed_records ALTER COLUMN id SET DEFAULT nextval('grow_records_plantinteraction_bed_recordss_id_seq'::regclass);


--
-- Name: id; Type: DEFAULT; Schema: public; Owner: gerrard
--

ALTER TABLE ONLY grow_records_plantinteraction_nursery_records ALTER COLUMN id SET DEFAULT nextval('grow_records_plantinteraction_nursery_records_id_seq'::regclass);


--
-- Name: id; Type: DEFAULT; Schema: public; Owner: gerrard
--

ALTER TABLE ONLY grow_records_plantrecord ALTER COLUMN id SET DEFAULT nextval('grow_records_plantrecord_id_seq'::regclass);


--
-- Name: id; Type: DEFAULT; Schema: public; Owner: gerrard
--

ALTER TABLE ONLY grow_records_potonrecord ALTER COLUMN id SET DEFAULT nextval('grow_records_potonrecord_id_seq'::regclass);


--
-- Name: id; Type: DEFAULT; Schema: public; Owner: gerrard
--

ALTER TABLE ONLY grow_records_seederrecord ALTER COLUMN id SET DEFAULT nextval('grow_records_seederrecord_id_seq'::regclass);


--
-- Name: id; Type: DEFAULT; Schema: public; Owner: gerrard
--

ALTER TABLE ONLY grow_records_site ALTER COLUMN id SET DEFAULT nextval('grow_records_site_id_seq'::regclass);


--
-- Name: id; Type: DEFAULT; Schema: public; Owner: gerrard
--

ALTER TABLE ONLY grow_records_soilmediumbatch ALTER COLUMN id SET DEFAULT nextval('grow_records_soilmediumbatch_id_seq'::regclass);


--
-- Name: id; Type: DEFAULT; Schema: public; Owner: gerrard
--

ALTER TABLE ONLY grow_records_species ALTER COLUMN id SET DEFAULT nextval('grow_records_species_id_seq'::regclass);


--
-- Name: id; Type: DEFAULT; Schema: public; Owner: gerrard
--

ALTER TABLE ONLY grow_records_supplier ALTER COLUMN id SET DEFAULT nextval('grow_records_supplier_id_seq'::regclass);


--
-- Name: id; Type: DEFAULT; Schema: public; Owner: gerrard
--

ALTER TABLE ONLY grow_records_tool ALTER COLUMN id SET DEFAULT nextval('grow_records_tool_id_seq'::regclass);


--
-- Name: id; Type: DEFAULT; Schema: public; Owner: gerrard
--

ALTER TABLE ONLY grow_records_variety ALTER COLUMN id SET DEFAULT nextval('grow_records_variety_id_seq'::regclass);


--
-- Name: id; Type: DEFAULT; Schema: public; Owner: gerrard
--

ALTER TABLE ONLY grow_records_varietyprice ALTER COLUMN id SET DEFAULT nextval('grow_records_varietyprice_id_seq'::regclass);


--
-- Name: id; Type: DEFAULT; Schema: public; Owner: gerrard
--

ALTER TABLE ONLY grow_records_yielduom ALTER COLUMN id SET DEFAULT nextval('grow_records_yielduom_id_seq'::regclass);


--
-- Name: id; Type: DEFAULT; Schema: public; Owner: gerrard
--

ALTER TABLE ONLY pages_page ALTER COLUMN id SET DEFAULT nextval('pages_page_id_seq'::regclass);


--
-- Name: id; Type: DEFAULT; Schema: public; Owner: gerrard
--

ALTER TABLE ONLY polls_choice ALTER COLUMN id SET DEFAULT nextval('polls_choice_id_seq'::regclass);


--
-- Name: id; Type: DEFAULT; Schema: public; Owner: gerrard
--

ALTER TABLE ONLY polls_question ALTER COLUMN id SET DEFAULT nextval('polls_question_id_seq'::regclass);


--
-- Name: id; Type: DEFAULT; Schema: public; Owner: gerrard
--

ALTER TABLE ONLY twitter_query ALTER COLUMN id SET DEFAULT nextval('twitter_query_id_seq'::regclass);


--
-- Name: id; Type: DEFAULT; Schema: public; Owner: gerrard
--

ALTER TABLE ONLY twitter_tweet ALTER COLUMN id SET DEFAULT nextval('twitter_tweet_id_seq'::regclass);


--
-- Data for Name: address_address; Type: TABLE DATA; Schema: public; Owner: gerrard
--

COPY address_address (id, street_number, route, raw, formatted, latitude, longitude, locality_id) FROM stdin;
1			487 Main St #160, Mt Kisco, NY 10549	487 Main St #160, Mt Kisco, NY 10549	\N	\N	\N
\.


--
-- Name: address_address_id_seq; Type: SEQUENCE SET; Schema: public; Owner: gerrard
--

SELECT pg_catalog.setval('address_address_id_seq', 1, true);


--
-- Data for Name: address_country; Type: TABLE DATA; Schema: public; Owner: gerrard
--

COPY address_country (id, name, code) FROM stdin;
\.


--
-- Name: address_country_id_seq; Type: SEQUENCE SET; Schema: public; Owner: gerrard
--

SELECT pg_catalog.setval('address_country_id_seq', 1, false);


--
-- Data for Name: address_locality; Type: TABLE DATA; Schema: public; Owner: gerrard
--

COPY address_locality (id, name, postal_code, state_id) FROM stdin;
\.


--
-- Name: address_locality_id_seq; Type: SEQUENCE SET; Schema: public; Owner: gerrard
--

SELECT pg_catalog.setval('address_locality_id_seq', 1, false);


--
-- Data for Name: address_state; Type: TABLE DATA; Schema: public; Owner: gerrard
--

COPY address_state (id, name, code, country_id) FROM stdin;
\.


--
-- Name: address_state_id_seq; Type: SEQUENCE SET; Schema: public; Owner: gerrard
--

SELECT pg_catalog.setval('address_state_id_seq', 1, false);


--
-- Data for Name: auth_group; Type: TABLE DATA; Schema: public; Owner: gerrard
--

COPY auth_group (id, name) FROM stdin;
\.


--
-- Name: auth_group_id_seq; Type: SEQUENCE SET; Schema: public; Owner: gerrard
--

SELECT pg_catalog.setval('auth_group_id_seq', 1, false);


--
-- Data for Name: auth_group_permissions; Type: TABLE DATA; Schema: public; Owner: gerrard
--

COPY auth_group_permissions (id, group_id, permission_id) FROM stdin;
\.


--
-- Name: auth_group_permissions_id_seq; Type: SEQUENCE SET; Schema: public; Owner: gerrard
--

SELECT pg_catalog.setval('auth_group_permissions_id_seq', 1, false);


--
-- Data for Name: auth_permission; Type: TABLE DATA; Schema: public; Owner: gerrard
--

COPY auth_permission (id, name, content_type_id, codename) FROM stdin;
1	Can add permission	1	add_permission
2	Can change permission	1	change_permission
3	Can delete permission	1	delete_permission
4	Can add group	2	add_group
5	Can change group	2	change_group
6	Can delete group	2	delete_group
7	Can add user	3	add_user
8	Can change user	3	change_user
9	Can delete user	3	delete_user
10	Can add content type	4	add_contenttype
11	Can change content type	4	change_contenttype
12	Can delete content type	4	delete_contenttype
13	Can add redirect	5	add_redirect
14	Can change redirect	5	change_redirect
15	Can delete redirect	5	delete_redirect
16	Can add session	6	add_session
17	Can change session	6	change_session
18	Can delete session	6	delete_session
19	Can add site	7	add_site
20	Can change site	7	change_site
21	Can delete site	7	delete_site
22	Can add Setting	8	add_setting
23	Can change Setting	8	change_setting
24	Can delete Setting	8	delete_setting
25	Can add Site permission	9	add_sitepermission
26	Can change Site permission	9	change_sitepermission
27	Can delete Site permission	9	delete_sitepermission
28	Can add Comment	10	add_threadedcomment
29	Can change Comment	10	change_threadedcomment
30	Can delete Comment	10	delete_threadedcomment
31	Can add Keyword	11	add_keyword
32	Can change Keyword	11	change_keyword
33	Can delete Keyword	11	delete_keyword
34	Can add assigned keyword	12	add_assignedkeyword
35	Can change assigned keyword	12	change_assignedkeyword
36	Can delete assigned keyword	12	delete_assignedkeyword
37	Can add Rating	13	add_rating
38	Can change Rating	13	change_rating
39	Can delete Rating	13	delete_rating
40	Can add Page	14	add_page
41	Can change Page	14	change_page
42	Can delete Page	14	delete_page
43	Can add Rich text page	15	add_richtextpage
44	Can change Rich text page	15	change_richtextpage
45	Can delete Rich text page	15	delete_richtextpage
46	Can add Link	16	add_link
47	Can change Link	16	change_link
48	Can delete Link	16	delete_link
49	Can add Blog post	17	add_blogpost
50	Can change Blog post	17	change_blogpost
51	Can delete Blog post	17	delete_blogpost
52	Can add Blog Category	18	add_blogcategory
53	Can change Blog Category	18	change_blogcategory
54	Can delete Blog Category	18	delete_blogcategory
55	Can add Form	19	add_form
56	Can change Form	19	change_form
57	Can delete Form	19	delete_form
58	Can add Field	20	add_field
59	Can change Field	20	change_field
60	Can delete Field	20	delete_field
61	Can add Form entry	21	add_formentry
62	Can change Form entry	21	change_formentry
63	Can delete Form entry	21	delete_formentry
64	Can add Form field entry	22	add_fieldentry
65	Can change Form field entry	22	change_fieldentry
66	Can delete Form field entry	22	delete_fieldentry
67	Can add Gallery	23	add_gallery
68	Can change Gallery	23	change_gallery
69	Can delete Gallery	23	delete_gallery
70	Can add Image	24	add_galleryimage
71	Can change Image	24	change_galleryimage
72	Can delete Image	24	delete_galleryimage
73	Can add Twitter query	25	add_query
74	Can change Twitter query	25	change_query
75	Can delete Twitter query	25	delete_query
76	Can add Tweet	26	add_tweet
77	Can change Tweet	26	change_tweet
78	Can delete Tweet	26	delete_tweet
79	Can add question	27	add_question
80	Can change question	27	change_question
81	Can delete question	27	delete_question
82	Can add choice	28	add_choice
83	Can change choice	28	change_choice
84	Can delete choice	28	delete_choice
85	Can add site	29	add_site
86	Can change site	29	change_site
87	Can delete site	29	delete_site
91	Can add length uom	31	add_lengthuom
92	Can change length uom	31	change_lengthuom
93	Can delete length uom	31	delete_lengthuom
94	Can add bed	32	add_bed
95	Can change bed	32	change_bed
96	Can delete bed	32	delete_bed
97	Can add family	33	add_family
98	Can change family	33	change_family
99	Can delete family	33	delete_family
100	Can add genus	34	add_genus
101	Can change genus	34	change_genus
102	Can delete genus	34	delete_genus
103	Can add species	35	add_species
104	Can change species	35	change_species
105	Can delete species	35	delete_species
106	Can add crop	36	add_crop
107	Can change crop	36	change_crop
108	Can delete crop	36	delete_crop
109	Can add common name	37	add_commonname
110	Can change common name	37	change_commonname
111	Can delete common name	37	delete_commonname
112	Can add variety	38	add_variety
113	Can change variety	38	change_variety
114	Can delete variety	38	delete_variety
115	Can add soil medium batch	39	add_soilmediumbatch
116	Can change soil medium batch	39	change_soilmediumbatch
117	Can delete soil medium batch	39	delete_soilmediumbatch
118	Can add nursery record	40	add_nurseryrecord
119	Can change nursery record	40	change_nurseryrecord
120	Can delete nursery record	40	delete_nurseryrecord
121	Can add pot on record	41	add_potonrecord
122	Can change pot on record	41	change_potonrecord
123	Can delete pot on record	41	delete_potonrecord
124	Can add seeder record	42	add_seederrecord
125	Can change seeder record	42	change_seederrecord
126	Can delete seeder record	42	delete_seederrecord
127	Can add bed record	43	add_bedrecord
128	Can change bed record	43	change_bedrecord
129	Can delete bed record	43	delete_bedrecord
130	Can add yield uom	44	add_yielduom
131	Can change yield uom	44	change_yielduom
132	Can delete yield uom	44	delete_yielduom
133	Can add harvest record	45	add_harvestrecord
134	Can change harvest record	45	change_harvestrecord
135	Can delete harvest record	45	delete_harvestrecord
136	Can add buyer	46	add_buyer
137	Can change buyer	46	change_buyer
138	Can delete buyer	46	delete_buyer
139	Can add delivery record	47	add_deliveryrecord
140	Can change delivery record	47	change_deliveryrecord
141	Can delete delivery record	47	delete_deliveryrecord
145	Can add delivery item	49	add_deliveryitem
146	Can change delivery item	49	change_deliveryitem
147	Can delete delivery item	49	delete_deliveryitem
148	Can add log entry	50	add_logentry
149	Can change log entry	50	change_logentry
150	Can delete log entry	50	delete_logentry
151	Can add comment	51	add_comment
152	Can change comment	51	change_comment
153	Can delete comment	51	delete_comment
154	Can moderate comments	51	can_moderate
155	Can add comment flag	52	add_commentflag
156	Can change comment flag	52	change_commentflag
157	Can delete comment flag	52	delete_commentflag
158	Can add area uom	53	add_areauom
159	Can change area uom	53	change_areauom
160	Can delete area uom	53	delete_areauom
161	Can add bed set	54	add_bedset
162	Can change bed set	54	change_bedset
163	Can delete bed set	54	delete_bedset
164	Can add variety price	55	add_varietyprice
165	Can change variety price	55	change_varietyprice
166	Can delete variety price	55	delete_varietyprice
167	Can add buyer variety price	56	add_buyervarietyprice
168	Can change buyer variety price	56	change_buyervarietyprice
169	Can delete buyer variety price	56	delete_buyervarietyprice
170	Can add location	57	add_location
171	Can change location	57	change_location
172	Can delete location	57	delete_location
173	Can add plant record	58	add_plantrecord
174	Can change plant record	58	change_plantrecord
175	Can delete plant record	58	delete_plantrecord
176	Can add tool	59	add_tool
177	Can change tool	59	change_tool
178	Can delete tool	59	delete_tool
179	Can add action	60	add_action
180	Can change action	60	change_action
181	Can delete action	60	delete_action
182	Can add plant interaction	61	add_plantinteraction
183	Can change plant interaction	61	change_plantinteraction
184	Can delete plant interaction	61	delete_plantinteraction
185	Can add fertilise innoculate	62	add_fertiliseinnoculate
186	Can change fertilise innoculate	62	change_fertiliseinnoculate
187	Can delete fertilise innoculate	62	delete_fertiliseinnoculate
188	Can add protect	63	add_protect
189	Can change protect	63	change_protect
190	Can delete protect	63	delete_protect
191	Can add bed interaction	64	add_bedinteraction
192	Can change bed interaction	64	change_bedinteraction
193	Can delete bed interaction	64	delete_bedinteraction
194	Can add ammend innoculate	65	add_ammendinnoculate
195	Can change ammend innoculate	65	change_ammendinnoculate
196	Can delete ammend innoculate	65	delete_ammendinnoculate
197	Can add supplier	66	add_supplier
198	Can change supplier	66	change_supplier
199	Can delete supplier	66	delete_supplier
200	Can add input	67	add_input
201	Can change input	67	change_input
202	Can delete input	67	delete_input
203	Can add country	68	add_country
204	Can change country	68	change_country
205	Can delete country	68	delete_country
206	Can add state	69	add_state
207	Can change state	69	change_state
208	Can delete state	69	delete_state
209	Can add locality	70	add_locality
210	Can change locality	70	change_locality
211	Can delete locality	70	delete_locality
212	Can add address	71	add_address
213	Can change address	71	change_address
214	Can delete address	71	delete_address
\.


--
-- Name: auth_permission_id_seq; Type: SEQUENCE SET; Schema: public; Owner: gerrard
--

SELECT pg_catalog.setval('auth_permission_id_seq', 214, true);


--
-- Data for Name: auth_user; Type: TABLE DATA; Schema: public; Owner: gerrard
--

COPY auth_user (id, password, last_login, is_superuser, username, first_name, last_name, email, is_staff, is_active, date_joined) FROM stdin;
1	pbkdf2_sha256$20000$1dvzsq03NIoz$+PbvZcEINnDlX0McK+6vGnyVUelQhXngKVKNDWwpyyY=	2016-01-12 12:28:12.906647-05	t	gerrard				t	t	2015-08-12 20:43:53.489225-04
\.


--
-- Data for Name: auth_user_groups; Type: TABLE DATA; Schema: public; Owner: gerrard
--

COPY auth_user_groups (id, user_id, group_id) FROM stdin;
\.


--
-- Name: auth_user_groups_id_seq; Type: SEQUENCE SET; Schema: public; Owner: gerrard
--

SELECT pg_catalog.setval('auth_user_groups_id_seq', 1, false);


--
-- Name: auth_user_id_seq; Type: SEQUENCE SET; Schema: public; Owner: gerrard
--

SELECT pg_catalog.setval('auth_user_id_seq', 1, true);


--
-- Data for Name: auth_user_user_permissions; Type: TABLE DATA; Schema: public; Owner: gerrard
--

COPY auth_user_user_permissions (id, user_id, permission_id) FROM stdin;
\.


--
-- Name: auth_user_user_permissions_id_seq; Type: SEQUENCE SET; Schema: public; Owner: gerrard
--

SELECT pg_catalog.setval('auth_user_user_permissions_id_seq', 1, false);


--
-- Data for Name: blog_blogcategory; Type: TABLE DATA; Schema: public; Owner: gerrard
--

COPY blog_blogcategory (id, title, slug, site_id) FROM stdin;
\.


--
-- Name: blog_blogcategory_id_seq; Type: SEQUENCE SET; Schema: public; Owner: gerrard
--

SELECT pg_catalog.setval('blog_blogcategory_id_seq', 1, false);


--
-- Data for Name: blog_blogpost; Type: TABLE DATA; Schema: public; Owner: gerrard
--

COPY blog_blogpost (id, comments_count, keywords_string, rating_count, rating_sum, rating_average, title, slug, _meta_title, description, gen_description, created, updated, status, publish_date, expiry_date, short_url, in_sitemap, content, allow_comments, featured_image, site_id, user_id) FROM stdin;
\.


--
-- Data for Name: blog_blogpost_categories; Type: TABLE DATA; Schema: public; Owner: gerrard
--

COPY blog_blogpost_categories (id, blogpost_id, blogcategory_id) FROM stdin;
\.


--
-- Name: blog_blogpost_categories_id_seq; Type: SEQUENCE SET; Schema: public; Owner: gerrard
--

SELECT pg_catalog.setval('blog_blogpost_categories_id_seq', 1, false);


--
-- Name: blog_blogpost_id_seq; Type: SEQUENCE SET; Schema: public; Owner: gerrard
--

SELECT pg_catalog.setval('blog_blogpost_id_seq', 1, false);


--
-- Data for Name: blog_blogpost_related_posts; Type: TABLE DATA; Schema: public; Owner: gerrard
--

COPY blog_blogpost_related_posts (id, from_blogpost_id, to_blogpost_id) FROM stdin;
\.


--
-- Name: blog_blogpost_related_posts_id_seq; Type: SEQUENCE SET; Schema: public; Owner: gerrard
--

SELECT pg_catalog.setval('blog_blogpost_related_posts_id_seq', 1, false);


--
-- Data for Name: conf_setting; Type: TABLE DATA; Schema: public; Owner: gerrard
--

COPY conf_setting (id, name, value, site_id) FROM stdin;
1	GOOGLE_ANALYTICS_ID		1
2	ADMIN_MENU_COLLAPSED	False	1
3	SEARCH_PER_PAGE	10	1
4	COMMENTS_NUM_LATEST	5	1
5	RICHTEXT_FILTER_LEVEL	1	1
7	COMMENTS_UNAPPROVED_VISIBLE	True	1
8	SITE_TAGLINE	grow better with data	1
10	COMMENTS_REMOVED_VISIBLE	True	1
12	BITLY_ACCESS_TOKEN		1
13	SSL_ENABLED	False	1
14	AKISMET_API_KEY		1
15	COMMENTS_DEFAULT_APPROVED	True	1
18	SITE_TITLE	data garden	1
20	COMMENTS_NOTIFICATION_EMAILS		1
21	COMMENTS_DISQUS_API_PUBLIC_KEY		1
22	COMMENTS_DISQUS_API_SECRET_KEY		1
24	COMMENTS_ACCOUNT_REQUIRED	False	1
25	MAX_PAGING_LINKS	10	1
27	TAG_CLOUD_SIZES	4	1
28	COMMENTS_DISQUS_SHORTNAME		1
29	SSL_FORCE_HOST		1
30	RATINGS_ACCOUNT_REQUIRED	False	1
\.


--
-- Name: conf_setting_id_seq; Type: SEQUENCE SET; Schema: public; Owner: gerrard
--

SELECT pg_catalog.setval('conf_setting_id_seq', 30, true);


--
-- Data for Name: core_sitepermission; Type: TABLE DATA; Schema: public; Owner: gerrard
--

COPY core_sitepermission (id, user_id) FROM stdin;
\.


--
-- Name: core_sitepermission_id_seq; Type: SEQUENCE SET; Schema: public; Owner: gerrard
--

SELECT pg_catalog.setval('core_sitepermission_id_seq', 1, false);


--
-- Data for Name: core_sitepermission_sites; Type: TABLE DATA; Schema: public; Owner: gerrard
--

COPY core_sitepermission_sites (id, sitepermission_id, site_id) FROM stdin;
\.


--
-- Name: core_sitepermission_sites_id_seq; Type: SEQUENCE SET; Schema: public; Owner: gerrard
--

SELECT pg_catalog.setval('core_sitepermission_sites_id_seq', 1, false);


--
-- Data for Name: django_admin_log; Type: TABLE DATA; Schema: public; Owner: gerrard
--

COPY django_admin_log (id, action_time, object_id, object_repr, action_flag, change_message, content_type_id, user_id) FROM stdin;
1	2015-08-14 17:05:40.516107-04	1	Pisticci	1		46	1
2	2015-08-14 17:54:36.188112-04	1	ft2	1		53	1
3	2015-08-14 17:56:35.17475-04	1	Croton Greenhouses	2	Changed area and area_UOM.	29	1
4	2015-08-16 12:05:38.596879-04	1	tomato (Solanum lycopersicum) var. 'Amish Paste'	1		38	1
5	2015-08-16 12:05:47.221789-04	1	lb	1		44	1
7	2015-08-16 12:08:30.165136-04	1	Pisticci --- 2015-08-16 12:05:06-04:00	1		47	1
8	2015-08-16 12:09:29.215301-04	1	Soil Medium created 2015-08-16 12:09:25-04:00	1		39	1
9	2015-08-16 12:09:39.672445-04	1	tomato (Solanum lycopersicum) var. 'Amish Paste' 2015-08-16 12:09	1		40	1
10	2015-08-16 12:09:47.279618-04	1	Lower 2 - tomato (Solanum lycopersicum) var. 'Amish Paste'	1		43	1
11	2015-08-16 12:13:29.941427-04	7	9.0 lb of tomato (Solanum lycopersicum) var. 'Amish Paste' from Lower 2	1		45	1
12	2015-08-16 12:18:29.08899-04	1	Lower 2 - tomato (Solanum lycopersicum) var. 'Amish Paste'	3		43	1
13	2015-08-16 12:18:45.729333-04	1	tomato (Solanum lycopersicum) var. 'Amish Paste' 2015-08-16 16:09	3		40	1
14	2015-08-20 14:41:47.276512-04	2	eggplant (Solanum melongena) var. Fairy Tale	1		38	1
15	2015-08-20 14:43:17.857186-04	2	eggplant (Solanum melongena) var. Fairy Tale 2015-04-24 00:00	1		40	1
16	2015-08-20 14:44:06.548247-04	2	Lower 4 - eggplant (Solanum melongena) var. Fairy Tale	1		43	1
17	2015-08-20 14:44:31.271412-04	2	kg	1		44	1
19	2015-08-20 14:45:55.114269-04	2	Pisticci --- 2015-08-20	1		47	1
20	2015-08-20 14:47:41.050615-04	8	15.5 kg of eggplant (Solanum melongena) var. Fairy Tale from Lower 4	1		45	1
21	2015-08-20 14:49:02.319764-04	3	arugula (Eruca sativa) var. Astro	1		38	1
22	2015-08-20 14:49:50.853041-04	1	SeederRecord object	1		42	1
23	2015-08-20 14:50:58.937703-04	3	Lower 1 - arugula (Eruca sativa) var. Astro	1		43	1
24	2015-08-20 15:13:57.592762-04	2	Pisticci --- 2015-08-20	2	Added delivery item "tomato (Solanum lycopersicum) var. 'Amish Paste' - 17.0 kg @ 3.0 / kg".	47	1
25	2015-08-20 15:47:29.955414-04	21	Rocket	1		37	1
26	2015-08-20 15:48:55.390706-04	9	arugula	2	Changed preferred.	37	1
27	2015-08-20 15:52:15.12859-04	9	arugula	2	Changed preferred.	37	1
28	2015-08-20 16:08:50.510883-04	21	rocket	2	Changed name and preferred.	37	1
29	2015-08-20 16:08:57.313273-04	9	arugula	2	No fields changed.	37	1
30	2015-08-20 16:09:04.432152-04	21	rocket	2	Changed preferred.	37	1
31	2015-08-20 16:09:21.296432-04	9	arugula	2	Changed preferred.	37	1
32	2015-08-20 16:11:42.709728-04	21	rocket	2	Changed preferred.	37	1
33	2015-08-20 19:35:56.038739-04	1	tomato (Solanum lycopersicum) var. 'Amish Paste' @ 2.0 / kg	1		55	1
34	2015-08-20 19:36:27.390373-04	2	eggplant (Solanum melongena) var. Fairy Tale @ 2.0 / kg	1		55	1
35	2015-08-20 19:36:45.149348-04	3	rocket (Eruca sativa) var. Astro @ 4.0 / kg	1		55	1
36	2015-08-20 19:41:09.276145-04	2	Pisticci --- 2015-08-20	2	Added delivery item "rocket (Eruca sativa) var. Astro - 7.0 kg".	47	1
37	2015-08-21 12:43:18.215198-04	4	tomato (Solanum lycopersicum) var. 'Amish Paste' @ 1.0 / kg	1		55	1
38	2015-08-21 12:43:20.003273-04	1	BuyerVarietyPrice object	1		56	1
39	2015-08-21 12:53:45.782381-04	5	tomato (Solanum lycopersicum) var. 'Amish Paste' @ 4.0 / kg	1		55	1
40	2015-08-21 12:55:25.538702-04	2	Pisticci - tomato (Solanum lycopersicum) var. 'Amish Paste' @ 4.0 / kg	1		56	1
41	2015-08-21 13:08:51.36033-04	2	Pisticci - tomato (Solanum lycopersicum) var. 'Amish Paste' @ 5.0 / kg	2	Changed variety and price_UOM.	56	1
42	2015-08-21 13:09:19.534562-04	1	Pisticci - tomato (Solanum lycopersicum) var. 'Amish Paste' @ 4.0 / kg	2	Changed variety and price_UOM.	56	1
43	2015-08-21 13:09:50.651103-04	3	Pisticci - tomato (Solanum lycopersicum) var. 'Amish Paste' @ 6.0 / kg	1		56	1
44	2015-08-21 13:10:14.674371-04	2	Pisticci - tomato (Solanum lycopersicum) var. 'Amish Paste' @ 5.0 / kg	3		56	1
45	2015-08-21 13:10:14.699226-04	1	Pisticci - tomato (Solanum lycopersicum) var. 'Amish Paste' @ 4.0 / kg	3		56	1
46	2015-08-21 13:12:50.439564-04	4	Pisticci - tomato (Solanum lycopersicum) var. 'Amish Paste' @ 2.0 / kg	1		56	1
47	2015-08-21 13:13:02.955183-04	3	Pisticci - tomato (Solanum lycopersicum) var. 'Amish Paste' @ 6.0 / kg	3		56	1
48	2015-08-21 13:14:36.722606-04	5	Pisticci - tomato (Solanum lycopersicum) var. 'Amish Paste' @ 10.0 / kg	1		56	1
49	2015-08-21 13:17:04.563222-04	5	Pisticci - tomato (Solanum lycopersicum) var. 'Amish Paste' @ 10.0 / kg	3		56	1
50	2015-08-21 13:17:04.592028-04	4	Pisticci - tomato (Solanum lycopersicum) var. 'Amish Paste' @ 2.0 / kg	3		56	1
51	2015-08-21 13:18:13.774289-04	6	Pisticci - tomato (Solanum lycopersicum) var. 'Amish Paste' @ 3.0 / kg	1		56	1
52	2015-08-21 13:18:33.035956-04	7	Pisticci - tomato (Solanum lycopersicum) var. 'Amish Paste' @ 4.0 / kg	1		56	1
53	2015-08-21 13:23:31.30527-04	8	Pisticci - tomato (Solanum lycopersicum) var. 'Amish Paste' @ 4.0 / kg	1		56	1
54	2015-08-21 13:23:51.16748-04	8	Pisticci - tomato (Solanum lycopersicum) var. 'Amish Paste' @ 4.0 / kg	2	No fields changed.	56	1
55	2015-08-21 13:24:14.221845-04	8	Pisticci - tomato (Solanum lycopersicum) var. 'Amish Paste' @ 4.0 / kg	2	No fields changed.	56	1
56	2015-08-21 13:25:54.318048-04	5	tomato (Solanum lycopersicum) var. 'Amish Paste' @ 4.0 / kg	3		55	1
57	2015-08-21 13:25:54.359941-04	4	tomato (Solanum lycopersicum) var. 'Amish Paste' @ 1.0 / kg	3		55	1
58	2015-08-21 13:25:54.379803-04	3	rocket (Eruca sativa) var. Astro @ 4.0 / kg	3		55	1
59	2015-08-21 13:25:54.392461-04	2	eggplant (Solanum melongena) var. Fairy Tale @ 2.0 / kg	3		55	1
60	2015-08-21 13:25:54.405824-04	1	tomato (Solanum lycopersicum) var. 'Amish Paste' @ 2.0 / kg	3		55	1
61	2015-08-21 13:26:06.662488-04	6	tomato (Solanum lycopersicum) var. 'Amish Paste' @ 5.0 / kg	1		55	1
62	2015-08-21 13:26:23.549879-04	7	tomato (Solanum lycopersicum) var. 'Amish Paste' @ 10.0 / kg	1		55	1
63	2015-08-21 13:44:41.828501-04	32	1	3		32	1
64	2015-08-21 13:44:41.89163-04	23	1	3		32	1
65	2015-08-21 13:44:41.902632-04	18	1	3		32	1
66	2015-08-21 13:44:41.913613-04	13	1	3		32	1
67	2015-08-21 13:44:41.924771-04	4	1	3		32	1
68	2015-08-21 13:44:41.936016-04	2	10	3		32	1
69	2015-08-21 13:44:41.947096-04	1	11	3		32	1
70	2015-08-21 13:44:41.958229-04	3	12	3		32	1
71	2015-08-21 13:44:41.969323-04	34	2	3		32	1
72	2015-08-21 13:44:41.980517-04	25	2	3		32	1
73	2015-08-21 13:44:41.991442-04	20	2	3		32	1
74	2015-08-21 13:44:42.002996-04	15	2	3		32	1
75	2015-08-21 13:44:42.013815-04	6	2	3		32	1
76	2015-08-21 13:44:42.024765-04	33	3	3		32	1
77	2015-08-21 13:44:42.035908-04	24	3	3		32	1
78	2015-08-21 13:44:42.093854-04	19	3	3		32	1
79	2015-08-21 13:44:42.125573-04	14	3	3		32	1
80	2015-08-21 13:44:42.135997-04	5	3	3		32	1
81	2015-08-21 13:44:42.147278-04	36	4	3		32	1
82	2015-08-21 13:44:42.158168-04	27	4	3		32	1
83	2015-08-21 13:44:42.169265-04	22	4	3		32	1
84	2015-08-21 13:44:42.180491-04	17	4	3		32	1
85	2015-08-21 13:44:42.194145-04	8	4	3		32	1
86	2015-08-21 13:44:42.202784-04	35	5	3		32	1
87	2015-08-21 13:44:42.213986-04	26	5	3		32	1
88	2015-08-21 13:44:42.225-04	21	5	3		32	1
89	2015-08-21 13:44:42.236025-04	16	5	3		32	1
90	2015-08-21 13:44:42.247138-04	7	5	3		32	1
91	2015-08-21 13:44:42.258326-04	38	6	3		32	1
92	2015-08-21 13:44:42.269543-04	29	6	3		32	1
93	2015-08-21 13:44:42.280944-04	10	6	3		32	1
94	2015-08-21 13:44:42.292286-04	37	7	3		32	1
95	2015-08-21 13:44:42.303104-04	28	7	3		32	1
96	2015-08-21 13:44:42.314012-04	9	7	3		32	1
97	2015-08-21 13:44:42.324954-04	31	8	3		32	1
98	2015-08-21 13:44:42.336092-04	12	8	3		32	1
99	2015-08-21 13:44:42.347154-04	30	9	3		32	1
100	2015-08-21 13:44:42.360137-04	11	9	3		32	1
101	2015-08-21 14:32:53.963847-04	7	Pisticci - tomato (Solanum lycopersicum) var. 'Amish Paste' @ 4.0 / kg	3		56	1
102	2015-08-21 14:39:12.370501-04	9	Pisticci - rocket (Eruca sativa) var. Astro @ 5.0 / kg	1		56	1
103	2015-08-21 14:39:26.953413-04	10	Pisticci - eggplant (Solanum melongena) var. Fairy Tale @ 3.0 / kg	1		56	1
104	2015-08-26 16:48:11.595848-04	3	tomato (Solanum lycopersicum) var. 'Amish Paste' 2015-08-26 00:00	1		40	1
105	2015-08-26 16:49:06.398293-04	2	Potted on tomato (Solanum lycopersicum) var. 'Amish Paste' on 2015-08-26	1		41	1
106	2015-08-28 19:00:23.332462-04	1	Action object	1		60	1
107	2015-08-28 19:09:10.080338-04	2	FertiliseInnoculate object	1		62	1
108	2015-08-28 20:09:42.682356-04	3	AMMEND / INNOCULATE: Ammended bed. | DURATION: 10 minutes	1		65	1
109	2015-08-28 20:30:41.227067-04	1	How do you make a form	1		27	1
110	2015-08-28 22:23:12.31077-04	5	AMMEND / INNOCULATE: Ammended beds. | DURATION: 20 minutes	1		65	1
111	2015-08-29 19:51:55.395643-04	1	Supplier object	1		66	1
112	2015-08-29 19:52:55.916822-04	1	Input object	1		67	1
113	2015-09-19 15:58:46.520712-04	6	ACTION: App dev | DURATION: 60 minutes	1		60	1
114	2015-09-19 16:00:25.686637-04	7	AMMEND / INNOCULATE: Foliar feed | EM + Fish + sea foliar feed | DURATION: 21 minutes	1		65	1
115	2015-09-19 16:01:11.978703-04	7	AMMEND / INNOCULATE: Soil drench | EM + Fish + sea soil drench | DURATION: 21 minutes	2	Changed description and recipe.	65	1
116	2015-09-19 16:14:26.465697-04	9	FERTILISED / INNOCULATED: Foliar feed | DURATION: 30 minutes	1		62	1
117	2015-09-19 16:55:12.15624-04	4	Top 1 - rocket (Eruca sativa) var. Astro	1		43	1
118	2015-09-19 16:55:57.097433-04	4	rocket (Eruca sativa) var. Regular	1		38	1
119	2015-09-19 16:56:20.096203-04	5	Lower 4 - rocket (Eruca sativa) var. Regular	1		43	1
120	2015-09-19 16:57:53.964895-04	21	rocket (Eruca sativa)	3		36	1
121	2015-09-19 16:58:12.946012-04	5	rocket (Eruca sativa) var. regular	1		38	1
122	2015-09-19 16:58:30.763669-04	6	Lower 4 - rocket (Eruca sativa) var. regular	1		43	1
123	2015-09-19 17:23:51.789826-04	10	FERTILISED / INNOCULATED: Innoculate | DURATION: 20 minutes	1		62	1
124	2015-09-21 18:13:00.887965-04	7	Middle 1 - tomato (Solanum lycopersicum) var. 'Amish Paste'	1		43	1
125	2015-09-21 18:16:47.845999-04	11	FERTILISED / INNOCULATED: foliar feed | DURATION: 3 minutes	1		62	1
126	2015-12-24 15:58:45.454828-05	8	bed - Middle 9 - tomato (Solanum lycopersicum) var. 'Amish Paste'	1		43	1
127	2015-12-26 20:44:23.818-05	1	Blog	3		14	1
128	2015-12-26 20:46:35.036512-05	2	nursery	1		15	1
129	2015-12-26 20:47:11.673114-05	2	nursery	2	Changed slug and keywords.	15	1
130	2015-12-26 22:07:17.47955-05	3	Create	1		15	1
131	2015-12-26 22:07:42.666095-05	4	View	1		15	1
132	2015-12-26 22:08:10.361472-05	5	Analyse	1		15	1
133	2015-12-26 22:09:25.860597-05	3	create	2	Changed title and keywords.	15	1
134	2015-12-26 22:09:33.502318-05	4	view	2	Changed title and keywords.	15	1
135	2015-12-26 22:09:39.607965-05	5	analyse	2	Changed title and keywords.	15	1
136	2015-12-26 22:11:41.38419-05	3	create	2	Changed content and keywords.	15	1
137	2015-12-26 22:11:57.729286-05	4	view	2	Changed content and keywords.	15	1
138	2015-12-26 22:11:58.57931-05	4	view	2	Changed content, description and keywords.	15	1
139	2015-12-26 22:12:11.419364-05	5	analyse	2	Changed content and keywords.	15	1
140	2015-12-26 22:12:26.573284-05	2	view / nursery	2	Changed slug and keywords.	15	1
141	2015-12-26 22:13:12.014495-05	3	create	2	Changed content and keywords.	15	1
142	2015-12-26 22:13:24.344221-05	4	view	2	Changed content and keywords.	15	1
143	2015-12-26 22:13:38.815018-05	5	analyse	2	Changed content and keywords.	15	1
144	2015-12-26 22:24:56.392685-05	3	create	2	Changed content, description and keywords.	15	1
145	2016-01-12 12:28:45.982333-05	77	Middle north	1		32	1
\.


--
-- Name: django_admin_log_id_seq; Type: SEQUENCE SET; Schema: public; Owner: gerrard
--

SELECT pg_catalog.setval('django_admin_log_id_seq', 145, true);


--
-- Data for Name: django_comment_flags; Type: TABLE DATA; Schema: public; Owner: gerrard
--

COPY django_comment_flags (id, flag, flag_date, comment_id, user_id) FROM stdin;
\.


--
-- Name: django_comment_flags_id_seq; Type: SEQUENCE SET; Schema: public; Owner: gerrard
--

SELECT pg_catalog.setval('django_comment_flags_id_seq', 1, false);


--
-- Data for Name: django_comments; Type: TABLE DATA; Schema: public; Owner: gerrard
--

COPY django_comments (id, object_pk, user_name, user_email, user_url, comment, submit_date, ip_address, is_public, is_removed, content_type_id, site_id, user_id) FROM stdin;
\.


--
-- Name: django_comments_id_seq; Type: SEQUENCE SET; Schema: public; Owner: gerrard
--

SELECT pg_catalog.setval('django_comments_id_seq', 1, false);


--
-- Data for Name: django_content_type; Type: TABLE DATA; Schema: public; Owner: gerrard
--

COPY django_content_type (id, app_label, model) FROM stdin;
1	auth	permission
2	auth	group
3	auth	user
4	contenttypes	contenttype
5	redirects	redirect
6	sessions	session
7	sites	site
8	conf	setting
9	core	sitepermission
10	generic	threadedcomment
11	generic	keyword
12	generic	assignedkeyword
13	generic	rating
14	pages	page
15	pages	richtextpage
16	pages	link
17	blog	blogpost
18	blog	blogcategory
19	forms	form
20	forms	field
21	forms	formentry
22	forms	fieldentry
23	galleries	gallery
24	galleries	galleryimage
25	twitter	query
26	twitter	tweet
27	polls	question
28	polls	choice
29	grow_records	site
31	grow_records	lengthuom
32	grow_records	bed
33	grow_records	family
34	grow_records	genus
35	grow_records	species
36	grow_records	crop
37	grow_records	commonname
38	grow_records	variety
39	grow_records	soilmediumbatch
40	grow_records	nurseryrecord
41	grow_records	potonrecord
42	grow_records	seederrecord
43	grow_records	bedrecord
44	grow_records	yielduom
45	grow_records	harvestrecord
46	grow_records	buyer
47	grow_records	deliveryrecord
49	grow_records	deliveryitem
50	admin	logentry
51	django_comments	comment
52	django_comments	commentflag
53	grow_records	areauom
54	grow_records	bedset
55	grow_records	varietyprice
56	grow_records	buyervarietyprice
57	grow_records	location
58	grow_records	plantrecord
59	grow_records	tool
60	grow_records	action
61	grow_records	plantinteraction
62	grow_records	fertiliseinnoculate
63	grow_records	protect
64	grow_records	bedinteraction
65	grow_records	ammendinnoculate
66	grow_records	supplier
67	grow_records	input
68	address	country
69	address	state
70	address	locality
71	address	address
\.


--
-- Name: django_content_type_id_seq; Type: SEQUENCE SET; Schema: public; Owner: gerrard
--

SELECT pg_catalog.setval('django_content_type_id_seq', 71, true);


--
-- Data for Name: django_migrations; Type: TABLE DATA; Schema: public; Owner: gerrard
--

COPY django_migrations (id, app, name, applied) FROM stdin;
1	contenttypes	0001_initial	2015-08-12 20:43:33.855604-04
2	auth	0001_initial	2015-08-12 20:43:34.590484-04
3	admin	0001_initial	2015-08-12 20:43:34.768176-04
4	contenttypes	0002_remove_content_type_name	2015-08-12 20:43:34.85688-04
5	auth	0002_alter_permission_name_max_length	2015-08-12 20:43:34.890135-04
6	auth	0003_alter_user_email_max_length	2015-08-12 20:43:34.936137-04
7	auth	0004_alter_user_username_opts	2015-08-12 20:43:34.971312-04
8	auth	0005_alter_user_last_login_null	2015-08-12 20:43:35.012495-04
9	auth	0006_require_contenttypes_0002	2015-08-12 20:43:35.023773-04
10	sites	0001_initial	2015-08-12 20:43:35.0906-04
11	blog	0001_initial	2015-08-12 20:43:35.604146-04
12	blog	0002_auto_20150527_1555	2015-08-12 20:43:35.692555-04
13	conf	0001_initial	2015-08-12 20:43:35.837815-04
14	core	0001_initial	2015-08-12 20:43:36.105152-04
15	core	0002_auto_20150414_2140	2015-08-12 20:43:36.19421-04
16	django_comments	0001_initial	2015-08-12 20:43:36.695978-04
17	django_comments	0002_update_user_email_field_length	2015-08-12 20:43:36.773017-04
18	pages	0001_initial	2015-08-12 20:43:37.154221-04
19	forms	0001_initial	2015-08-12 20:43:37.857454-04
20	forms	0002_auto_20141227_0224	2015-08-12 20:43:37.938676-04
21	forms	0003_emailfield	2015-08-12 20:43:38.035454-04
22	forms	0004_auto_20150517_0510	2015-08-12 20:43:38.123951-04
23	galleries	0001_initial	2015-08-12 20:43:38.602534-04
24	galleries	0002_auto_20141227_0224	2015-08-12 20:43:38.689147-04
25	generic	0001_initial	2015-08-12 20:43:39.537764-04
26	generic	0002_auto_20141227_0224	2015-08-12 20:43:39.636716-04
27	grow_records	0001_initial	2015-08-12 20:43:39.649941-04
28	grow_records	0002_auto_20150811_1953	2015-08-12 20:43:42.659766-04
29	grow_records	0003_auto_20150812_1751	2015-08-12 20:43:43.281436-04
30	grow_records	0004_auto_20150812_1821	2015-08-12 20:43:43.503631-04
31	grow_records	0005_commonname_preferred	2015-08-12 20:43:43.692901-04
32	grow_records	0006_crop_common_name	2015-08-12 20:43:43.838736-04
33	grow_records	0007_auto_20150812_1914	2015-08-12 20:43:44.31791-04
34	pages	0002_auto_20141227_0224	2015-08-12 20:43:44.54101-04
35	pages	0003_auto_20150527_1555	2015-08-12 20:43:44.715098-04
36	polls	0001_initial	2015-08-12 20:43:44.905595-04
37	redirects	0001_initial	2015-08-12 20:43:45.260322-04
38	sessions	0001_initial	2015-08-12 20:43:45.416026-04
39	twitter	0001_initial	2015-08-12 20:43:45.628079-04
40	grow_records	0008_auto_20150814_1752	2015-08-14 17:52:07.2134-04
41	grow_records	0009_auto_20150814_1838	2015-08-14 18:38:08.518998-04
42	grow_records	0010_auto_20150816_1213	2015-08-16 12:13:18.652833-04
43	grow_records	0011_auto_20150816_1222	2015-08-16 12:22:46.606797-04
44	grow_records	0012_auto_20150820_1431	2015-08-20 14:32:08.962227-04
45	grow_records	0013_remove_crop_name	2015-08-20 16:14:27.040274-04
46	grow_records	0014_auto_20150820_1934	2015-08-20 19:34:10.302305-04
47	grow_records	0015_auto_20150821_1233	2015-08-21 12:35:58.269157-04
48	grow_records	0016_auto_20150821_1302	2015-08-21 13:02:30.664727-04
49	grow_records	0017_auto_20150821_1316	2015-08-21 13:16:10.674676-04
50	grow_records	0018_auto_20150826_1651	2015-08-26 16:51:15.087063-04
51	grow_records	0019_auto_20150828_1857	2015-08-28 18:57:38.254737-04
52	grow_records	0020_fertiliseinnoculate_recipe	2015-08-28 19:02:33.11138-04
53	grow_records	0021_auto_20150828_1916	2015-08-28 19:16:56.80751-04
54	grow_records	0022_ammendinnoculate_recipe	2015-08-28 20:08:03.794352-04
55	grow_records	0023_auto_20150828_2132	2015-08-28 21:32:24.69362-04
56	grow_records	0024_auto_20150828_2132	2015-08-28 21:32:25.137117-04
57	address	0001_initial	2015-08-29 19:50:17.698554-04
58	grow_records	0025_auto_20150829_1936	2015-08-29 19:50:17.981521-04
59	grow_records	0026_auto_20150829_1937	2015-08-29 19:50:18.081515-04
60	grow_records	0027_auto_20150829_1946	2015-08-29 19:50:18.57483-04
61	grow_records	0028_auto_20150829_1950	2015-08-29 19:50:18.637375-04
62	grow_records	0029_remove_supplier_address	2015-09-16 17:39:38.796087-04
63	grow_records	0030_auto_20150919_1609	2015-09-19 16:09:21.136559-04
64	grow_records	0031_auto_20150919_1610	2015-09-19 16:10:38.452248-04
\.


--
-- Name: django_migrations_id_seq; Type: SEQUENCE SET; Schema: public; Owner: gerrard
--

SELECT pg_catalog.setval('django_migrations_id_seq', 64, true);


--
-- Data for Name: django_redirect; Type: TABLE DATA; Schema: public; Owner: gerrard
--

COPY django_redirect (id, site_id, old_path, new_path) FROM stdin;
\.


--
-- Name: django_redirect_id_seq; Type: SEQUENCE SET; Schema: public; Owner: gerrard
--

SELECT pg_catalog.setval('django_redirect_id_seq', 1, false);


--
-- Data for Name: django_session; Type: TABLE DATA; Schema: public; Owner: gerrard
--

COPY django_session (session_key, session_data, expire_date) FROM stdin;
eizwnm7klo59kitxlkorqozjz3ulrqpa	NTMyYzk0NmI4MmExZTA2MTgwZjFhMzU5Mjg5ZTQyYTlhODQxZjAxOTp7Il9hdXRoX3VzZXJfaGFzaCI6IjAyOGMzZTQ5YTFhODcwODBmZGU4Y2IzNjBhYWEyZTJkMDRhYTVkNmUiLCJfYXV0aF91c2VyX2JhY2tlbmQiOiJtZXp6YW5pbmUuY29yZS5hdXRoX2JhY2tlbmRzLk1lenphbmluZUJhY2tlbmQiLCJfYXV0aF91c2VyX2lkIjoiMSJ9	2015-08-26 20:45:32.39857-04
zsr5pbkcitmwxss9k5v875s3sx576p8b	NTMyYzk0NmI4MmExZTA2MTgwZjFhMzU5Mjg5ZTQyYTlhODQxZjAxOTp7Il9hdXRoX3VzZXJfaGFzaCI6IjAyOGMzZTQ5YTFhODcwODBmZGU4Y2IzNjBhYWEyZTJkMDRhYTVkNmUiLCJfYXV0aF91c2VyX2JhY2tlbmQiOiJtZXp6YW5pbmUuY29yZS5hdXRoX2JhY2tlbmRzLk1lenphbmluZUJhY2tlbmQiLCJfYXV0aF91c2VyX2lkIjoiMSJ9	2015-08-28 17:05:28.011315-04
7ny54f8selfslc6bt46t8f548rfjs0ws	NTMyYzk0NmI4MmExZTA2MTgwZjFhMzU5Mjg5ZTQyYTlhODQxZjAxOTp7Il9hdXRoX3VzZXJfaGFzaCI6IjAyOGMzZTQ5YTFhODcwODBmZGU4Y2IzNjBhYWEyZTJkMDRhYTVkNmUiLCJfYXV0aF91c2VyX2JhY2tlbmQiOiJtZXp6YW5pbmUuY29yZS5hdXRoX2JhY2tlbmRzLk1lenphbmluZUJhY2tlbmQiLCJfYXV0aF91c2VyX2lkIjoiMSJ9	2015-09-08 17:44:24.305561-04
ll4j9dc7a04ctf8vpqlpetnb6nf1a3tf	NTMyYzk0NmI4MmExZTA2MTgwZjFhMzU5Mjg5ZTQyYTlhODQxZjAxOTp7Il9hdXRoX3VzZXJfaGFzaCI6IjAyOGMzZTQ5YTFhODcwODBmZGU4Y2IzNjBhYWEyZTJkMDRhYTVkNmUiLCJfYXV0aF91c2VyX2JhY2tlbmQiOiJtZXp6YW5pbmUuY29yZS5hdXRoX2JhY2tlbmRzLk1lenphbmluZUJhY2tlbmQiLCJfYXV0aF91c2VyX2lkIjoiMSJ9	2015-09-12 19:49:19.042119-04
kjuke6m6kezd4tvtn516c9uxm6kmq7lr	NTMyYzk0NmI4MmExZTA2MTgwZjFhMzU5Mjg5ZTQyYTlhODQxZjAxOTp7Il9hdXRoX3VzZXJfaGFzaCI6IjAyOGMzZTQ5YTFhODcwODBmZGU4Y2IzNjBhYWEyZTJkMDRhYTVkNmUiLCJfYXV0aF91c2VyX2JhY2tlbmQiOiJtZXp6YW5pbmUuY29yZS5hdXRoX2JhY2tlbmRzLk1lenphbmluZUJhY2tlbmQiLCJfYXV0aF91c2VyX2lkIjoiMSJ9	2015-10-03 15:57:43.834571-04
o52vf33yaewr9hru2samjaal93miyi3q	NTMyYzk0NmI4MmExZTA2MTgwZjFhMzU5Mjg5ZTQyYTlhODQxZjAxOTp7Il9hdXRoX3VzZXJfaGFzaCI6IjAyOGMzZTQ5YTFhODcwODBmZGU4Y2IzNjBhYWEyZTJkMDRhYTVkNmUiLCJfYXV0aF91c2VyX2JhY2tlbmQiOiJtZXp6YW5pbmUuY29yZS5hdXRoX2JhY2tlbmRzLk1lenphbmluZUJhY2tlbmQiLCJfYXV0aF91c2VyX2lkIjoiMSJ9	2015-10-05 18:10:56.059496-04
usuirfjeud70dekgc60wb74510pk2pro	NTMyYzk0NmI4MmExZTA2MTgwZjFhMzU5Mjg5ZTQyYTlhODQxZjAxOTp7Il9hdXRoX3VzZXJfaGFzaCI6IjAyOGMzZTQ5YTFhODcwODBmZGU4Y2IzNjBhYWEyZTJkMDRhYTVkNmUiLCJfYXV0aF91c2VyX2JhY2tlbmQiOiJtZXp6YW5pbmUuY29yZS5hdXRoX2JhY2tlbmRzLk1lenphbmluZUJhY2tlbmQiLCJfYXV0aF91c2VyX2lkIjoiMSJ9	2015-11-14 13:33:37.643583-05
gdi94h76znrsgwsqt8p4bvi08ua0suoz	NTMyYzk0NmI4MmExZTA2MTgwZjFhMzU5Mjg5ZTQyYTlhODQxZjAxOTp7Il9hdXRoX3VzZXJfaGFzaCI6IjAyOGMzZTQ5YTFhODcwODBmZGU4Y2IzNjBhYWEyZTJkMDRhYTVkNmUiLCJfYXV0aF91c2VyX2JhY2tlbmQiOiJtZXp6YW5pbmUuY29yZS5hdXRoX2JhY2tlbmRzLk1lenphbmluZUJhY2tlbmQiLCJfYXV0aF91c2VyX2lkIjoiMSJ9	2016-01-07 11:59:08.716437-05
n0432lld6yjy02ozup150jppzexd1sc7	NTMyYzk0NmI4MmExZTA2MTgwZjFhMzU5Mjg5ZTQyYTlhODQxZjAxOTp7Il9hdXRoX3VzZXJfaGFzaCI6IjAyOGMzZTQ5YTFhODcwODBmZGU4Y2IzNjBhYWEyZTJkMDRhYTVkNmUiLCJfYXV0aF91c2VyX2JhY2tlbmQiOiJtZXp6YW5pbmUuY29yZS5hdXRoX2JhY2tlbmRzLk1lenphbmluZUJhY2tlbmQiLCJfYXV0aF91c2VyX2lkIjoiMSJ9	2016-01-09 22:06:56.225652-05
77r3hxtwqfslw3ugxzulwcx6r6vncjqz	NTMyYzk0NmI4MmExZTA2MTgwZjFhMzU5Mjg5ZTQyYTlhODQxZjAxOTp7Il9hdXRoX3VzZXJfaGFzaCI6IjAyOGMzZTQ5YTFhODcwODBmZGU4Y2IzNjBhYWEyZTJkMDRhYTVkNmUiLCJfYXV0aF91c2VyX2JhY2tlbmQiOiJtZXp6YW5pbmUuY29yZS5hdXRoX2JhY2tlbmRzLk1lenphbmluZUJhY2tlbmQiLCJfYXV0aF91c2VyX2lkIjoiMSJ9	2016-01-12 11:50:51.324484-05
mz5e2icvubcds55q0p2wulr6tg2ghh8y	NTMyYzk0NmI4MmExZTA2MTgwZjFhMzU5Mjg5ZTQyYTlhODQxZjAxOTp7Il9hdXRoX3VzZXJfaGFzaCI6IjAyOGMzZTQ5YTFhODcwODBmZGU4Y2IzNjBhYWEyZTJkMDRhYTVkNmUiLCJfYXV0aF91c2VyX2JhY2tlbmQiOiJtZXp6YW5pbmUuY29yZS5hdXRoX2JhY2tlbmRzLk1lenphbmluZUJhY2tlbmQiLCJfYXV0aF91c2VyX2lkIjoiMSJ9	2016-01-26 12:28:12.999112-05
\.


--
-- Data for Name: django_site; Type: TABLE DATA; Schema: public; Owner: gerrard
--

COPY django_site (id, domain, name) FROM stdin;
1	127.0.0.1:8000	Default
\.


--
-- Name: django_site_id_seq; Type: SEQUENCE SET; Schema: public; Owner: gerrard
--

SELECT pg_catalog.setval('django_site_id_seq', 1, true);


--
-- Data for Name: forms_field; Type: TABLE DATA; Schema: public; Owner: gerrard
--

COPY forms_field (id, _order, label, field_type, required, visible, choices, "default", placeholder_text, help_text, form_id) FROM stdin;
\.


--
-- Name: forms_field_id_seq; Type: SEQUENCE SET; Schema: public; Owner: gerrard
--

SELECT pg_catalog.setval('forms_field_id_seq', 1, false);


--
-- Data for Name: forms_fieldentry; Type: TABLE DATA; Schema: public; Owner: gerrard
--

COPY forms_fieldentry (id, field_id, value, entry_id) FROM stdin;
\.


--
-- Name: forms_fieldentry_id_seq; Type: SEQUENCE SET; Schema: public; Owner: gerrard
--

SELECT pg_catalog.setval('forms_fieldentry_id_seq', 1, false);


--
-- Data for Name: forms_form; Type: TABLE DATA; Schema: public; Owner: gerrard
--

COPY forms_form (page_ptr_id, content, button_text, response, send_email, email_from, email_copies, email_subject, email_message) FROM stdin;
\.


--
-- Data for Name: forms_formentry; Type: TABLE DATA; Schema: public; Owner: gerrard
--

COPY forms_formentry (id, entry_time, form_id) FROM stdin;
\.


--
-- Name: forms_formentry_id_seq; Type: SEQUENCE SET; Schema: public; Owner: gerrard
--

SELECT pg_catalog.setval('forms_formentry_id_seq', 1, false);


--
-- Data for Name: galleries_gallery; Type: TABLE DATA; Schema: public; Owner: gerrard
--

COPY galleries_gallery (page_ptr_id, content, zip_import) FROM stdin;
\.


--
-- Data for Name: galleries_galleryimage; Type: TABLE DATA; Schema: public; Owner: gerrard
--

COPY galleries_galleryimage (id, _order, file, description, gallery_id) FROM stdin;
\.


--
-- Name: galleries_galleryimage_id_seq; Type: SEQUENCE SET; Schema: public; Owner: gerrard
--

SELECT pg_catalog.setval('galleries_galleryimage_id_seq', 1, false);


--
-- Data for Name: generic_assignedkeyword; Type: TABLE DATA; Schema: public; Owner: gerrard
--

COPY generic_assignedkeyword (id, _order, object_pk, content_type_id, keyword_id) FROM stdin;
\.


--
-- Name: generic_assignedkeyword_id_seq; Type: SEQUENCE SET; Schema: public; Owner: gerrard
--

SELECT pg_catalog.setval('generic_assignedkeyword_id_seq', 1, false);


--
-- Data for Name: generic_keyword; Type: TABLE DATA; Schema: public; Owner: gerrard
--

COPY generic_keyword (id, title, slug, site_id) FROM stdin;
\.


--
-- Name: generic_keyword_id_seq; Type: SEQUENCE SET; Schema: public; Owner: gerrard
--

SELECT pg_catalog.setval('generic_keyword_id_seq', 1, false);


--
-- Data for Name: generic_rating; Type: TABLE DATA; Schema: public; Owner: gerrard
--

COPY generic_rating (id, value, rating_date, object_pk, content_type_id, user_id) FROM stdin;
\.


--
-- Name: generic_rating_id_seq; Type: SEQUENCE SET; Schema: public; Owner: gerrard
--

SELECT pg_catalog.setval('generic_rating_id_seq', 1, false);


--
-- Data for Name: generic_threadedcomment; Type: TABLE DATA; Schema: public; Owner: gerrard
--

COPY generic_threadedcomment (comment_ptr_id, rating_count, rating_sum, rating_average, by_author, replied_to_id) FROM stdin;
\.


--
-- Data for Name: grow_records_action; Type: TABLE DATA; Schema: public; Owner: gerrard
--

COPY grow_records_action (id, start_time, end_time, description) FROM stdin;
1	2015-08-28 18:59:15-04	2015-08-28 19:59:20-04	Hoed edges of beds in Middle block.
2	2015-08-28 19:07:33-04	2015-08-28 19:37:36-04	fert seedling tomatoes
3	2015-08-28 20:08:11-04	2015-08-28 20:18:12-04	Ammended bed.
5	2015-08-28 22:22:47-04	2015-08-28 22:42:49-04	Ammended beds.
6	2015-09-19 15:58:25-04	2015-09-19 16:58:27-04	App dev
7	2015-09-19 15:59:05-04	2015-09-19 16:20:07-04	Soil drench
9	2015-09-19 16:14:00-04	2015-09-19 16:44:02-04	Foliar feed
10	2015-09-19 17:23:35-04	2015-09-19 17:43:37-04	Innoculate
11	2015-09-21 18:16:23-04	2015-09-21 18:19:25-04	foliar feed
\.


--
-- Name: grow_records_action_id_seq; Type: SEQUENCE SET; Schema: public; Owner: gerrard
--

SELECT pg_catalog.setval('grow_records_action_id_seq', 11, true);


--
-- Data for Name: grow_records_ammendinnoculate; Type: TABLE DATA; Schema: public; Owner: gerrard
--

COPY grow_records_ammendinnoculate (bedinteraction_ptr_id, recipe) FROM stdin;
3	250 ml Pro Gro
5	COF
7	EM + Fish + sea soil drench
\.


--
-- Data for Name: grow_records_areauom; Type: TABLE DATA; Schema: public; Owner: gerrard
--

COPY grow_records_areauom (id, unit) FROM stdin;
1	ft2
\.


--
-- Name: grow_records_areauom_id_seq; Type: SEQUENCE SET; Schema: public; Owner: gerrard
--

SELECT pg_catalog.setval('grow_records_areauom_id_seq', 1, true);


--
-- Data for Name: grow_records_bed; Type: TABLE DATA; Schema: public; Owner: gerrard
--

COPY grow_records_bed (id, name, width, length, "length_UOM_id", site_id, "width_UOM_id", bed_set_id) FROM stdin;
39	11	30	12	2	1	1	1
40	10	30	12	2	1	1	1
41	12	30	10	2	1	1	1
42	1	30	20	2	1	1	1
43	3	30	20	2	1	1	1
44	2	30	20	2	1	1	1
45	5	30	18	2	1	1	1
46	4	30	18	2	1	1	1
47	7	30	16	2	1	1	1
48	6	30	16	2	1	1	1
49	9	30	14	2	1	1	1
50	8	30	14	2	1	1	1
51	1	30	40	2	1	1	2
52	3	30	40	2	1	1	2
53	2	30	40	2	1	1	2
54	5	30	40	2	1	1	2
55	4	30	40	2	1	1	2
56	1	30	60	2	1	1	3
57	3	30	60	2	1	1	3
58	2	30	60	2	1	1	3
59	5	30	60	2	1	1	3
60	4	30	60	2	1	1	3
61	1	30	20	2	1	1	4
62	3	30	20	2	1	1	4
63	2	30	20	2	1	1	4
64	5	30	20	2	1	1	4
65	4	30	20	2	1	1	4
66	7	30	20	2	1	1	4
67	6	30	20	2	1	1	4
68	9	30	20	2	1	1	4
69	8	30	20	2	1	1	4
70	1	30	30	2	1	1	5
71	3	30	30	2	1	1	5
72	2	30	30	2	1	1	5
73	5	30	30	2	1	1	5
74	4	30	25	2	1	1	5
75	7	30	30	2	1	1	5
76	6	30	30	2	1	1	5
77	north	30	20	2	1	1	1
\.


--
-- Name: grow_records_bed_id_seq; Type: SEQUENCE SET; Schema: public; Owner: gerrard
--

SELECT pg_catalog.setval('grow_records_bed_id_seq', 77, true);


--
-- Data for Name: grow_records_bedinteraction; Type: TABLE DATA; Schema: public; Owner: gerrard
--

COPY grow_records_bedinteraction (action_ptr_id) FROM stdin;
3
5
7
\.


--
-- Data for Name: grow_records_bedinteraction_beds; Type: TABLE DATA; Schema: public; Owner: gerrard
--

COPY grow_records_bedinteraction_beds (id, bedinteraction_id, bed_id) FROM stdin;
5	5	39
6	5	40
7	5	41
8	5	42
9	5	43
10	5	44
11	5	45
12	5	46
13	5	47
14	5	48
15	5	49
16	5	50
20	7	65
21	7	62
22	7	63
\.


--
-- Name: grow_records_bedinteraction_beds_id_seq; Type: SEQUENCE SET; Schema: public; Owner: gerrard
--

SELECT pg_catalog.setval('grow_records_bedinteraction_beds_id_seq', 22, true);


--
-- Data for Name: grow_records_bedrecord; Type: TABLE DATA; Schema: public; Owner: gerrard
--

COPY grow_records_bedrecord (id, in_bed_date, out_bed_date, rows, spacing_in, bed_percent, bed_id, nursery_record_id, seeder_id, variety_id) FROM stdin;
2	2015-05-25	\N	1	18	100	55	2	\N	2
3	2015-08-20	\N	5	0	100	51	\N	1	3
4	2015-09-19	\N	12	1	100	61	\N	1	3
6	2015-09-19	\N	12	1	100	55	\N	1	5
7	2015-09-21	\N	1	18	100	42	3	\N	1
8	2015-12-24	\N	1	18	100	49	3	\N	1
\.


--
-- Name: grow_records_bedrecord_id_seq; Type: SEQUENCE SET; Schema: public; Owner: gerrard
--

SELECT pg_catalog.setval('grow_records_bedrecord_id_seq', 8, true);


--
-- Data for Name: grow_records_bedset; Type: TABLE DATA; Schema: public; Owner: gerrard
--

COPY grow_records_bedset (id, name, site_id) FROM stdin;
1	Middle	1
2	Lower	1
3	Greenhouse East	1
4	Top	1
5	Greenhouse West	1
\.


--
-- Name: grow_records_bedset_id_seq; Type: SEQUENCE SET; Schema: public; Owner: gerrard
--

SELECT pg_catalog.setval('grow_records_bedset_id_seq', 5, true);


--
-- Data for Name: grow_records_buyer; Type: TABLE DATA; Schema: public; Owner: gerrard
--

COPY grow_records_buyer (id, name) FROM stdin;
1	Pisticci
\.


--
-- Name: grow_records_buyer_id_seq; Type: SEQUENCE SET; Schema: public; Owner: gerrard
--

SELECT pg_catalog.setval('grow_records_buyer_id_seq', 1, true);


--
-- Data for Name: grow_records_buyervarietyprice; Type: TABLE DATA; Schema: public; Owner: gerrard
--

COPY grow_records_buyervarietyprice (id, buyer_id, price, date_effective, date_end, "price_UOM_id", variety_id) FROM stdin;
6	1	3	2015-08-21 13:18:03-04	2015-08-21 13:18:33.020993-04	2	1
8	1	4	2015-08-21 13:18:20-04	\N	2	1
9	1	5	2015-08-21 14:38:58-04	\N	2	3
10	1	3	2015-08-21 14:39:16-04	\N	2	2
\.


--
-- Name: grow_records_buyervarietyprice_id_seq; Type: SEQUENCE SET; Schema: public; Owner: gerrard
--

SELECT pg_catalog.setval('grow_records_buyervarietyprice_id_seq', 10, true);


--
-- Data for Name: grow_records_commonname; Type: TABLE DATA; Schema: public; Owner: gerrard
--

COPY grow_records_commonname (id, name, preferred, crop_id) FROM stdin;
1	tomato	t	1
2	pepper	t	2
5	sage	t	5
6	parsley	t	6
10	lettuce	t	10
11	fennel	t	11
12	beet	t	12
14	eggplant	t	14
15	radicchio	t	15
16	basil	t	16
17	escarole	t	17
18	broccoli rabe	t	18
19	broccoli	t	19
20	zucchini	t	20
9	arugula	f	9
21	rocket	t	9
8	chard	f	8
23	beet	t	8
4	dandelion	f	4
24	radicchio	t	4
7	endive	f	7
25	escarole	t	7
3	kale	f	3
26	broccoli	t	3
13	pattypan squash	f	13
27	zucchini	t	13
\.


--
-- Name: grow_records_commonname_id_seq; Type: SEQUENCE SET; Schema: public; Owner: gerrard
--

SELECT pg_catalog.setval('grow_records_commonname_id_seq', 27, true);


--
-- Data for Name: grow_records_crop; Type: TABLE DATA; Schema: public; Owner: gerrard
--

COPY grow_records_crop (id, species_id) FROM stdin;
1	1
2	2
3	3
4	4
5	5
6	6
7	7
8	8
9	9
10	10
11	11
12	8
13	12
14	13
15	4
16	14
17	7
18	15
19	3
20	12
\.


--
-- Name: grow_records_crop_id_seq; Type: SEQUENCE SET; Schema: public; Owner: gerrard
--

SELECT pg_catalog.setval('grow_records_crop_id_seq', 21, true);


--
-- Data for Name: grow_records_deliveryitem; Type: TABLE DATA; Schema: public; Owner: gerrard
--

COPY grow_records_deliveryitem (id, delivery_amount, "delivery_UOM_id", delivery_record_id, variety_id) FROM stdin;
1	9	1	1	1
2	15.5	2	2	2
3	17	2	2	1
4	7	2	2	3
\.


--
-- Name: grow_records_deliveryitem_id_seq; Type: SEQUENCE SET; Schema: public; Owner: gerrard
--

SELECT pg_catalog.setval('grow_records_deliveryitem_id_seq', 4, true);


--
-- Data for Name: grow_records_deliveryrecord; Type: TABLE DATA; Schema: public; Owner: gerrard
--

COPY grow_records_deliveryrecord (id, date, buyer_id) FROM stdin;
1	2015-08-16	1
2	2015-08-20	1
\.


--
-- Name: grow_records_deliveryrecord_id_seq; Type: SEQUENCE SET; Schema: public; Owner: gerrard
--

SELECT pg_catalog.setval('grow_records_deliveryrecord_id_seq', 2, true);


--
-- Data for Name: grow_records_family; Type: TABLE DATA; Schema: public; Owner: gerrard
--

COPY grow_records_family (id, name) FROM stdin;
1	Solanaceae
2	Brassicaceae
3	Asteraceae
4	Lamiaceae
5	Apiaceae
6	Amaranthaceae
7	Cucurbitaceae
\.


--
-- Name: grow_records_family_id_seq; Type: SEQUENCE SET; Schema: public; Owner: gerrard
--

SELECT pg_catalog.setval('grow_records_family_id_seq', 7, true);


--
-- Data for Name: grow_records_fertiliseinnoculate; Type: TABLE DATA; Schema: public; Owner: gerrard
--

COPY grow_records_fertiliseinnoculate (plantinteraction_ptr_id, recipe) FROM stdin;
2	fish and EM
9	EM + Fish + Sea + molasses
10	EM
11	EM
\.


--
-- Data for Name: grow_records_genus; Type: TABLE DATA; Schema: public; Owner: gerrard
--

COPY grow_records_genus (id, name, family_id) FROM stdin;
1	Solanum	1
2	Capsicum	1
3	Brassica	2
4	Cichorium	3
5	Salvia	4
6	Petroselinum	5
7	Beta	6
8	Eruca	2
9	Lactuca	3
10	Foeniculum	5
11	Cucurbita	7
12	Ocimum	4
13	Eruca	\N
14	Eruca	\N
\.


--
-- Name: grow_records_genus_id_seq; Type: SEQUENCE SET; Schema: public; Owner: gerrard
--

SELECT pg_catalog.setval('grow_records_genus_id_seq', 14, true);


--
-- Data for Name: grow_records_harvestrecord; Type: TABLE DATA; Schema: public; Owner: gerrard
--

COPY grow_records_harvestrecord (id, yield_amount, harvest_date, bed_record_id, "yield_UOM_id") FROM stdin;
8	15.5	2015-08-20	2	2
\.


--
-- Name: grow_records_harvestrecord_id_seq; Type: SEQUENCE SET; Schema: public; Owner: gerrard
--

SELECT pg_catalog.setval('grow_records_harvestrecord_id_seq', 8, true);


--
-- Data for Name: grow_records_input; Type: TABLE DATA; Schema: public; Owner: gerrard
--

COPY grow_records_input (id, description, supplier_id, volume, weight, price, price_currency) FROM stdin;
1	Molasses	1	0.0037854099999999999	\N	20.00	USD
\.


--
-- Name: grow_records_input_id_seq; Type: SEQUENCE SET; Schema: public; Owner: gerrard
--

SELECT pg_catalog.setval('grow_records_input_id_seq', 1, true);


--
-- Data for Name: grow_records_lengthuom; Type: TABLE DATA; Schema: public; Owner: gerrard
--

COPY grow_records_lengthuom (id, unit) FROM stdin;
1	in
2	ft
\.


--
-- Name: grow_records_lengthuom_id_seq; Type: SEQUENCE SET; Schema: public; Owner: gerrard
--

SELECT pg_catalog.setval('grow_records_lengthuom_id_seq', 2, true);


--
-- Data for Name: grow_records_location; Type: TABLE DATA; Schema: public; Owner: gerrard
--

COPY grow_records_location (id, name) FROM stdin;
\.


--
-- Name: grow_records_location_id_seq; Type: SEQUENCE SET; Schema: public; Owner: gerrard
--

SELECT pg_catalog.setval('grow_records_location_id_seq', 1, false);


--
-- Data for Name: grow_records_nurseryrecord; Type: TABLE DATA; Schema: public; Owner: gerrard
--

COPY grow_records_nurseryrecord (id, in_nursery_date, germ_date, tray_size_cell, number_trays, medium_id, variety_id) FROM stdin;
2	2015-04-24	\N	72	0.330000000000000016	1	2
3	2015-08-26	\N	72	4	1	1
\.


--
-- Name: grow_records_nurseryrecord_id_seq; Type: SEQUENCE SET; Schema: public; Owner: gerrard
--

SELECT pg_catalog.setval('grow_records_nurseryrecord_id_seq', 3, true);


--
-- Data for Name: grow_records_plantinteraction; Type: TABLE DATA; Schema: public; Owner: gerrard
--

COPY grow_records_plantinteraction (action_ptr_id) FROM stdin;
2
9
10
11
\.


--
-- Data for Name: grow_records_plantinteraction_bed_records; Type: TABLE DATA; Schema: public; Owner: gerrard
--

COPY grow_records_plantinteraction_bed_records (id, plantinteraction_id, bedrecord_id) FROM stdin;
3	9	2
4	9	3
5	10	2
6	10	3
7	10	4
8	10	6
\.


--
-- Name: grow_records_plantinteraction_bed_recordss_id_seq; Type: SEQUENCE SET; Schema: public; Owner: gerrard
--

SELECT pg_catalog.setval('grow_records_plantinteraction_bed_recordss_id_seq', 8, true);


--
-- Data for Name: grow_records_plantinteraction_nursery_records; Type: TABLE DATA; Schema: public; Owner: gerrard
--

COPY grow_records_plantinteraction_nursery_records (id, plantinteraction_id, nurseryrecord_id) FROM stdin;
3	9	2
4	9	3
5	10	2
6	10	3
7	11	3
\.


--
-- Name: grow_records_plantinteraction_nursery_records_id_seq; Type: SEQUENCE SET; Schema: public; Owner: gerrard
--

SELECT pg_catalog.setval('grow_records_plantinteraction_nursery_records_id_seq', 7, true);


--
-- Data for Name: grow_records_plantrecord; Type: TABLE DATA; Schema: public; Owner: gerrard
--

COPY grow_records_plantrecord (id) FROM stdin;
\.


--
-- Name: grow_records_plantrecord_id_seq; Type: SEQUENCE SET; Schema: public; Owner: gerrard
--

SELECT pg_catalog.setval('grow_records_plantrecord_id_seq', 1, false);


--
-- Data for Name: grow_records_potonrecord; Type: TABLE DATA; Schema: public; Owner: gerrard
--

COPY grow_records_potonrecord (id, pot_on_date, pot_size_in, medium_id, nursery_record_id) FROM stdin;
1	2015-05-05	4	1	2
2	2015-08-26	4	1	3
\.


--
-- Name: grow_records_potonrecord_id_seq; Type: SEQUENCE SET; Schema: public; Owner: gerrard
--

SELECT pg_catalog.setval('grow_records_potonrecord_id_seq', 2, true);


--
-- Data for Name: grow_records_protect; Type: TABLE DATA; Schema: public; Owner: gerrard
--

COPY grow_records_protect (plantinteraction_ptr_id) FROM stdin;
\.


--
-- Data for Name: grow_records_seederrecord; Type: TABLE DATA; Schema: public; Owner: gerrard
--

COPY grow_records_seederrecord (id, name, seeder_settings) FROM stdin;
1	GL	smallest
\.


--
-- Name: grow_records_seederrecord_id_seq; Type: SEQUENCE SET; Schema: public; Owner: gerrard
--

SELECT pg_catalog.setval('grow_records_seederrecord_id_seq', 1, true);


--
-- Data for Name: grow_records_site; Type: TABLE DATA; Schema: public; Owner: gerrard
--

COPY grow_records_site (id, name, area, "area_UOM_id") FROM stdin;
1	Croton Greenhouses	11800	1
\.


--
-- Name: grow_records_site_id_seq; Type: SEQUENCE SET; Schema: public; Owner: gerrard
--

SELECT pg_catalog.setval('grow_records_site_id_seq', 1, true);


--
-- Data for Name: grow_records_soilmediumbatch; Type: TABLE DATA; Schema: public; Owner: gerrard
--

COPY grow_records_soilmediumbatch (id, created, recipe) FROM stdin;
1	2015-08-16	1:1 compost:cocoa peat + handful feathermeal / wheelbarrow
\.


--
-- Name: grow_records_soilmediumbatch_id_seq; Type: SEQUENCE SET; Schema: public; Owner: gerrard
--

SELECT pg_catalog.setval('grow_records_soilmediumbatch_id_seq', 1, true);


--
-- Data for Name: grow_records_species; Type: TABLE DATA; Schema: public; Owner: gerrard
--

COPY grow_records_species (id, species, genus_id) FROM stdin;
1	lycopersicum	1
2	annuum	2
3	oleracea	3
4	intybus	4
5	officinalis	5
6	crispum	6
7	endivia	4
8	vulgaris	7
9	sativa	8
10	sativa	9
11	vulgare	10
12	pepo	11
13	melongena	1
14	basilicum	12
15	rapa	3
16	sativa	13
17	sativa	14
\.


--
-- Name: grow_records_species_id_seq; Type: SEQUENCE SET; Schema: public; Owner: gerrard
--

SELECT pg_catalog.setval('grow_records_species_id_seq', 17, true);


--
-- Data for Name: grow_records_supplier; Type: TABLE DATA; Schema: public; Owner: gerrard
--

COPY grow_records_supplier (id, name) FROM stdin;
1	Compostwerks
\.


--
-- Name: grow_records_supplier_id_seq; Type: SEQUENCE SET; Schema: public; Owner: gerrard
--

SELECT pg_catalog.setval('grow_records_supplier_id_seq', 1, true);


--
-- Data for Name: grow_records_tool; Type: TABLE DATA; Schema: public; Owner: gerrard
--

COPY grow_records_tool (id, name) FROM stdin;
\.


--
-- Name: grow_records_tool_id_seq; Type: SEQUENCE SET; Schema: public; Owner: gerrard
--

SELECT pg_catalog.setval('grow_records_tool_id_seq', 1, false);


--
-- Data for Name: grow_records_variety; Type: TABLE DATA; Schema: public; Owner: gerrard
--

COPY grow_records_variety (id, name, crop_id) FROM stdin;
1	'Amish Paste'	1
2	Fairy Tale	14
3	Astro	9
5	regular	9
6	Amish Paste	1
7	Carmen	2
8	eros	7
9	phineas	7
\.


--
-- Name: grow_records_variety_id_seq; Type: SEQUENCE SET; Schema: public; Owner: gerrard
--

SELECT pg_catalog.setval('grow_records_variety_id_seq', 9, true);


--
-- Data for Name: grow_records_varietyprice; Type: TABLE DATA; Schema: public; Owner: gerrard
--

COPY grow_records_varietyprice (id, date_effective, date_end, price, "price_UOM_id", variety_id) FROM stdin;
6	2015-08-21 13:25:56-04	2015-08-21 13:26:23.531781-04	5	2	1
7	2015-08-21 13:26:13-04	\N	10	2	1
\.


--
-- Name: grow_records_varietyprice_id_seq; Type: SEQUENCE SET; Schema: public; Owner: gerrard
--

SELECT pg_catalog.setval('grow_records_varietyprice_id_seq', 7, true);


--
-- Data for Name: grow_records_yielduom; Type: TABLE DATA; Schema: public; Owner: gerrard
--

COPY grow_records_yielduom (id, unit) FROM stdin;
1	lb
2	kg
\.


--
-- Name: grow_records_yielduom_id_seq; Type: SEQUENCE SET; Schema: public; Owner: gerrard
--

SELECT pg_catalog.setval('grow_records_yielduom_id_seq', 2, true);


--
-- Data for Name: pages_link; Type: TABLE DATA; Schema: public; Owner: gerrard
--

COPY pages_link (page_ptr_id) FROM stdin;
\.


--
-- Data for Name: pages_page; Type: TABLE DATA; Schema: public; Owner: gerrard
--

COPY pages_page (id, keywords_string, title, slug, _meta_title, description, gen_description, created, updated, status, publish_date, expiry_date, short_url, in_sitemap, _order, in_menus, titles, content_model, login_required, parent_id, site_id) FROM stdin;
2		nursery	grow_records/nursery		sdfds	t	2015-12-26 20:46:34.920611-05	2015-12-26 22:12:26.519889-05	2	2015-12-26 20:46:34-05	\N	\N	t	0	1,2,3	view / nursery	richtextpage	f	4	1
4		view	view		\nI can do that\nThe path of the righteous man is beset on all sides by the iniquities of the selfish and the tyranny of evil men. Blessed is he who, in the name of charity and good will, shepherds the weak through the valley of darkness, for he is truly his brother's keeper and the finder of lost children. And I will strike down upon thee with great vengeance and furious anger those who would attempt to poison and destroy My brothers. And you will know My name is the Lord when I lay My vengeance upon thee.	t	2015-12-26 22:07:42.599237-05	2015-12-26 22:13:24.290406-05	2	2015-12-26 22:07:42-05	\N	\N	t	1	1,2,3	view	richtextpage	f	\N	1
5		analyse	analyse		\nUuummmm, this is a tasty burger!\nDo you see any Teletubbies in here? Do you see a slender plastic tag clipped to my shirt with my name printed on it? Do you see a little Asian child with a blank expression on his face sitting outside on a mechanical helicopter that shakes when you put quarters in it? No? Well, that's what you see at a toy store. And you must think you're in a toy store, because you're here shopping for an infant named Jeb.	t	2015-12-26 22:08:10.297988-05	2015-12-26 22:13:38.7579-05	2	2015-12-26 22:08:10-05	\N	\N	t	2	1,2,3	analyse	richtextpage	f	\N	1
3		create	create		Now that there is the Tec-9, a crappy spray gun from South Miami. This gun is advertised as the most popular gun in American crime. Do you believe that shit? It actually says that in the little book that comes with it: the most popular gun in American crime. Like they're actually proud of that shit.	t	2015-12-26 22:07:17.409681-05	2015-12-26 22:24:56.335573-05	2	2015-12-26 22:07:17-05	\N	\N	t	0	1,2,3	create	richtextpage	f	\N	1
\.


--
-- Name: pages_page_id_seq; Type: SEQUENCE SET; Schema: public; Owner: gerrard
--

SELECT pg_catalog.setval('pages_page_id_seq', 5, true);


--
-- Data for Name: pages_richtextpage; Type: TABLE DATA; Schema: public; Owner: gerrard
--

COPY pages_richtextpage (page_ptr_id, content) FROM stdin;
3	<p class="lead">Now that there is the Tec-9, a crappy spray gun from South Miami. This gun is advertised as the most popular gun in American crime. Do you believe that shit? It actually says that in the little book that comes with it: the most popular gun in American crime. Like they're actually proud of that shit.</p>\n<p>Look, just because I don't be givin' no man a foot massage don't make it right for Marsellus to throw Antwone into a glass motherfuckin' house, fuckin' up the way the nigger talks. Motherfucker do that shit to me, he better paralyze my ass, 'cause I'll kill the motherfucker, know what I'm sayin'?</p>\n<h2>Is she dead, yes or no?</h2>\n<p>Well, the way they make shows is, they make one show. That show's called a pilot. Then they show that show to the people who make shows, and on the strength of that one show they decide if they're going to make more shows. Some pilots get picked and become television programs. Some don't, become nothing. She starred in one of the ones that became nothing.</p>\n<h2>Are you ready for the truth?</h2>\n<p>Now that there is the Tec-9, a crappy spray gun from South Miami. This gun is advertised as the most popular gun in American crime. Do you believe that shit? It actually says that in the little book that comes with it: the most popular gun in American crime. Like they're actually proud of that shit.</p>\n<!-- please do not remove this line -->\n<div><a href="http://slipsum.com">lorem ipsum</a></div>\n<!-- end slipsum code -->
2	<p>sdfds</p>
4	<!-- start slipsum code -->\n<h2>I can do that</h2>\n<p>The path of the righteous man is beset on all sides by the iniquities of the selfish and the tyranny of evil men. Blessed is he who, in the name of charity and good will, shepherds the weak through the valley of darkness, for he is truly his brother's keeper and the finder of lost children. And I will strike down upon thee with great vengeance and furious anger those who would attempt to poison and destroy My brothers. And you will know My name is the Lord when I lay My vengeance upon thee.</p>\n<h2>We happy?</h2>\n<p>Look, just because I don't be givin' no man a foot massage don't make it right for Marsellus to throw Antwone into a glass motherfuckin' house, fuckin' up the way the nigger talks. Motherfucker do that shit to me, he better paralyze my ass, 'cause I'll kill the motherfucker, know what I'm sayin'?</p>\n<h2>I can do that</h2>\n<p>Your bones don't break, mine do. That's clear. Your cells react to bacteria and viruses differently than mine. You don't get sick, I do. That's also clear. But for some reason, you and I react the exact same way to water. We swallow it too fast, we choke. We get some in our lungs, we drown. However unreal it may seem, we are connected, you and I. We're on the same curve, just on opposite ends.</p>\n<h2>Hold on to your butts</h2>\n<p>Look, just because I don't be givin' no man a foot massage don't make it right for Marsellus to throw Antwone into a glass motherfuckin' house, fuckin' up the way the nigger talks. Motherfucker do that shit to me, he better paralyze my ass, 'cause I'll kill the motherfucker, know what I'm sayin'?</p>\n<!-- please do not remove this line -->\n<div style=""><a href="http://slipsum.com">lorem ipsum</a></div>\n<!-- end slipsum code -->
5	<!-- start slipsum code -->\n<h2>Uuummmm, this is a tasty burger!</h2>\n<p>Do you see any Teletubbies in here? Do you see a slender plastic tag clipped to my shirt with my name printed on it? Do you see a little Asian child with a blank expression on his face sitting outside on a mechanical helicopter that shakes when you put quarters in it? No? Well, that's what you see at a toy store. And you must think you're in a toy store, because you're here shopping for an infant named Jeb.</p>\n<h2>We happy?</h2>\n<p>Well, the way they make shows is, they make one show. That show's called a pilot. Then they show that show to the people who make shows, and on the strength of that one show they decide if they're going to make more shows. Some pilots get picked and become television programs. Some don't, become nothing. She starred in one of the ones that became nothing.</p>\n<h2>Are you ready for the truth?</h2>\n<p>Look, just because I don't be givin' no man a foot massage don't make it right for Marsellus to throw Antwone into a glass motherfuckin' house, fuckin' up the way the nigger talks. Motherfucker do that shit to me, he better paralyze my ass, 'cause I'll kill the motherfucker, know what I'm sayin'?</p>\n<h2>Are you ready for the truth?</h2>\n<p>Look, just because I don't be givin' no man a foot massage don't make it right for Marsellus to throw Antwone into a glass motherfuckin' house, fuckin' up the way the nigger talks. Motherfucker do that shit to me, he better paralyze my ass, 'cause I'll kill the motherfucker, know what I'm sayin'?</p>\n<!-- please do not remove this line -->\n<div style=""><a href="http://slipsum.com">lorem ipsum</a></div>\n<!-- end slipsum code -->
\.


--
-- Data for Name: polls_choice; Type: TABLE DATA; Schema: public; Owner: gerrard
--

COPY polls_choice (id, choice_text, votes, question_id) FROM stdin;
1	blah	1	1
2	blah blah	2	1
\.


--
-- Name: polls_choice_id_seq; Type: SEQUENCE SET; Schema: public; Owner: gerrard
--

SELECT pg_catalog.setval('polls_choice_id_seq', 2, true);


--
-- Data for Name: polls_question; Type: TABLE DATA; Schema: public; Owner: gerrard
--

COPY polls_question (id, question_text, pub_date) FROM stdin;
1	How do you make a form	2015-08-28 20:30:39-04
\.


--
-- Name: polls_question_id_seq; Type: SEQUENCE SET; Schema: public; Owner: gerrard
--

SELECT pg_catalog.setval('polls_question_id_seq', 1, true);


--
-- Data for Name: twitter_query; Type: TABLE DATA; Schema: public; Owner: gerrard
--

COPY twitter_query (id, type, value, interested) FROM stdin;
1	search	from:stephen_mcd mezzanine	t
\.


--
-- Name: twitter_query_id_seq; Type: SEQUENCE SET; Schema: public; Owner: gerrard
--

SELECT pg_catalog.setval('twitter_query_id_seq', 1, true);


--
-- Data for Name: twitter_tweet; Type: TABLE DATA; Schema: public; Owner: gerrard
--

COPY twitter_tweet (id, remote_id, created_at, text, profile_image_url, user_name, full_name, retweeter_profile_image_url, retweeter_user_name, retweeter_full_name, query_id) FROM stdin;
\.


--
-- Name: twitter_tweet_id_seq; Type: SEQUENCE SET; Schema: public; Owner: gerrard
--

SELECT pg_catalog.setval('twitter_tweet_id_seq', 1, false);


--
-- Name: address_address_pkey; Type: CONSTRAINT; Schema: public; Owner: gerrard; Tablespace: 
--

ALTER TABLE ONLY address_address
    ADD CONSTRAINT address_address_pkey PRIMARY KEY (id);


--
-- Name: address_country_name_key; Type: CONSTRAINT; Schema: public; Owner: gerrard; Tablespace: 
--

ALTER TABLE ONLY address_country
    ADD CONSTRAINT address_country_name_key UNIQUE (name);


--
-- Name: address_country_pkey; Type: CONSTRAINT; Schema: public; Owner: gerrard; Tablespace: 
--

ALTER TABLE ONLY address_country
    ADD CONSTRAINT address_country_pkey PRIMARY KEY (id);


--
-- Name: address_locality_name_14d865ee205f510e_uniq; Type: CONSTRAINT; Schema: public; Owner: gerrard; Tablespace: 
--

ALTER TABLE ONLY address_locality
    ADD CONSTRAINT address_locality_name_14d865ee205f510e_uniq UNIQUE (name, state_id);


--
-- Name: address_locality_pkey; Type: CONSTRAINT; Schema: public; Owner: gerrard; Tablespace: 
--

ALTER TABLE ONLY address_locality
    ADD CONSTRAINT address_locality_pkey PRIMARY KEY (id);


--
-- Name: address_state_name_e77ae1610a855aa_uniq; Type: CONSTRAINT; Schema: public; Owner: gerrard; Tablespace: 
--

ALTER TABLE ONLY address_state
    ADD CONSTRAINT address_state_name_e77ae1610a855aa_uniq UNIQUE (name, country_id);


--
-- Name: address_state_pkey; Type: CONSTRAINT; Schema: public; Owner: gerrard; Tablespace: 
--

ALTER TABLE ONLY address_state
    ADD CONSTRAINT address_state_pkey PRIMARY KEY (id);


--
-- Name: auth_group_name_key; Type: CONSTRAINT; Schema: public; Owner: gerrard; Tablespace: 
--

ALTER TABLE ONLY auth_group
    ADD CONSTRAINT auth_group_name_key UNIQUE (name);


--
-- Name: auth_group_permissions_group_id_permission_id_key; Type: CONSTRAINT; Schema: public; Owner: gerrard; Tablespace: 
--

ALTER TABLE ONLY auth_group_permissions
    ADD CONSTRAINT auth_group_permissions_group_id_permission_id_key UNIQUE (group_id, permission_id);


--
-- Name: auth_group_permissions_pkey; Type: CONSTRAINT; Schema: public; Owner: gerrard; Tablespace: 
--

ALTER TABLE ONLY auth_group_permissions
    ADD CONSTRAINT auth_group_permissions_pkey PRIMARY KEY (id);


--
-- Name: auth_group_pkey; Type: CONSTRAINT; Schema: public; Owner: gerrard; Tablespace: 
--

ALTER TABLE ONLY auth_group
    ADD CONSTRAINT auth_group_pkey PRIMARY KEY (id);


--
-- Name: auth_permission_content_type_id_codename_key; Type: CONSTRAINT; Schema: public; Owner: gerrard; Tablespace: 
--

ALTER TABLE ONLY auth_permission
    ADD CONSTRAINT auth_permission_content_type_id_codename_key UNIQUE (content_type_id, codename);


--
-- Name: auth_permission_pkey; Type: CONSTRAINT; Schema: public; Owner: gerrard; Tablespace: 
--

ALTER TABLE ONLY auth_permission
    ADD CONSTRAINT auth_permission_pkey PRIMARY KEY (id);


--
-- Name: auth_user_groups_pkey; Type: CONSTRAINT; Schema: public; Owner: gerrard; Tablespace: 
--

ALTER TABLE ONLY auth_user_groups
    ADD CONSTRAINT auth_user_groups_pkey PRIMARY KEY (id);


--
-- Name: auth_user_groups_user_id_group_id_key; Type: CONSTRAINT; Schema: public; Owner: gerrard; Tablespace: 
--

ALTER TABLE ONLY auth_user_groups
    ADD CONSTRAINT auth_user_groups_user_id_group_id_key UNIQUE (user_id, group_id);


--
-- Name: auth_user_pkey; Type: CONSTRAINT; Schema: public; Owner: gerrard; Tablespace: 
--

ALTER TABLE ONLY auth_user
    ADD CONSTRAINT auth_user_pkey PRIMARY KEY (id);


--
-- Name: auth_user_user_permissions_pkey; Type: CONSTRAINT; Schema: public; Owner: gerrard; Tablespace: 
--

ALTER TABLE ONLY auth_user_user_permissions
    ADD CONSTRAINT auth_user_user_permissions_pkey PRIMARY KEY (id);


--
-- Name: auth_user_user_permissions_user_id_permission_id_key; Type: CONSTRAINT; Schema: public; Owner: gerrard; Tablespace: 
--

ALTER TABLE ONLY auth_user_user_permissions
    ADD CONSTRAINT auth_user_user_permissions_user_id_permission_id_key UNIQUE (user_id, permission_id);


--
-- Name: auth_user_username_key; Type: CONSTRAINT; Schema: public; Owner: gerrard; Tablespace: 
--

ALTER TABLE ONLY auth_user
    ADD CONSTRAINT auth_user_username_key UNIQUE (username);


--
-- Name: blog_blogcategory_pkey; Type: CONSTRAINT; Schema: public; Owner: gerrard; Tablespace: 
--

ALTER TABLE ONLY blog_blogcategory
    ADD CONSTRAINT blog_blogcategory_pkey PRIMARY KEY (id);


--
-- Name: blog_blogpost_categories_blogpost_id_blogcategory_id_key; Type: CONSTRAINT; Schema: public; Owner: gerrard; Tablespace: 
--

ALTER TABLE ONLY blog_blogpost_categories
    ADD CONSTRAINT blog_blogpost_categories_blogpost_id_blogcategory_id_key UNIQUE (blogpost_id, blogcategory_id);


--
-- Name: blog_blogpost_categories_pkey; Type: CONSTRAINT; Schema: public; Owner: gerrard; Tablespace: 
--

ALTER TABLE ONLY blog_blogpost_categories
    ADD CONSTRAINT blog_blogpost_categories_pkey PRIMARY KEY (id);


--
-- Name: blog_blogpost_pkey; Type: CONSTRAINT; Schema: public; Owner: gerrard; Tablespace: 
--

ALTER TABLE ONLY blog_blogpost
    ADD CONSTRAINT blog_blogpost_pkey PRIMARY KEY (id);


--
-- Name: blog_blogpost_related_posts_from_blogpost_id_to_blogpost_id_key; Type: CONSTRAINT; Schema: public; Owner: gerrard; Tablespace: 
--

ALTER TABLE ONLY blog_blogpost_related_posts
    ADD CONSTRAINT blog_blogpost_related_posts_from_blogpost_id_to_blogpost_id_key UNIQUE (from_blogpost_id, to_blogpost_id);


--
-- Name: blog_blogpost_related_posts_pkey; Type: CONSTRAINT; Schema: public; Owner: gerrard; Tablespace: 
--

ALTER TABLE ONLY blog_blogpost_related_posts
    ADD CONSTRAINT blog_blogpost_related_posts_pkey PRIMARY KEY (id);


--
-- Name: conf_setting_pkey; Type: CONSTRAINT; Schema: public; Owner: gerrard; Tablespace: 
--

ALTER TABLE ONLY conf_setting
    ADD CONSTRAINT conf_setting_pkey PRIMARY KEY (id);


--
-- Name: core_sitepermission_pkey; Type: CONSTRAINT; Schema: public; Owner: gerrard; Tablespace: 
--

ALTER TABLE ONLY core_sitepermission
    ADD CONSTRAINT core_sitepermission_pkey PRIMARY KEY (id);


--
-- Name: core_sitepermission_sites_pkey; Type: CONSTRAINT; Schema: public; Owner: gerrard; Tablespace: 
--

ALTER TABLE ONLY core_sitepermission_sites
    ADD CONSTRAINT core_sitepermission_sites_pkey PRIMARY KEY (id);


--
-- Name: core_sitepermission_sites_sitepermission_id_site_id_key; Type: CONSTRAINT; Schema: public; Owner: gerrard; Tablespace: 
--

ALTER TABLE ONLY core_sitepermission_sites
    ADD CONSTRAINT core_sitepermission_sites_sitepermission_id_site_id_key UNIQUE (sitepermission_id, site_id);


--
-- Name: core_sitepermission_user_id_key; Type: CONSTRAINT; Schema: public; Owner: gerrard; Tablespace: 
--

ALTER TABLE ONLY core_sitepermission
    ADD CONSTRAINT core_sitepermission_user_id_key UNIQUE (user_id);


--
-- Name: django_admin_log_pkey; Type: CONSTRAINT; Schema: public; Owner: gerrard; Tablespace: 
--

ALTER TABLE ONLY django_admin_log
    ADD CONSTRAINT django_admin_log_pkey PRIMARY KEY (id);


--
-- Name: django_comment_flags_pkey; Type: CONSTRAINT; Schema: public; Owner: gerrard; Tablespace: 
--

ALTER TABLE ONLY django_comment_flags
    ADD CONSTRAINT django_comment_flags_pkey PRIMARY KEY (id);


--
-- Name: django_comment_flags_user_id_c7a132a641f11c1_uniq; Type: CONSTRAINT; Schema: public; Owner: gerrard; Tablespace: 
--

ALTER TABLE ONLY django_comment_flags
    ADD CONSTRAINT django_comment_flags_user_id_c7a132a641f11c1_uniq UNIQUE (user_id, comment_id, flag);


--
-- Name: django_comments_pkey; Type: CONSTRAINT; Schema: public; Owner: gerrard; Tablespace: 
--

ALTER TABLE ONLY django_comments
    ADD CONSTRAINT django_comments_pkey PRIMARY KEY (id);


--
-- Name: django_content_type_app_label_45f3b1d93ec8c61c_uniq; Type: CONSTRAINT; Schema: public; Owner: gerrard; Tablespace: 
--

ALTER TABLE ONLY django_content_type
    ADD CONSTRAINT django_content_type_app_label_45f3b1d93ec8c61c_uniq UNIQUE (app_label, model);


--
-- Name: django_content_type_pkey; Type: CONSTRAINT; Schema: public; Owner: gerrard; Tablespace: 
--

ALTER TABLE ONLY django_content_type
    ADD CONSTRAINT django_content_type_pkey PRIMARY KEY (id);


--
-- Name: django_migrations_pkey; Type: CONSTRAINT; Schema: public; Owner: gerrard; Tablespace: 
--

ALTER TABLE ONLY django_migrations
    ADD CONSTRAINT django_migrations_pkey PRIMARY KEY (id);


--
-- Name: django_redirect_pkey; Type: CONSTRAINT; Schema: public; Owner: gerrard; Tablespace: 
--

ALTER TABLE ONLY django_redirect
    ADD CONSTRAINT django_redirect_pkey PRIMARY KEY (id);


--
-- Name: django_redirect_site_id_old_path_key; Type: CONSTRAINT; Schema: public; Owner: gerrard; Tablespace: 
--

ALTER TABLE ONLY django_redirect
    ADD CONSTRAINT django_redirect_site_id_old_path_key UNIQUE (site_id, old_path);


--
-- Name: django_session_pkey; Type: CONSTRAINT; Schema: public; Owner: gerrard; Tablespace: 
--

ALTER TABLE ONLY django_session
    ADD CONSTRAINT django_session_pkey PRIMARY KEY (session_key);


--
-- Name: django_site_pkey; Type: CONSTRAINT; Schema: public; Owner: gerrard; Tablespace: 
--

ALTER TABLE ONLY django_site
    ADD CONSTRAINT django_site_pkey PRIMARY KEY (id);


--
-- Name: forms_field_pkey; Type: CONSTRAINT; Schema: public; Owner: gerrard; Tablespace: 
--

ALTER TABLE ONLY forms_field
    ADD CONSTRAINT forms_field_pkey PRIMARY KEY (id);


--
-- Name: forms_fieldentry_pkey; Type: CONSTRAINT; Schema: public; Owner: gerrard; Tablespace: 
--

ALTER TABLE ONLY forms_fieldentry
    ADD CONSTRAINT forms_fieldentry_pkey PRIMARY KEY (id);


--
-- Name: forms_form_pkey; Type: CONSTRAINT; Schema: public; Owner: gerrard; Tablespace: 
--

ALTER TABLE ONLY forms_form
    ADD CONSTRAINT forms_form_pkey PRIMARY KEY (page_ptr_id);


--
-- Name: forms_formentry_pkey; Type: CONSTRAINT; Schema: public; Owner: gerrard; Tablespace: 
--

ALTER TABLE ONLY forms_formentry
    ADD CONSTRAINT forms_formentry_pkey PRIMARY KEY (id);


--
-- Name: galleries_gallery_pkey; Type: CONSTRAINT; Schema: public; Owner: gerrard; Tablespace: 
--

ALTER TABLE ONLY galleries_gallery
    ADD CONSTRAINT galleries_gallery_pkey PRIMARY KEY (page_ptr_id);


--
-- Name: galleries_galleryimage_pkey; Type: CONSTRAINT; Schema: public; Owner: gerrard; Tablespace: 
--

ALTER TABLE ONLY galleries_galleryimage
    ADD CONSTRAINT galleries_galleryimage_pkey PRIMARY KEY (id);


--
-- Name: generic_assignedkeyword_pkey; Type: CONSTRAINT; Schema: public; Owner: gerrard; Tablespace: 
--

ALTER TABLE ONLY generic_assignedkeyword
    ADD CONSTRAINT generic_assignedkeyword_pkey PRIMARY KEY (id);


--
-- Name: generic_keyword_pkey; Type: CONSTRAINT; Schema: public; Owner: gerrard; Tablespace: 
--

ALTER TABLE ONLY generic_keyword
    ADD CONSTRAINT generic_keyword_pkey PRIMARY KEY (id);


--
-- Name: generic_rating_pkey; Type: CONSTRAINT; Schema: public; Owner: gerrard; Tablespace: 
--

ALTER TABLE ONLY generic_rating
    ADD CONSTRAINT generic_rating_pkey PRIMARY KEY (id);


--
-- Name: generic_threadedcomment_pkey; Type: CONSTRAINT; Schema: public; Owner: gerrard; Tablespace: 
--

ALTER TABLE ONLY generic_threadedcomment
    ADD CONSTRAINT generic_threadedcomment_pkey PRIMARY KEY (comment_ptr_id);


--
-- Name: grow_records_action_pkey; Type: CONSTRAINT; Schema: public; Owner: gerrard; Tablespace: 
--

ALTER TABLE ONLY grow_records_action
    ADD CONSTRAINT grow_records_action_pkey PRIMARY KEY (id);


--
-- Name: grow_records_ammendinnoculate_pkey; Type: CONSTRAINT; Schema: public; Owner: gerrard; Tablespace: 
--

ALTER TABLE ONLY grow_records_ammendinnoculate
    ADD CONSTRAINT grow_records_ammendinnoculate_pkey PRIMARY KEY (bedinteraction_ptr_id);


--
-- Name: grow_records_areauom_pkey; Type: CONSTRAINT; Schema: public; Owner: gerrard; Tablespace: 
--

ALTER TABLE ONLY grow_records_areauom
    ADD CONSTRAINT grow_records_areauom_pkey PRIMARY KEY (id);


--
-- Name: grow_records_bed_pkey; Type: CONSTRAINT; Schema: public; Owner: gerrard; Tablespace: 
--

ALTER TABLE ONLY grow_records_bed
    ADD CONSTRAINT grow_records_bed_pkey PRIMARY KEY (id);


--
-- Name: grow_records_bedinteraction_beds_bedinteraction_id_bed_id_key; Type: CONSTRAINT; Schema: public; Owner: gerrard; Tablespace: 
--

ALTER TABLE ONLY grow_records_bedinteraction_beds
    ADD CONSTRAINT grow_records_bedinteraction_beds_bedinteraction_id_bed_id_key UNIQUE (bedinteraction_id, bed_id);


--
-- Name: grow_records_bedinteraction_beds_pkey; Type: CONSTRAINT; Schema: public; Owner: gerrard; Tablespace: 
--

ALTER TABLE ONLY grow_records_bedinteraction_beds
    ADD CONSTRAINT grow_records_bedinteraction_beds_pkey PRIMARY KEY (id);


--
-- Name: grow_records_bedinteraction_pkey; Type: CONSTRAINT; Schema: public; Owner: gerrard; Tablespace: 
--

ALTER TABLE ONLY grow_records_bedinteraction
    ADD CONSTRAINT grow_records_bedinteraction_pkey PRIMARY KEY (action_ptr_id);


--
-- Name: grow_records_bedrecord_pkey; Type: CONSTRAINT; Schema: public; Owner: gerrard; Tablespace: 
--

ALTER TABLE ONLY grow_records_bedrecord
    ADD CONSTRAINT grow_records_bedrecord_pkey PRIMARY KEY (id);


--
-- Name: grow_records_bedset_pkey; Type: CONSTRAINT; Schema: public; Owner: gerrard; Tablespace: 
--

ALTER TABLE ONLY grow_records_bedset
    ADD CONSTRAINT grow_records_bedset_pkey PRIMARY KEY (id);


--
-- Name: grow_records_buyer_pkey; Type: CONSTRAINT; Schema: public; Owner: gerrard; Tablespace: 
--

ALTER TABLE ONLY grow_records_buyer
    ADD CONSTRAINT grow_records_buyer_pkey PRIMARY KEY (id);


--
-- Name: grow_records_buyervarietyprice_pkey; Type: CONSTRAINT; Schema: public; Owner: gerrard; Tablespace: 
--

ALTER TABLE ONLY grow_records_buyervarietyprice
    ADD CONSTRAINT grow_records_buyervarietyprice_pkey PRIMARY KEY (id);


--
-- Name: grow_records_commonname_pkey; Type: CONSTRAINT; Schema: public; Owner: gerrard; Tablespace: 
--

ALTER TABLE ONLY grow_records_commonname
    ADD CONSTRAINT grow_records_commonname_pkey PRIMARY KEY (id);


--
-- Name: grow_records_crop_pkey; Type: CONSTRAINT; Schema: public; Owner: gerrard; Tablespace: 
--

ALTER TABLE ONLY grow_records_crop
    ADD CONSTRAINT grow_records_crop_pkey PRIMARY KEY (id);


--
-- Name: grow_records_deliveryitem_pkey; Type: CONSTRAINT; Schema: public; Owner: gerrard; Tablespace: 
--

ALTER TABLE ONLY grow_records_deliveryitem
    ADD CONSTRAINT grow_records_deliveryitem_pkey PRIMARY KEY (id);


--
-- Name: grow_records_deliveryrecord_pkey; Type: CONSTRAINT; Schema: public; Owner: gerrard; Tablespace: 
--

ALTER TABLE ONLY grow_records_deliveryrecord
    ADD CONSTRAINT grow_records_deliveryrecord_pkey PRIMARY KEY (id);


--
-- Name: grow_records_family_pkey; Type: CONSTRAINT; Schema: public; Owner: gerrard; Tablespace: 
--

ALTER TABLE ONLY grow_records_family
    ADD CONSTRAINT grow_records_family_pkey PRIMARY KEY (id);


--
-- Name: grow_records_fertiliseinnoculate_pkey; Type: CONSTRAINT; Schema: public; Owner: gerrard; Tablespace: 
--

ALTER TABLE ONLY grow_records_fertiliseinnoculate
    ADD CONSTRAINT grow_records_fertiliseinnoculate_pkey PRIMARY KEY (plantinteraction_ptr_id);


--
-- Name: grow_records_genus_pkey; Type: CONSTRAINT; Schema: public; Owner: gerrard; Tablespace: 
--

ALTER TABLE ONLY grow_records_genus
    ADD CONSTRAINT grow_records_genus_pkey PRIMARY KEY (id);


--
-- Name: grow_records_harvestrecord_pkey; Type: CONSTRAINT; Schema: public; Owner: gerrard; Tablespace: 
--

ALTER TABLE ONLY grow_records_harvestrecord
    ADD CONSTRAINT grow_records_harvestrecord_pkey PRIMARY KEY (id);


--
-- Name: grow_records_input_pkey; Type: CONSTRAINT; Schema: public; Owner: gerrard; Tablespace: 
--

ALTER TABLE ONLY grow_records_input
    ADD CONSTRAINT grow_records_input_pkey PRIMARY KEY (id);


--
-- Name: grow_records_lengthuom_pkey; Type: CONSTRAINT; Schema: public; Owner: gerrard; Tablespace: 
--

ALTER TABLE ONLY grow_records_lengthuom
    ADD CONSTRAINT grow_records_lengthuom_pkey PRIMARY KEY (id);


--
-- Name: grow_records_location_pkey; Type: CONSTRAINT; Schema: public; Owner: gerrard; Tablespace: 
--

ALTER TABLE ONLY grow_records_location
    ADD CONSTRAINT grow_records_location_pkey PRIMARY KEY (id);


--
-- Name: grow_records_nurseryrecord_pkey; Type: CONSTRAINT; Schema: public; Owner: gerrard; Tablespace: 
--

ALTER TABLE ONLY grow_records_nurseryrecord
    ADD CONSTRAINT grow_records_nurseryrecord_pkey PRIMARY KEY (id);


--
-- Name: grow_records_plantinteraction_bed_recordss_pkey; Type: CONSTRAINT; Schema: public; Owner: gerrard; Tablespace: 
--

ALTER TABLE ONLY grow_records_plantinteraction_bed_records
    ADD CONSTRAINT grow_records_plantinteraction_bed_recordss_pkey PRIMARY KEY (id);


--
-- Name: grow_records_plantinteraction_nursery_records_pkey; Type: CONSTRAINT; Schema: public; Owner: gerrard; Tablespace: 
--

ALTER TABLE ONLY grow_records_plantinteraction_nursery_records
    ADD CONSTRAINT grow_records_plantinteraction_nursery_records_pkey PRIMARY KEY (id);


--
-- Name: grow_records_plantinteraction_pkey; Type: CONSTRAINT; Schema: public; Owner: gerrard; Tablespace: 
--

ALTER TABLE ONLY grow_records_plantinteraction
    ADD CONSTRAINT grow_records_plantinteraction_pkey PRIMARY KEY (action_ptr_id);


--
-- Name: grow_records_plantinteraction_plantinteraction_id_bedrecord_key; Type: CONSTRAINT; Schema: public; Owner: gerrard; Tablespace: 
--

ALTER TABLE ONLY grow_records_plantinteraction_bed_records
    ADD CONSTRAINT grow_records_plantinteraction_plantinteraction_id_bedrecord_key UNIQUE (plantinteraction_id, bedrecord_id);


--
-- Name: grow_records_plantinteraction_plantinteraction_id_nurseryre_key; Type: CONSTRAINT; Schema: public; Owner: gerrard; Tablespace: 
--

ALTER TABLE ONLY grow_records_plantinteraction_nursery_records
    ADD CONSTRAINT grow_records_plantinteraction_plantinteraction_id_nurseryre_key UNIQUE (plantinteraction_id, nurseryrecord_id);


--
-- Name: grow_records_plantrecord_pkey; Type: CONSTRAINT; Schema: public; Owner: gerrard; Tablespace: 
--

ALTER TABLE ONLY grow_records_plantrecord
    ADD CONSTRAINT grow_records_plantrecord_pkey PRIMARY KEY (id);


--
-- Name: grow_records_potonrecord_pkey; Type: CONSTRAINT; Schema: public; Owner: gerrard; Tablespace: 
--

ALTER TABLE ONLY grow_records_potonrecord
    ADD CONSTRAINT grow_records_potonrecord_pkey PRIMARY KEY (id);


--
-- Name: grow_records_protect_pkey; Type: CONSTRAINT; Schema: public; Owner: gerrard; Tablespace: 
--

ALTER TABLE ONLY grow_records_protect
    ADD CONSTRAINT grow_records_protect_pkey PRIMARY KEY (plantinteraction_ptr_id);


--
-- Name: grow_records_seederrecord_pkey; Type: CONSTRAINT; Schema: public; Owner: gerrard; Tablespace: 
--

ALTER TABLE ONLY grow_records_seederrecord
    ADD CONSTRAINT grow_records_seederrecord_pkey PRIMARY KEY (id);


--
-- Name: grow_records_site_pkey; Type: CONSTRAINT; Schema: public; Owner: gerrard; Tablespace: 
--

ALTER TABLE ONLY grow_records_site
    ADD CONSTRAINT grow_records_site_pkey PRIMARY KEY (id);


--
-- Name: grow_records_soilmediumbatch_pkey; Type: CONSTRAINT; Schema: public; Owner: gerrard; Tablespace: 
--

ALTER TABLE ONLY grow_records_soilmediumbatch
    ADD CONSTRAINT grow_records_soilmediumbatch_pkey PRIMARY KEY (id);


--
-- Name: grow_records_species_pkey; Type: CONSTRAINT; Schema: public; Owner: gerrard; Tablespace: 
--

ALTER TABLE ONLY grow_records_species
    ADD CONSTRAINT grow_records_species_pkey PRIMARY KEY (id);


--
-- Name: grow_records_supplier_pkey; Type: CONSTRAINT; Schema: public; Owner: gerrard; Tablespace: 
--

ALTER TABLE ONLY grow_records_supplier
    ADD CONSTRAINT grow_records_supplier_pkey PRIMARY KEY (id);


--
-- Name: grow_records_tool_pkey; Type: CONSTRAINT; Schema: public; Owner: gerrard; Tablespace: 
--

ALTER TABLE ONLY grow_records_tool
    ADD CONSTRAINT grow_records_tool_pkey PRIMARY KEY (id);


--
-- Name: grow_records_variety_pkey; Type: CONSTRAINT; Schema: public; Owner: gerrard; Tablespace: 
--

ALTER TABLE ONLY grow_records_variety
    ADD CONSTRAINT grow_records_variety_pkey PRIMARY KEY (id);


--
-- Name: grow_records_varietyprice_pkey; Type: CONSTRAINT; Schema: public; Owner: gerrard; Tablespace: 
--

ALTER TABLE ONLY grow_records_varietyprice
    ADD CONSTRAINT grow_records_varietyprice_pkey PRIMARY KEY (id);


--
-- Name: grow_records_yielduom_pkey; Type: CONSTRAINT; Schema: public; Owner: gerrard; Tablespace: 
--

ALTER TABLE ONLY grow_records_yielduom
    ADD CONSTRAINT grow_records_yielduom_pkey PRIMARY KEY (id);


--
-- Name: pages_link_pkey; Type: CONSTRAINT; Schema: public; Owner: gerrard; Tablespace: 
--

ALTER TABLE ONLY pages_link
    ADD CONSTRAINT pages_link_pkey PRIMARY KEY (page_ptr_id);


--
-- Name: pages_page_pkey; Type: CONSTRAINT; Schema: public; Owner: gerrard; Tablespace: 
--

ALTER TABLE ONLY pages_page
    ADD CONSTRAINT pages_page_pkey PRIMARY KEY (id);


--
-- Name: pages_richtextpage_pkey; Type: CONSTRAINT; Schema: public; Owner: gerrard; Tablespace: 
--

ALTER TABLE ONLY pages_richtextpage
    ADD CONSTRAINT pages_richtextpage_pkey PRIMARY KEY (page_ptr_id);


--
-- Name: polls_choice_pkey; Type: CONSTRAINT; Schema: public; Owner: gerrard; Tablespace: 
--

ALTER TABLE ONLY polls_choice
    ADD CONSTRAINT polls_choice_pkey PRIMARY KEY (id);


--
-- Name: polls_question_pkey; Type: CONSTRAINT; Schema: public; Owner: gerrard; Tablespace: 
--

ALTER TABLE ONLY polls_question
    ADD CONSTRAINT polls_question_pkey PRIMARY KEY (id);


--
-- Name: twitter_query_pkey; Type: CONSTRAINT; Schema: public; Owner: gerrard; Tablespace: 
--

ALTER TABLE ONLY twitter_query
    ADD CONSTRAINT twitter_query_pkey PRIMARY KEY (id);


--
-- Name: twitter_tweet_pkey; Type: CONSTRAINT; Schema: public; Owner: gerrard; Tablespace: 
--

ALTER TABLE ONLY twitter_tweet
    ADD CONSTRAINT twitter_tweet_pkey PRIMARY KEY (id);


--
-- Name: address_address_7e3ea948; Type: INDEX; Schema: public; Owner: gerrard; Tablespace: 
--

CREATE INDEX address_address_7e3ea948 ON address_address USING btree (locality_id);


--
-- Name: address_country_name_158645fa5257540_like; Type: INDEX; Schema: public; Owner: gerrard; Tablespace: 
--

CREATE INDEX address_country_name_158645fa5257540_like ON address_country USING btree (name varchar_pattern_ops);


--
-- Name: address_locality_d5582625; Type: INDEX; Schema: public; Owner: gerrard; Tablespace: 
--

CREATE INDEX address_locality_d5582625 ON address_locality USING btree (state_id);


--
-- Name: address_state_93bfec8a; Type: INDEX; Schema: public; Owner: gerrard; Tablespace: 
--

CREATE INDEX address_state_93bfec8a ON address_state USING btree (country_id);


--
-- Name: auth_group_name_253ae2a6331666e8_like; Type: INDEX; Schema: public; Owner: gerrard; Tablespace: 
--

CREATE INDEX auth_group_name_253ae2a6331666e8_like ON auth_group USING btree (name varchar_pattern_ops);


--
-- Name: auth_group_permissions_0e939a4f; Type: INDEX; Schema: public; Owner: gerrard; Tablespace: 
--

CREATE INDEX auth_group_permissions_0e939a4f ON auth_group_permissions USING btree (group_id);


--
-- Name: auth_group_permissions_8373b171; Type: INDEX; Schema: public; Owner: gerrard; Tablespace: 
--

CREATE INDEX auth_group_permissions_8373b171 ON auth_group_permissions USING btree (permission_id);


--
-- Name: auth_permission_417f1b1c; Type: INDEX; Schema: public; Owner: gerrard; Tablespace: 
--

CREATE INDEX auth_permission_417f1b1c ON auth_permission USING btree (content_type_id);


--
-- Name: auth_user_groups_0e939a4f; Type: INDEX; Schema: public; Owner: gerrard; Tablespace: 
--

CREATE INDEX auth_user_groups_0e939a4f ON auth_user_groups USING btree (group_id);


--
-- Name: auth_user_groups_e8701ad4; Type: INDEX; Schema: public; Owner: gerrard; Tablespace: 
--

CREATE INDEX auth_user_groups_e8701ad4 ON auth_user_groups USING btree (user_id);


--
-- Name: auth_user_user_permissions_8373b171; Type: INDEX; Schema: public; Owner: gerrard; Tablespace: 
--

CREATE INDEX auth_user_user_permissions_8373b171 ON auth_user_user_permissions USING btree (permission_id);


--
-- Name: auth_user_user_permissions_e8701ad4; Type: INDEX; Schema: public; Owner: gerrard; Tablespace: 
--

CREATE INDEX auth_user_user_permissions_e8701ad4 ON auth_user_user_permissions USING btree (user_id);


--
-- Name: auth_user_username_51b3b110094b8aae_like; Type: INDEX; Schema: public; Owner: gerrard; Tablespace: 
--

CREATE INDEX auth_user_username_51b3b110094b8aae_like ON auth_user USING btree (username varchar_pattern_ops);


--
-- Name: blog_blogcategory_9365d6e7; Type: INDEX; Schema: public; Owner: gerrard; Tablespace: 
--

CREATE INDEX blog_blogcategory_9365d6e7 ON blog_blogcategory USING btree (site_id);


--
-- Name: blog_blogpost_9365d6e7; Type: INDEX; Schema: public; Owner: gerrard; Tablespace: 
--

CREATE INDEX blog_blogpost_9365d6e7 ON blog_blogpost USING btree (site_id);


--
-- Name: blog_blogpost_categories_53a0aca2; Type: INDEX; Schema: public; Owner: gerrard; Tablespace: 
--

CREATE INDEX blog_blogpost_categories_53a0aca2 ON blog_blogpost_categories USING btree (blogpost_id);


--
-- Name: blog_blogpost_categories_efb54956; Type: INDEX; Schema: public; Owner: gerrard; Tablespace: 
--

CREATE INDEX blog_blogpost_categories_efb54956 ON blog_blogpost_categories USING btree (blogcategory_id);


--
-- Name: blog_blogpost_e8701ad4; Type: INDEX; Schema: public; Owner: gerrard; Tablespace: 
--

CREATE INDEX blog_blogpost_e8701ad4 ON blog_blogpost USING btree (user_id);


--
-- Name: blog_blogpost_publish_date_1015da2554a8e97f_uniq; Type: INDEX; Schema: public; Owner: gerrard; Tablespace: 
--

CREATE INDEX blog_blogpost_publish_date_1015da2554a8e97f_uniq ON blog_blogpost USING btree (publish_date);


--
-- Name: blog_blogpost_related_posts_191c4981; Type: INDEX; Schema: public; Owner: gerrard; Tablespace: 
--

CREATE INDEX blog_blogpost_related_posts_191c4981 ON blog_blogpost_related_posts USING btree (from_blogpost_id);


--
-- Name: blog_blogpost_related_posts_71f16e58; Type: INDEX; Schema: public; Owner: gerrard; Tablespace: 
--

CREATE INDEX blog_blogpost_related_posts_71f16e58 ON blog_blogpost_related_posts USING btree (to_blogpost_id);


--
-- Name: conf_setting_9365d6e7; Type: INDEX; Schema: public; Owner: gerrard; Tablespace: 
--

CREATE INDEX conf_setting_9365d6e7 ON conf_setting USING btree (site_id);


--
-- Name: core_sitepermission_sites_9365d6e7; Type: INDEX; Schema: public; Owner: gerrard; Tablespace: 
--

CREATE INDEX core_sitepermission_sites_9365d6e7 ON core_sitepermission_sites USING btree (site_id);


--
-- Name: core_sitepermission_sites_f6687ce4; Type: INDEX; Schema: public; Owner: gerrard; Tablespace: 
--

CREATE INDEX core_sitepermission_sites_f6687ce4 ON core_sitepermission_sites USING btree (sitepermission_id);


--
-- Name: django_admin_log_417f1b1c; Type: INDEX; Schema: public; Owner: gerrard; Tablespace: 
--

CREATE INDEX django_admin_log_417f1b1c ON django_admin_log USING btree (content_type_id);


--
-- Name: django_admin_log_e8701ad4; Type: INDEX; Schema: public; Owner: gerrard; Tablespace: 
--

CREATE INDEX django_admin_log_e8701ad4 ON django_admin_log USING btree (user_id);


--
-- Name: django_comment_flags_327a6c43; Type: INDEX; Schema: public; Owner: gerrard; Tablespace: 
--

CREATE INDEX django_comment_flags_327a6c43 ON django_comment_flags USING btree (flag);


--
-- Name: django_comment_flags_69b97d17; Type: INDEX; Schema: public; Owner: gerrard; Tablespace: 
--

CREATE INDEX django_comment_flags_69b97d17 ON django_comment_flags USING btree (comment_id);


--
-- Name: django_comment_flags_e8701ad4; Type: INDEX; Schema: public; Owner: gerrard; Tablespace: 
--

CREATE INDEX django_comment_flags_e8701ad4 ON django_comment_flags USING btree (user_id);


--
-- Name: django_comment_flags_flag_686b7398bb858e56_like; Type: INDEX; Schema: public; Owner: gerrard; Tablespace: 
--

CREATE INDEX django_comment_flags_flag_686b7398bb858e56_like ON django_comment_flags USING btree (flag varchar_pattern_ops);


--
-- Name: django_comments_417f1b1c; Type: INDEX; Schema: public; Owner: gerrard; Tablespace: 
--

CREATE INDEX django_comments_417f1b1c ON django_comments USING btree (content_type_id);


--
-- Name: django_comments_9365d6e7; Type: INDEX; Schema: public; Owner: gerrard; Tablespace: 
--

CREATE INDEX django_comments_9365d6e7 ON django_comments USING btree (site_id);


--
-- Name: django_comments_e8701ad4; Type: INDEX; Schema: public; Owner: gerrard; Tablespace: 
--

CREATE INDEX django_comments_e8701ad4 ON django_comments USING btree (user_id);


--
-- Name: django_redirect_91a0b591; Type: INDEX; Schema: public; Owner: gerrard; Tablespace: 
--

CREATE INDEX django_redirect_91a0b591 ON django_redirect USING btree (old_path);


--
-- Name: django_redirect_9365d6e7; Type: INDEX; Schema: public; Owner: gerrard; Tablespace: 
--

CREATE INDEX django_redirect_9365d6e7 ON django_redirect USING btree (site_id);


--
-- Name: django_redirect_old_path_9db3e423470cdaf_like; Type: INDEX; Schema: public; Owner: gerrard; Tablespace: 
--

CREATE INDEX django_redirect_old_path_9db3e423470cdaf_like ON django_redirect USING btree (old_path varchar_pattern_ops);


--
-- Name: django_session_de54fa62; Type: INDEX; Schema: public; Owner: gerrard; Tablespace: 
--

CREATE INDEX django_session_de54fa62 ON django_session USING btree (expire_date);


--
-- Name: django_session_session_key_461cfeaa630ca218_like; Type: INDEX; Schema: public; Owner: gerrard; Tablespace: 
--

CREATE INDEX django_session_session_key_461cfeaa630ca218_like ON django_session USING btree (session_key varchar_pattern_ops);


--
-- Name: forms_field_d6cba1ad; Type: INDEX; Schema: public; Owner: gerrard; Tablespace: 
--

CREATE INDEX forms_field_d6cba1ad ON forms_field USING btree (form_id);


--
-- Name: forms_fieldentry_b64a62ea; Type: INDEX; Schema: public; Owner: gerrard; Tablespace: 
--

CREATE INDEX forms_fieldentry_b64a62ea ON forms_fieldentry USING btree (entry_id);


--
-- Name: forms_formentry_d6cba1ad; Type: INDEX; Schema: public; Owner: gerrard; Tablespace: 
--

CREATE INDEX forms_formentry_d6cba1ad ON forms_formentry USING btree (form_id);


--
-- Name: galleries_galleryimage_6d994cdb; Type: INDEX; Schema: public; Owner: gerrard; Tablespace: 
--

CREATE INDEX galleries_galleryimage_6d994cdb ON galleries_galleryimage USING btree (gallery_id);


--
-- Name: generic_assignedkeyword_417f1b1c; Type: INDEX; Schema: public; Owner: gerrard; Tablespace: 
--

CREATE INDEX generic_assignedkeyword_417f1b1c ON generic_assignedkeyword USING btree (content_type_id);


--
-- Name: generic_assignedkeyword_5c003bba; Type: INDEX; Schema: public; Owner: gerrard; Tablespace: 
--

CREATE INDEX generic_assignedkeyword_5c003bba ON generic_assignedkeyword USING btree (keyword_id);


--
-- Name: generic_keyword_9365d6e7; Type: INDEX; Schema: public; Owner: gerrard; Tablespace: 
--

CREATE INDEX generic_keyword_9365d6e7 ON generic_keyword USING btree (site_id);


--
-- Name: generic_rating_417f1b1c; Type: INDEX; Schema: public; Owner: gerrard; Tablespace: 
--

CREATE INDEX generic_rating_417f1b1c ON generic_rating USING btree (content_type_id);


--
-- Name: generic_rating_e8701ad4; Type: INDEX; Schema: public; Owner: gerrard; Tablespace: 
--

CREATE INDEX generic_rating_e8701ad4 ON generic_rating USING btree (user_id);


--
-- Name: generic_threadedcomment_21ce1e68; Type: INDEX; Schema: public; Owner: gerrard; Tablespace: 
--

CREATE INDEX generic_threadedcomment_21ce1e68 ON generic_threadedcomment USING btree (replied_to_id);


--
-- Name: grow_records_bed_609b4439; Type: INDEX; Schema: public; Owner: gerrard; Tablespace: 
--

CREATE INDEX grow_records_bed_609b4439 ON grow_records_bed USING btree ("length_UOM_id");


--
-- Name: grow_records_bed_6c66e327; Type: INDEX; Schema: public; Owner: gerrard; Tablespace: 
--

CREATE INDEX grow_records_bed_6c66e327 ON grow_records_bed USING btree ("width_UOM_id");


--
-- Name: grow_records_bed_9365d6e7; Type: INDEX; Schema: public; Owner: gerrard; Tablespace: 
--

CREATE INDEX grow_records_bed_9365d6e7 ON grow_records_bed USING btree (site_id);


--
-- Name: grow_records_bed_ea406edb; Type: INDEX; Schema: public; Owner: gerrard; Tablespace: 
--

CREATE INDEX grow_records_bed_ea406edb ON grow_records_bed USING btree (bed_set_id);


--
-- Name: grow_records_bedinteraction_beds_7cd27a4c; Type: INDEX; Schema: public; Owner: gerrard; Tablespace: 
--

CREATE INDEX grow_records_bedinteraction_beds_7cd27a4c ON grow_records_bedinteraction_beds USING btree (bed_id);


--
-- Name: grow_records_bedinteraction_beds_a05a2cc9; Type: INDEX; Schema: public; Owner: gerrard; Tablespace: 
--

CREATE INDEX grow_records_bedinteraction_beds_a05a2cc9 ON grow_records_bedinteraction_beds USING btree (bedinteraction_id);


--
-- Name: grow_records_bedrecord_267c256e; Type: INDEX; Schema: public; Owner: gerrard; Tablespace: 
--

CREATE INDEX grow_records_bedrecord_267c256e ON grow_records_bedrecord USING btree (seeder_id);


--
-- Name: grow_records_bedrecord_464836be; Type: INDEX; Schema: public; Owner: gerrard; Tablespace: 
--

CREATE INDEX grow_records_bedrecord_464836be ON grow_records_bedrecord USING btree (nursery_record_id);


--
-- Name: grow_records_bedrecord_7cd27a4c; Type: INDEX; Schema: public; Owner: gerrard; Tablespace: 
--

CREATE INDEX grow_records_bedrecord_7cd27a4c ON grow_records_bedrecord USING btree (bed_id);


--
-- Name: grow_records_bedrecord_921d5aa4; Type: INDEX; Schema: public; Owner: gerrard; Tablespace: 
--

CREATE INDEX grow_records_bedrecord_921d5aa4 ON grow_records_bedrecord USING btree (variety_id);


--
-- Name: grow_records_bedset_9365d6e7; Type: INDEX; Schema: public; Owner: gerrard; Tablespace: 
--

CREATE INDEX grow_records_bedset_9365d6e7 ON grow_records_bedset USING btree (site_id);


--
-- Name: grow_records_buyervarietyprice_002108a7; Type: INDEX; Schema: public; Owner: gerrard; Tablespace: 
--

CREATE INDEX grow_records_buyervarietyprice_002108a7 ON grow_records_buyervarietyprice USING btree ("price_UOM_id");


--
-- Name: grow_records_buyervarietyprice_2c724d65; Type: INDEX; Schema: public; Owner: gerrard; Tablespace: 
--

CREATE INDEX grow_records_buyervarietyprice_2c724d65 ON grow_records_buyervarietyprice USING btree (buyer_id);


--
-- Name: grow_records_buyervarietyprice_921d5aa4; Type: INDEX; Schema: public; Owner: gerrard; Tablespace: 
--

CREATE INDEX grow_records_buyervarietyprice_921d5aa4 ON grow_records_buyervarietyprice USING btree (variety_id);


--
-- Name: grow_records_commonname_76750efe; Type: INDEX; Schema: public; Owner: gerrard; Tablespace: 
--

CREATE INDEX grow_records_commonname_76750efe ON grow_records_commonname USING btree (crop_id);


--
-- Name: grow_records_crop_1699a6e9; Type: INDEX; Schema: public; Owner: gerrard; Tablespace: 
--

CREATE INDEX grow_records_crop_1699a6e9 ON grow_records_crop USING btree (species_id);


--
-- Name: grow_records_deliveryitem_921d5aa4; Type: INDEX; Schema: public; Owner: gerrard; Tablespace: 
--

CREATE INDEX grow_records_deliveryitem_921d5aa4 ON grow_records_deliveryitem USING btree (variety_id);


--
-- Name: grow_records_deliveryitem_c8c5be59; Type: INDEX; Schema: public; Owner: gerrard; Tablespace: 
--

CREATE INDEX grow_records_deliveryitem_c8c5be59 ON grow_records_deliveryitem USING btree (delivery_record_id);


--
-- Name: grow_records_deliveryitem_d20c933d; Type: INDEX; Schema: public; Owner: gerrard; Tablespace: 
--

CREATE INDEX grow_records_deliveryitem_d20c933d ON grow_records_deliveryitem USING btree ("delivery_UOM_id");


--
-- Name: grow_records_deliveryrecord_2c724d65; Type: INDEX; Schema: public; Owner: gerrard; Tablespace: 
--

CREATE INDEX grow_records_deliveryrecord_2c724d65 ON grow_records_deliveryrecord USING btree (buyer_id);


--
-- Name: grow_records_genus_0caa70f7; Type: INDEX; Schema: public; Owner: gerrard; Tablespace: 
--

CREATE INDEX grow_records_genus_0caa70f7 ON grow_records_genus USING btree (family_id);


--
-- Name: grow_records_harvestrecord_0ef50e78; Type: INDEX; Schema: public; Owner: gerrard; Tablespace: 
--

CREATE INDEX grow_records_harvestrecord_0ef50e78 ON grow_records_harvestrecord USING btree ("yield_UOM_id");


--
-- Name: grow_records_harvestrecord_3ae13f9c; Type: INDEX; Schema: public; Owner: gerrard; Tablespace: 
--

CREATE INDEX grow_records_harvestrecord_3ae13f9c ON grow_records_harvestrecord USING btree (bed_record_id);


--
-- Name: grow_records_input_c5bcd634; Type: INDEX; Schema: public; Owner: gerrard; Tablespace: 
--

CREATE INDEX grow_records_input_c5bcd634 ON grow_records_input USING btree (supplier_id);


--
-- Name: grow_records_nurseryrecord_921d5aa4; Type: INDEX; Schema: public; Owner: gerrard; Tablespace: 
--

CREATE INDEX grow_records_nurseryrecord_921d5aa4 ON grow_records_nurseryrecord USING btree (variety_id);


--
-- Name: grow_records_nurseryrecord_c20e5590; Type: INDEX; Schema: public; Owner: gerrard; Tablespace: 
--

CREATE INDEX grow_records_nurseryrecord_c20e5590 ON grow_records_nurseryrecord USING btree (medium_id);


--
-- Name: grow_records_plantinteraction_bed_recordss_48fbbc61; Type: INDEX; Schema: public; Owner: gerrard; Tablespace: 
--

CREATE INDEX grow_records_plantinteraction_bed_recordss_48fbbc61 ON grow_records_plantinteraction_bed_records USING btree (plantinteraction_id);


--
-- Name: grow_records_plantinteraction_bed_recordss_b46777ff; Type: INDEX; Schema: public; Owner: gerrard; Tablespace: 
--

CREATE INDEX grow_records_plantinteraction_bed_recordss_b46777ff ON grow_records_plantinteraction_bed_records USING btree (bedrecord_id);


--
-- Name: grow_records_plantinteraction_nursery_records_48fbbc61; Type: INDEX; Schema: public; Owner: gerrard; Tablespace: 
--

CREATE INDEX grow_records_plantinteraction_nursery_records_48fbbc61 ON grow_records_plantinteraction_nursery_records USING btree (plantinteraction_id);


--
-- Name: grow_records_plantinteraction_nursery_records_5c507e40; Type: INDEX; Schema: public; Owner: gerrard; Tablespace: 
--

CREATE INDEX grow_records_plantinteraction_nursery_records_5c507e40 ON grow_records_plantinteraction_nursery_records USING btree (nurseryrecord_id);


--
-- Name: grow_records_potonrecord_464836be; Type: INDEX; Schema: public; Owner: gerrard; Tablespace: 
--

CREATE INDEX grow_records_potonrecord_464836be ON grow_records_potonrecord USING btree (nursery_record_id);


--
-- Name: grow_records_potonrecord_c20e5590; Type: INDEX; Schema: public; Owner: gerrard; Tablespace: 
--

CREATE INDEX grow_records_potonrecord_c20e5590 ON grow_records_potonrecord USING btree (medium_id);


--
-- Name: grow_records_site_3913a7cd; Type: INDEX; Schema: public; Owner: gerrard; Tablespace: 
--

CREATE INDEX grow_records_site_3913a7cd ON grow_records_site USING btree ("area_UOM_id");


--
-- Name: grow_records_species_92319714; Type: INDEX; Schema: public; Owner: gerrard; Tablespace: 
--

CREATE INDEX grow_records_species_92319714 ON grow_records_species USING btree (genus_id);


--
-- Name: grow_records_variety_76750efe; Type: INDEX; Schema: public; Owner: gerrard; Tablespace: 
--

CREATE INDEX grow_records_variety_76750efe ON grow_records_variety USING btree (crop_id);


--
-- Name: grow_records_varietyprice_002108a7; Type: INDEX; Schema: public; Owner: gerrard; Tablespace: 
--

CREATE INDEX grow_records_varietyprice_002108a7 ON grow_records_varietyprice USING btree ("price_UOM_id");


--
-- Name: grow_records_varietyprice_921d5aa4; Type: INDEX; Schema: public; Owner: gerrard; Tablespace: 
--

CREATE INDEX grow_records_varietyprice_921d5aa4 ON grow_records_varietyprice USING btree (variety_id);


--
-- Name: pages_page_6be37982; Type: INDEX; Schema: public; Owner: gerrard; Tablespace: 
--

CREATE INDEX pages_page_6be37982 ON pages_page USING btree (parent_id);


--
-- Name: pages_page_9365d6e7; Type: INDEX; Schema: public; Owner: gerrard; Tablespace: 
--

CREATE INDEX pages_page_9365d6e7 ON pages_page USING btree (site_id);


--
-- Name: pages_page_publish_date_4b581dded15f4cdf_uniq; Type: INDEX; Schema: public; Owner: gerrard; Tablespace: 
--

CREATE INDEX pages_page_publish_date_4b581dded15f4cdf_uniq ON pages_page USING btree (publish_date);


--
-- Name: polls_choice_7aa0f6ee; Type: INDEX; Schema: public; Owner: gerrard; Tablespace: 
--

CREATE INDEX polls_choice_7aa0f6ee ON polls_choice USING btree (question_id);


--
-- Name: twitter_tweet_0bbeda9c; Type: INDEX; Schema: public; Owner: gerrard; Tablespace: 
--

CREATE INDEX twitter_tweet_0bbeda9c ON twitter_tweet USING btree (query_id);


--
-- Name: D0735ea942c6e99a080924bfd6876b31; Type: FK CONSTRAINT; Schema: public; Owner: gerrard
--

ALTER TABLE ONLY grow_records_deliveryitem
    ADD CONSTRAINT "D0735ea942c6e99a080924bfd6876b31" FOREIGN KEY (delivery_record_id) REFERENCES grow_records_deliveryrecord(id) DEFERRABLE INITIALLY DEFERRED;


--
-- Name: D1e175c877e399973616e0b9070f1592; Type: FK CONSTRAINT; Schema: public; Owner: gerrard
--

ALTER TABLE ONLY grow_records_plantinteraction_nursery_records
    ADD CONSTRAINT "D1e175c877e399973616e0b9070f1592" FOREIGN KEY (plantinteraction_id) REFERENCES grow_records_plantinteraction(action_ptr_id) DEFERRABLE INITIALLY DEFERRED;


--
-- Name: D4a2c7384a25dddbc273600e4a22a760; Type: FK CONSTRAINT; Schema: public; Owner: gerrard
--

ALTER TABLE ONLY grow_records_bedinteraction_beds
    ADD CONSTRAINT "D4a2c7384a25dddbc273600e4a22a760" FOREIGN KEY (bedinteraction_id) REFERENCES grow_records_bedinteraction(action_ptr_id) DEFERRABLE INITIALLY DEFERRED;


--
-- Name: D79ac3c6caef9aa94d0cb519b2630c11; Type: FK CONSTRAINT; Schema: public; Owner: gerrard
--

ALTER TABLE ONLY grow_records_fertiliseinnoculate
    ADD CONSTRAINT "D79ac3c6caef9aa94d0cb519b2630c11" FOREIGN KEY (plantinteraction_ptr_id) REFERENCES grow_records_plantinteraction(action_ptr_id) DEFERRABLE INITIALLY DEFERRED;


--
-- Name: D8106fafc685bfb4c0e66d978dfa8655; Type: FK CONSTRAINT; Schema: public; Owner: gerrard
--

ALTER TABLE ONLY grow_records_bedrecord
    ADD CONSTRAINT "D8106fafc685bfb4c0e66d978dfa8655" FOREIGN KEY (nursery_record_id) REFERENCES grow_records_nurseryrecord(id) DEFERRABLE INITIALLY DEFERRED;


--
-- Name: D8e54ed6535e17a5f07b3f5887fe55ff; Type: FK CONSTRAINT; Schema: public; Owner: gerrard
--

ALTER TABLE ONLY generic_threadedcomment
    ADD CONSTRAINT "D8e54ed6535e17a5f07b3f5887fe55ff" FOREIGN KEY (replied_to_id) REFERENCES generic_threadedcomment(comment_ptr_id) DEFERRABLE INITIALLY DEFERRED;


--
-- Name: D903e2c682fd67f2adb6219ea23e0392; Type: FK CONSTRAINT; Schema: public; Owner: gerrard
--

ALTER TABLE ONLY grow_records_plantinteraction_bed_records
    ADD CONSTRAINT "D903e2c682fd67f2adb6219ea23e0392" FOREIGN KEY (plantinteraction_id) REFERENCES grow_records_plantinteraction(action_ptr_id) DEFERRABLE INITIALLY DEFERRED;


--
-- Name: address_add_locality_id_460b4836536fb5cd_fk_address_locality_id; Type: FK CONSTRAINT; Schema: public; Owner: gerrard
--

ALTER TABLE ONLY address_address
    ADD CONSTRAINT address_add_locality_id_460b4836536fb5cd_fk_address_locality_id FOREIGN KEY (locality_id) REFERENCES address_locality(id) DEFERRABLE INITIALLY DEFERRED;


--
-- Name: address_locality_state_id_618cabfd8070dd7c_fk_address_state_id; Type: FK CONSTRAINT; Schema: public; Owner: gerrard
--

ALTER TABLE ONLY address_locality
    ADD CONSTRAINT address_locality_state_id_618cabfd8070dd7c_fk_address_state_id FOREIGN KEY (state_id) REFERENCES address_state(id) DEFERRABLE INITIALLY DEFERRED;


--
-- Name: address_state_country_id_d14b77267ddc8c8_fk_address_country_id; Type: FK CONSTRAINT; Schema: public; Owner: gerrard
--

ALTER TABLE ONLY address_state
    ADD CONSTRAINT address_state_country_id_d14b77267ddc8c8_fk_address_country_id FOREIGN KEY (country_id) REFERENCES address_country(id) DEFERRABLE INITIALLY DEFERRED;


--
-- Name: af108feabbe636853d78bfef7e9aad02; Type: FK CONSTRAINT; Schema: public; Owner: gerrard
--

ALTER TABLE ONLY grow_records_protect
    ADD CONSTRAINT af108feabbe636853d78bfef7e9aad02 FOREIGN KEY (plantinteraction_ptr_id) REFERENCES grow_records_plantinteraction(action_ptr_id) DEFERRABLE INITIALLY DEFERRED;


--
-- Name: auth_content_type_id_508cf46651277a81_fk_django_content_type_id; Type: FK CONSTRAINT; Schema: public; Owner: gerrard
--

ALTER TABLE ONLY auth_permission
    ADD CONSTRAINT auth_content_type_id_508cf46651277a81_fk_django_content_type_id FOREIGN KEY (content_type_id) REFERENCES django_content_type(id) DEFERRABLE INITIALLY DEFERRED;


--
-- Name: auth_group_permissio_group_id_689710a9a73b7457_fk_auth_group_id; Type: FK CONSTRAINT; Schema: public; Owner: gerrard
--

ALTER TABLE ONLY auth_group_permissions
    ADD CONSTRAINT auth_group_permissio_group_id_689710a9a73b7457_fk_auth_group_id FOREIGN KEY (group_id) REFERENCES auth_group(id) DEFERRABLE INITIALLY DEFERRED;


--
-- Name: auth_group_permission_id_1f49ccbbdc69d2fc_fk_auth_permission_id; Type: FK CONSTRAINT; Schema: public; Owner: gerrard
--

ALTER TABLE ONLY auth_group_permissions
    ADD CONSTRAINT auth_group_permission_id_1f49ccbbdc69d2fc_fk_auth_permission_id FOREIGN KEY (permission_id) REFERENCES auth_permission(id) DEFERRABLE INITIALLY DEFERRED;


--
-- Name: auth_user__permission_id_384b62483d7071f0_fk_auth_permission_id; Type: FK CONSTRAINT; Schema: public; Owner: gerrard
--

ALTER TABLE ONLY auth_user_user_permissions
    ADD CONSTRAINT auth_user__permission_id_384b62483d7071f0_fk_auth_permission_id FOREIGN KEY (permission_id) REFERENCES auth_permission(id) DEFERRABLE INITIALLY DEFERRED;


--
-- Name: auth_user_groups_group_id_33ac548dcf5f8e37_fk_auth_group_id; Type: FK CONSTRAINT; Schema: public; Owner: gerrard
--

ALTER TABLE ONLY auth_user_groups
    ADD CONSTRAINT auth_user_groups_group_id_33ac548dcf5f8e37_fk_auth_group_id FOREIGN KEY (group_id) REFERENCES auth_group(id) DEFERRABLE INITIALLY DEFERRED;


--
-- Name: auth_user_groups_user_id_4b5ed4ffdb8fd9b0_fk_auth_user_id; Type: FK CONSTRAINT; Schema: public; Owner: gerrard
--

ALTER TABLE ONLY auth_user_groups
    ADD CONSTRAINT auth_user_groups_user_id_4b5ed4ffdb8fd9b0_fk_auth_user_id FOREIGN KEY (user_id) REFERENCES auth_user(id) DEFERRABLE INITIALLY DEFERRED;


--
-- Name: auth_user_user_permiss_user_id_7f0938558328534a_fk_auth_user_id; Type: FK CONSTRAINT; Schema: public; Owner: gerrard
--

ALTER TABLE ONLY auth_user_user_permissions
    ADD CONSTRAINT auth_user_user_permiss_user_id_7f0938558328534a_fk_auth_user_id FOREIGN KEY (user_id) REFERENCES auth_user(id) DEFERRABLE INITIALLY DEFERRED;


--
-- Name: b9f26fa318bc6c2d9dc7dc4f61bb3afe; Type: FK CONSTRAINT; Schema: public; Owner: gerrard
--

ALTER TABLE ONLY grow_records_potonrecord
    ADD CONSTRAINT b9f26fa318bc6c2d9dc7dc4f61bb3afe FOREIGN KEY (nursery_record_id) REFERENCES grow_records_nurseryrecord(id) DEFERRABLE INITIALLY DEFERRED;


--
-- Name: bf7106193b3e81a44d93835157ceafaf; Type: FK CONSTRAINT; Schema: public; Owner: gerrard
--

ALTER TABLE ONLY grow_records_ammendinnoculate
    ADD CONSTRAINT bf7106193b3e81a44d93835157ceafaf FOREIGN KEY (bedinteraction_ptr_id) REFERENCES grow_records_bedinteraction(action_ptr_id) DEFERRABLE INITIALLY DEFERRED;


--
-- Name: blog_b_blogcategory_id_5c987a15b9426892_fk_blog_blogcategory_id; Type: FK CONSTRAINT; Schema: public; Owner: gerrard
--

ALTER TABLE ONLY blog_blogpost_categories
    ADD CONSTRAINT blog_b_blogcategory_id_5c987a15b9426892_fk_blog_blogcategory_id FOREIGN KEY (blogcategory_id) REFERENCES blog_blogcategory(id) DEFERRABLE INITIALLY DEFERRED;


--
-- Name: blog_blog_from_blogpost_id_161efba073ba4d90_fk_blog_blogpost_id; Type: FK CONSTRAINT; Schema: public; Owner: gerrard
--

ALTER TABLE ONLY blog_blogpost_related_posts
    ADD CONSTRAINT blog_blog_from_blogpost_id_161efba073ba4d90_fk_blog_blogpost_id FOREIGN KEY (from_blogpost_id) REFERENCES blog_blogpost(id) DEFERRABLE INITIALLY DEFERRED;


--
-- Name: blog_blogcategory_site_id_1565b70d240d75b_fk_django_site_id; Type: FK CONSTRAINT; Schema: public; Owner: gerrard
--

ALTER TABLE ONLY blog_blogcategory
    ADD CONSTRAINT blog_blogcategory_site_id_1565b70d240d75b_fk_django_site_id FOREIGN KEY (site_id) REFERENCES django_site(id) DEFERRABLE INITIALLY DEFERRED;


--
-- Name: blog_blogpo_to_blogpost_id_48f773544ff96fa5_fk_blog_blogpost_id; Type: FK CONSTRAINT; Schema: public; Owner: gerrard
--

ALTER TABLE ONLY blog_blogpost_related_posts
    ADD CONSTRAINT blog_blogpo_to_blogpost_id_48f773544ff96fa5_fk_blog_blogpost_id FOREIGN KEY (to_blogpost_id) REFERENCES blog_blogpost(id) DEFERRABLE INITIALLY DEFERRED;


--
-- Name: blog_blogpost__blogpost_id_11545014277324dc_fk_blog_blogpost_id; Type: FK CONSTRAINT; Schema: public; Owner: gerrard
--

ALTER TABLE ONLY blog_blogpost_categories
    ADD CONSTRAINT blog_blogpost__blogpost_id_11545014277324dc_fk_blog_blogpost_id FOREIGN KEY (blogpost_id) REFERENCES blog_blogpost(id) DEFERRABLE INITIALLY DEFERRED;


--
-- Name: blog_blogpost_site_id_3cd2a8869a3bc877_fk_django_site_id; Type: FK CONSTRAINT; Schema: public; Owner: gerrard
--

ALTER TABLE ONLY blog_blogpost
    ADD CONSTRAINT blog_blogpost_site_id_3cd2a8869a3bc877_fk_django_site_id FOREIGN KEY (site_id) REFERENCES django_site(id) DEFERRABLE INITIALLY DEFERRED;


--
-- Name: blog_blogpost_user_id_3d08a741310d8f6f_fk_auth_user_id; Type: FK CONSTRAINT; Schema: public; Owner: gerrard
--

ALTER TABLE ONLY blog_blogpost
    ADD CONSTRAINT blog_blogpost_user_id_3d08a741310d8f6f_fk_auth_user_id FOREIGN KEY (user_id) REFERENCES auth_user(id) DEFERRABLE INITIALLY DEFERRED;


--
-- Name: co_sitepermission_id_64c924a870a6a554_fk_core_sitepermission_id; Type: FK CONSTRAINT; Schema: public; Owner: gerrard
--

ALTER TABLE ONLY core_sitepermission_sites
    ADD CONSTRAINT co_sitepermission_id_64c924a870a6a554_fk_core_sitepermission_id FOREIGN KEY (sitepermission_id) REFERENCES core_sitepermission(id) DEFERRABLE INITIALLY DEFERRED;


--
-- Name: conf_setting_site_id_3971204fedfdfec8_fk_django_site_id; Type: FK CONSTRAINT; Schema: public; Owner: gerrard
--

ALTER TABLE ONLY conf_setting
    ADD CONSTRAINT conf_setting_site_id_3971204fedfdfec8_fk_django_site_id FOREIGN KEY (site_id) REFERENCES django_site(id) DEFERRABLE INITIALLY DEFERRED;


--
-- Name: core_sitepermission__site_id_6dd5fffb45435677_fk_django_site_id; Type: FK CONSTRAINT; Schema: public; Owner: gerrard
--

ALTER TABLE ONLY core_sitepermission_sites
    ADD CONSTRAINT core_sitepermission__site_id_6dd5fffb45435677_fk_django_site_id FOREIGN KEY (site_id) REFERENCES django_site(id) DEFERRABLE INITIALLY DEFERRED;


--
-- Name: core_sitepermission_user_id_d964e296aed9970_fk_auth_user_id; Type: FK CONSTRAINT; Schema: public; Owner: gerrard
--

ALTER TABLE ONLY core_sitepermission
    ADD CONSTRAINT core_sitepermission_user_id_d964e296aed9970_fk_auth_user_id FOREIGN KEY (user_id) REFERENCES auth_user(id) DEFERRABLE INITIALLY DEFERRED;


--
-- Name: djan_content_type_id_39798e235626a505_fk_django_content_type_id; Type: FK CONSTRAINT; Schema: public; Owner: gerrard
--

ALTER TABLE ONLY django_comments
    ADD CONSTRAINT djan_content_type_id_39798e235626a505_fk_django_content_type_id FOREIGN KEY (content_type_id) REFERENCES django_content_type(id) DEFERRABLE INITIALLY DEFERRED;


--
-- Name: djan_content_type_id_697914295151027a_fk_django_content_type_id; Type: FK CONSTRAINT; Schema: public; Owner: gerrard
--

ALTER TABLE ONLY django_admin_log
    ADD CONSTRAINT djan_content_type_id_697914295151027a_fk_django_content_type_id FOREIGN KEY (content_type_id) REFERENCES django_content_type(id) DEFERRABLE INITIALLY DEFERRED;


--
-- Name: django_admin_log_user_id_52fdd58701c5f563_fk_auth_user_id; Type: FK CONSTRAINT; Schema: public; Owner: gerrard
--

ALTER TABLE ONLY django_admin_log
    ADD CONSTRAINT django_admin_log_user_id_52fdd58701c5f563_fk_auth_user_id FOREIGN KEY (user_id) REFERENCES auth_user(id) DEFERRABLE INITIALLY DEFERRED;


--
-- Name: django_comment_comment_id_26f904a7f2b4c55_fk_django_comments_id; Type: FK CONSTRAINT; Schema: public; Owner: gerrard
--

ALTER TABLE ONLY django_comment_flags
    ADD CONSTRAINT django_comment_comment_id_26f904a7f2b4c55_fk_django_comments_id FOREIGN KEY (comment_id) REFERENCES django_comments(id) DEFERRABLE INITIALLY DEFERRED;


--
-- Name: django_comment_flags_user_id_1442753a03512f4c_fk_auth_user_id; Type: FK CONSTRAINT; Schema: public; Owner: gerrard
--

ALTER TABLE ONLY django_comment_flags
    ADD CONSTRAINT django_comment_flags_user_id_1442753a03512f4c_fk_auth_user_id FOREIGN KEY (user_id) REFERENCES auth_user(id) DEFERRABLE INITIALLY DEFERRED;


--
-- Name: django_comments_site_id_48b7896f6ea83216_fk_django_site_id; Type: FK CONSTRAINT; Schema: public; Owner: gerrard
--

ALTER TABLE ONLY django_comments
    ADD CONSTRAINT django_comments_site_id_48b7896f6ea83216_fk_django_site_id FOREIGN KEY (site_id) REFERENCES django_site(id) DEFERRABLE INITIALLY DEFERRED;


--
-- Name: django_comments_user_id_20e3794dfd3a7b1e_fk_auth_user_id; Type: FK CONSTRAINT; Schema: public; Owner: gerrard
--

ALTER TABLE ONLY django_comments
    ADD CONSTRAINT django_comments_user_id_20e3794dfd3a7b1e_fk_auth_user_id FOREIGN KEY (user_id) REFERENCES auth_user(id) DEFERRABLE INITIALLY DEFERRED;


--
-- Name: django_redirect_site_id_121a4403f653e524_fk_django_site_id; Type: FK CONSTRAINT; Schema: public; Owner: gerrard
--

ALTER TABLE ONLY django_redirect
    ADD CONSTRAINT django_redirect_site_id_121a4403f653e524_fk_django_site_id FOREIGN KEY (site_id) REFERENCES django_site(id) DEFERRABLE INITIALLY DEFERRED;


--
-- Name: f5ef407893a35dac45b88e14ef206f1a; Type: FK CONSTRAINT; Schema: public; Owner: gerrard
--

ALTER TABLE ONLY grow_records_plantinteraction_nursery_records
    ADD CONSTRAINT f5ef407893a35dac45b88e14ef206f1a FOREIGN KEY (nurseryrecord_id) REFERENCES grow_records_nurseryrecord(id) DEFERRABLE INITIALLY DEFERRED;


--
-- Name: forms_field_form_id_3660963e8b17a175_fk_forms_form_page_ptr_id; Type: FK CONSTRAINT; Schema: public; Owner: gerrard
--

ALTER TABLE ONLY forms_field
    ADD CONSTRAINT forms_field_form_id_3660963e8b17a175_fk_forms_form_page_ptr_id FOREIGN KEY (form_id) REFERENCES forms_form(page_ptr_id) DEFERRABLE INITIALLY DEFERRED;


--
-- Name: forms_fieldentr_entry_id_7b83c1acf66a9d67_fk_forms_formentry_id; Type: FK CONSTRAINT; Schema: public; Owner: gerrard
--

ALTER TABLE ONLY forms_fieldentry
    ADD CONSTRAINT forms_fieldentr_entry_id_7b83c1acf66a9d67_fk_forms_formentry_id FOREIGN KEY (entry_id) REFERENCES forms_formentry(id) DEFERRABLE INITIALLY DEFERRED;


--
-- Name: forms_form_page_ptr_id_2363a7422cd85950_fk_pages_page_id; Type: FK CONSTRAINT; Schema: public; Owner: gerrard
--

ALTER TABLE ONLY forms_form
    ADD CONSTRAINT forms_form_page_ptr_id_2363a7422cd85950_fk_pages_page_id FOREIGN KEY (page_ptr_id) REFERENCES pages_page(id) DEFERRABLE INITIALLY DEFERRED;


--
-- Name: forms_formen_form_id_5fca4521fe2d9b9b_fk_forms_form_page_ptr_id; Type: FK CONSTRAINT; Schema: public; Owner: gerrard
--

ALTER TABLE ONLY forms_formentry
    ADD CONSTRAINT forms_formen_form_id_5fca4521fe2d9b9b_fk_forms_form_page_ptr_id FOREIGN KEY (form_id) REFERENCES forms_form(page_ptr_id) DEFERRABLE INITIALLY DEFERRED;


--
-- Name: g_medium_id_4c448ffbd318059f_fk_grow_records_soilmediumbatch_id; Type: FK CONSTRAINT; Schema: public; Owner: gerrard
--

ALTER TABLE ONLY grow_records_nurseryrecord
    ADD CONSTRAINT g_medium_id_4c448ffbd318059f_fk_grow_records_soilmediumbatch_id FOREIGN KEY (medium_id) REFERENCES grow_records_soilmediumbatch(id) DEFERRABLE INITIALLY DEFERRED;


--
-- Name: g_medium_id_6c0ba5878846f387_fk_grow_records_soilmediumbatch_id; Type: FK CONSTRAINT; Schema: public; Owner: gerrard
--

ALTER TABLE ONLY grow_records_potonrecord
    ADD CONSTRAINT g_medium_id_6c0ba5878846f387_fk_grow_records_soilmediumbatch_id FOREIGN KEY (medium_id) REFERENCES grow_records_soilmediumbatch(id) DEFERRABLE INITIALLY DEFERRED;


--
-- Name: ga_gallery_id_5f743e845a8d8b01_fk_galleries_gallery_page_ptr_id; Type: FK CONSTRAINT; Schema: public; Owner: gerrard
--

ALTER TABLE ONLY galleries_galleryimage
    ADD CONSTRAINT ga_gallery_id_5f743e845a8d8b01_fk_galleries_gallery_page_ptr_id FOREIGN KEY (gallery_id) REFERENCES galleries_gallery(page_ptr_id) DEFERRABLE INITIALLY DEFERRED;


--
-- Name: galleries_gallery_page_ptr_id_6cf84f17bef39d64_fk_pages_page_id; Type: FK CONSTRAINT; Schema: public; Owner: gerrard
--

ALTER TABLE ONLY galleries_gallery
    ADD CONSTRAINT galleries_gallery_page_ptr_id_6cf84f17bef39d64_fk_pages_page_id FOREIGN KEY (page_ptr_id) REFERENCES pages_page(id) DEFERRABLE INITIALLY DEFERRED;


--
-- Name: gene_content_type_id_28e2096071be2a4f_fk_django_content_type_id; Type: FK CONSTRAINT; Schema: public; Owner: gerrard
--

ALTER TABLE ONLY generic_rating
    ADD CONSTRAINT gene_content_type_id_28e2096071be2a4f_fk_django_content_type_id FOREIGN KEY (content_type_id) REFERENCES django_content_type(id) DEFERRABLE INITIALLY DEFERRED;


--
-- Name: gene_content_type_id_340baca94a5341cc_fk_django_content_type_id; Type: FK CONSTRAINT; Schema: public; Owner: gerrard
--

ALTER TABLE ONLY generic_assignedkeyword
    ADD CONSTRAINT gene_content_type_id_340baca94a5341cc_fk_django_content_type_id FOREIGN KEY (content_type_id) REFERENCES django_content_type(id) DEFERRABLE INITIALLY DEFERRED;


--
-- Name: generic_assig_keyword_id_61d6fae39a09e150_fk_generic_keyword_id; Type: FK CONSTRAINT; Schema: public; Owner: gerrard
--

ALTER TABLE ONLY generic_assignedkeyword
    ADD CONSTRAINT generic_assig_keyword_id_61d6fae39a09e150_fk_generic_keyword_id FOREIGN KEY (keyword_id) REFERENCES generic_keyword(id) DEFERRABLE INITIALLY DEFERRED;


--
-- Name: generic_keyword_site_id_7727e5473a304097_fk_django_site_id; Type: FK CONSTRAINT; Schema: public; Owner: gerrard
--

ALTER TABLE ONLY generic_keyword
    ADD CONSTRAINT generic_keyword_site_id_7727e5473a304097_fk_django_site_id FOREIGN KEY (site_id) REFERENCES django_site(id) DEFERRABLE INITIALLY DEFERRED;


--
-- Name: generic_rating_user_id_323dfdffa0c13bac_fk_auth_user_id; Type: FK CONSTRAINT; Schema: public; Owner: gerrard
--

ALTER TABLE ONLY generic_rating
    ADD CONSTRAINT generic_rating_user_id_323dfdffa0c13bac_fk_auth_user_id FOREIGN KEY (user_id) REFERENCES auth_user(id) DEFERRABLE INITIALLY DEFERRED;


--
-- Name: generic_t_comment_ptr_id_7ce6b4612f86bbc6_fk_django_comments_id; Type: FK CONSTRAINT; Schema: public; Owner: gerrard
--

ALTER TABLE ONLY generic_threadedcomment
    ADD CONSTRAINT generic_t_comment_ptr_id_7ce6b4612f86bbc6_fk_django_comments_id FOREIGN KEY (comment_ptr_id) REFERENCES django_comments(id) DEFERRABLE INITIALLY DEFERRED;


--
-- Name: gr_delivery_UOM_id_568c5ee698cdbb33_fk_grow_records_yielduom_id; Type: FK CONSTRAINT; Schema: public; Owner: gerrard
--

ALTER TABLE ONLY grow_records_deliveryitem
    ADD CONSTRAINT "gr_delivery_UOM_id_568c5ee698cdbb33_fk_grow_records_yielduom_id" FOREIGN KEY ("delivery_UOM_id") REFERENCES grow_records_yielduom(id) DEFERRABLE INITIALLY DEFERRED;


--
-- Name: gro_bed_record_id_73629f8f798a18ca_fk_grow_records_bedrecord_id; Type: FK CONSTRAINT; Schema: public; Owner: gerrard
--

ALTER TABLE ONLY grow_records_harvestrecord
    ADD CONSTRAINT gro_bed_record_id_73629f8f798a18ca_fk_grow_records_bedrecord_id FOREIGN KEY (bed_record_id) REFERENCES grow_records_bedrecord(id) DEFERRABLE INITIALLY DEFERRED;


--
-- Name: grow__price_UOM_id_1544e90f654454f1_fk_grow_records_yielduom_id; Type: FK CONSTRAINT; Schema: public; Owner: gerrard
--

ALTER TABLE ONLY grow_records_buyervarietyprice
    ADD CONSTRAINT "grow__price_UOM_id_1544e90f654454f1_fk_grow_records_yielduom_id" FOREIGN KEY ("price_UOM_id") REFERENCES grow_records_yielduom(id) DEFERRABLE INITIALLY DEFERRED;


--
-- Name: grow__price_UOM_id_502e1040265e7e29_fk_grow_records_yielduom_id; Type: FK CONSTRAINT; Schema: public; Owner: gerrard
--

ALTER TABLE ONLY grow_records_varietyprice
    ADD CONSTRAINT "grow__price_UOM_id_502e1040265e7e29_fk_grow_records_yielduom_id" FOREIGN KEY ("price_UOM_id") REFERENCES grow_records_yielduom(id) DEFERRABLE INITIALLY DEFERRED;


--
-- Name: grow__yield_UOM_id_6ab771859efed4cf_fk_grow_records_yielduom_id; Type: FK CONSTRAINT; Schema: public; Owner: gerrard
--

ALTER TABLE ONLY grow_records_harvestrecord
    ADD CONSTRAINT "grow__yield_UOM_id_6ab771859efed4cf_fk_grow_records_yielduom_id" FOREIGN KEY ("yield_UOM_id") REFERENCES grow_records_yielduom(id) DEFERRABLE INITIALLY DEFERRED;


--
-- Name: grow_bedrecord_id_3b7f403dc1e6dfc5_fk_grow_records_bedrecord_id; Type: FK CONSTRAINT; Schema: public; Owner: gerrard
--

ALTER TABLE ONLY grow_records_plantinteraction_bed_records
    ADD CONSTRAINT grow_bedrecord_id_3b7f403dc1e6dfc5_fk_grow_records_bedrecord_id FOREIGN KEY (bedrecord_id) REFERENCES grow_records_bedrecord(id) DEFERRABLE INITIALLY DEFERRED;


--
-- Name: grow_length_UOM_id_5652d71a5efa726_fk_grow_records_lengthuom_id; Type: FK CONSTRAINT; Schema: public; Owner: gerrard
--

ALTER TABLE ONLY grow_records_bed
    ADD CONSTRAINT "grow_length_UOM_id_5652d71a5efa726_fk_grow_records_lengthuom_id" FOREIGN KEY ("length_UOM_id") REFERENCES grow_records_lengthuom(id) DEFERRABLE INITIALLY DEFERRED;


--
-- Name: grow_r_action_ptr_id_342d2660d5bce300_fk_grow_records_action_id; Type: FK CONSTRAINT; Schema: public; Owner: gerrard
--

ALTER TABLE ONLY grow_records_bedinteraction
    ADD CONSTRAINT grow_r_action_ptr_id_342d2660d5bce300_fk_grow_records_action_id FOREIGN KEY (action_ptr_id) REFERENCES grow_records_action(id) DEFERRABLE INITIALLY DEFERRED;


--
-- Name: grow_r_action_ptr_id_46bc16d0f067e9f0_fk_grow_records_action_id; Type: FK CONSTRAINT; Schema: public; Owner: gerrard
--

ALTER TABLE ONLY grow_records_plantinteraction
    ADD CONSTRAINT grow_r_action_ptr_id_46bc16d0f067e9f0_fk_grow_records_action_id FOREIGN KEY (action_ptr_id) REFERENCES grow_records_action(id) DEFERRABLE INITIALLY DEFERRED;


--
-- Name: grow_r_supplier_id_2776fe2b19def69b_fk_grow_records_supplier_id; Type: FK CONSTRAINT; Schema: public; Owner: gerrard
--

ALTER TABLE ONLY grow_records_input
    ADD CONSTRAINT grow_r_supplier_id_2776fe2b19def69b_fk_grow_records_supplier_id FOREIGN KEY (supplier_id) REFERENCES grow_records_supplier(id) DEFERRABLE INITIALLY DEFERRED;


--
-- Name: grow_re_area_UOM_id_10398fceb6b2f554_fk_grow_records_areauom_id; Type: FK CONSTRAINT; Schema: public; Owner: gerrard
--

ALTER TABLE ONLY grow_records_site
    ADD CONSTRAINT "grow_re_area_UOM_id_10398fceb6b2f554_fk_grow_records_areauom_id" FOREIGN KEY ("area_UOM_id") REFERENCES grow_records_areauom(id) DEFERRABLE INITIALLY DEFERRED;


--
-- Name: grow_rec_species_id_62ede60e79749d39_fk_grow_records_species_id; Type: FK CONSTRAINT; Schema: public; Owner: gerrard
--

ALTER TABLE ONLY grow_records_crop
    ADD CONSTRAINT grow_rec_species_id_62ede60e79749d39_fk_grow_records_species_id FOREIGN KEY (species_id) REFERENCES grow_records_species(id) DEFERRABLE INITIALLY DEFERRED;


--
-- Name: grow_rec_variety_id_1aea62f83ab365ca_fk_grow_records_variety_id; Type: FK CONSTRAINT; Schema: public; Owner: gerrard
--

ALTER TABLE ONLY grow_records_bedrecord
    ADD CONSTRAINT grow_rec_variety_id_1aea62f83ab365ca_fk_grow_records_variety_id FOREIGN KEY (variety_id) REFERENCES grow_records_variety(id) DEFERRABLE INITIALLY DEFERRED;


--
-- Name: grow_rec_variety_id_231986f6822584aa_fk_grow_records_variety_id; Type: FK CONSTRAINT; Schema: public; Owner: gerrard
--

ALTER TABLE ONLY grow_records_varietyprice
    ADD CONSTRAINT grow_rec_variety_id_231986f6822584aa_fk_grow_records_variety_id FOREIGN KEY (variety_id) REFERENCES grow_records_variety(id) DEFERRABLE INITIALLY DEFERRED;


--
-- Name: grow_rec_variety_id_48eb1487f285e13b_fk_grow_records_variety_id; Type: FK CONSTRAINT; Schema: public; Owner: gerrard
--

ALTER TABLE ONLY grow_records_nurseryrecord
    ADD CONSTRAINT grow_rec_variety_id_48eb1487f285e13b_fk_grow_records_variety_id FOREIGN KEY (variety_id) REFERENCES grow_records_variety(id) DEFERRABLE INITIALLY DEFERRED;


--
-- Name: grow_rec_variety_id_5007c86f3b0fb66c_fk_grow_records_variety_id; Type: FK CONSTRAINT; Schema: public; Owner: gerrard
--

ALTER TABLE ONLY grow_records_deliveryitem
    ADD CONSTRAINT grow_rec_variety_id_5007c86f3b0fb66c_fk_grow_records_variety_id FOREIGN KEY (variety_id) REFERENCES grow_records_variety(id) DEFERRABLE INITIALLY DEFERRED;


--
-- Name: grow_rec_variety_id_77dbf2d876f6455e_fk_grow_records_variety_id; Type: FK CONSTRAINT; Schema: public; Owner: gerrard
--

ALTER TABLE ONLY grow_records_buyervarietyprice
    ADD CONSTRAINT grow_rec_variety_id_77dbf2d876f6455e_fk_grow_records_variety_id FOREIGN KEY (variety_id) REFERENCES grow_records_variety(id) DEFERRABLE INITIALLY DEFERRED;


--
-- Name: grow_reco_bed_set_id_3318f7a3ccda6ffb_fk_grow_records_bedset_id; Type: FK CONSTRAINT; Schema: public; Owner: gerrard
--

ALTER TABLE ONLY grow_records_bed
    ADD CONSTRAINT grow_reco_bed_set_id_3318f7a3ccda6ffb_fk_grow_records_bedset_id FOREIGN KEY (bed_set_id) REFERENCES grow_records_bedset(id) DEFERRABLE INITIALLY DEFERRED;


--
-- Name: grow_recor_family_id_5eff3985f509106f_fk_grow_records_family_id; Type: FK CONSTRAINT; Schema: public; Owner: gerrard
--

ALTER TABLE ONLY grow_records_genus
    ADD CONSTRAINT grow_recor_family_id_5eff3985f509106f_fk_grow_records_family_id FOREIGN KEY (family_id) REFERENCES grow_records_family(id) DEFERRABLE INITIALLY DEFERRED;


--
-- Name: grow_records_b_site_id_3edd4c2c6013c787_fk_grow_records_site_id; Type: FK CONSTRAINT; Schema: public; Owner: gerrard
--

ALTER TABLE ONLY grow_records_bed
    ADD CONSTRAINT grow_records_b_site_id_3edd4c2c6013c787_fk_grow_records_site_id FOREIGN KEY (site_id) REFERENCES grow_records_site(id) DEFERRABLE INITIALLY DEFERRED;


--
-- Name: grow_records_b_site_id_5564bf10683de9f6_fk_grow_records_site_id; Type: FK CONSTRAINT; Schema: public; Owner: gerrard
--

ALTER TABLE ONLY grow_records_bedset
    ADD CONSTRAINT grow_records_b_site_id_5564bf10683de9f6_fk_grow_records_site_id FOREIGN KEY (site_id) REFERENCES grow_records_site(id) DEFERRABLE INITIALLY DEFERRED;


--
-- Name: grow_records_bed_bed_id_6b759b3eeeb89f1d_fk_grow_records_bed_id; Type: FK CONSTRAINT; Schema: public; Owner: gerrard
--

ALTER TABLE ONLY grow_records_bedrecord
    ADD CONSTRAINT grow_records_bed_bed_id_6b759b3eeeb89f1d_fk_grow_records_bed_id FOREIGN KEY (bed_id) REFERENCES grow_records_bed(id) DEFERRABLE INITIALLY DEFERRED;


--
-- Name: grow_records_bedi_bed_id_9e266aa62dd53ef_fk_grow_records_bed_id; Type: FK CONSTRAINT; Schema: public; Owner: gerrard
--

ALTER TABLE ONLY grow_records_bedinteraction_beds
    ADD CONSTRAINT grow_records_bedi_bed_id_9e266aa62dd53ef_fk_grow_records_bed_id FOREIGN KEY (bed_id) REFERENCES grow_records_bed(id) DEFERRABLE INITIALLY DEFERRED;


--
-- Name: grow_records_buyer_id_29944361a7c6d113_fk_grow_records_buyer_id; Type: FK CONSTRAINT; Schema: public; Owner: gerrard
--

ALTER TABLE ONLY grow_records_deliveryrecord
    ADD CONSTRAINT grow_records_buyer_id_29944361a7c6d113_fk_grow_records_buyer_id FOREIGN KEY (buyer_id) REFERENCES grow_records_buyer(id) DEFERRABLE INITIALLY DEFERRED;


--
-- Name: grow_records_buyer_id_2fa15cf87fba90ff_fk_grow_records_buyer_id; Type: FK CONSTRAINT; Schema: public; Owner: gerrard
--

ALTER TABLE ONLY grow_records_buyervarietyprice
    ADD CONSTRAINT grow_records_buyer_id_2fa15cf87fba90ff_fk_grow_records_buyer_id FOREIGN KEY (buyer_id) REFERENCES grow_records_buyer(id) DEFERRABLE INITIALLY DEFERRED;


--
-- Name: grow_records_c_crop_id_42ae36f156643170_fk_grow_records_crop_id; Type: FK CONSTRAINT; Schema: public; Owner: gerrard
--

ALTER TABLE ONLY grow_records_commonname
    ADD CONSTRAINT grow_records_c_crop_id_42ae36f156643170_fk_grow_records_crop_id FOREIGN KEY (crop_id) REFERENCES grow_records_crop(id) DEFERRABLE INITIALLY DEFERRED;


--
-- Name: grow_records_genus_id_3963f6fe32bd9c24_fk_grow_records_genus_id; Type: FK CONSTRAINT; Schema: public; Owner: gerrard
--

ALTER TABLE ONLY grow_records_species
    ADD CONSTRAINT grow_records_genus_id_3963f6fe32bd9c24_fk_grow_records_genus_id FOREIGN KEY (genus_id) REFERENCES grow_records_genus(id) DEFERRABLE INITIALLY DEFERRED;


--
-- Name: grow_records_v_crop_id_2e6f1915ca3fd60d_fk_grow_records_crop_id; Type: FK CONSTRAINT; Schema: public; Owner: gerrard
--

ALTER TABLE ONLY grow_records_variety
    ADD CONSTRAINT grow_records_v_crop_id_2e6f1915ca3fd60d_fk_grow_records_crop_id FOREIGN KEY (crop_id) REFERENCES grow_records_crop(id) DEFERRABLE INITIALLY DEFERRED;


--
-- Name: grow_seeder_id_64704496644b5b85_fk_grow_records_seederrecord_id; Type: FK CONSTRAINT; Schema: public; Owner: gerrard
--

ALTER TABLE ONLY grow_records_bedrecord
    ADD CONSTRAINT grow_seeder_id_64704496644b5b85_fk_grow_records_seederrecord_id FOREIGN KEY (seeder_id) REFERENCES grow_records_seederrecord(id) DEFERRABLE INITIALLY DEFERRED;


--
-- Name: grow_width_UOM_id_620aa22b2fa67a83_fk_grow_records_lengthuom_id; Type: FK CONSTRAINT; Schema: public; Owner: gerrard
--

ALTER TABLE ONLY grow_records_bed
    ADD CONSTRAINT "grow_width_UOM_id_620aa22b2fa67a83_fk_grow_records_lengthuom_id" FOREIGN KEY ("width_UOM_id") REFERENCES grow_records_lengthuom(id) DEFERRABLE INITIALLY DEFERRED;


--
-- Name: pages_link_page_ptr_id_560afe0956838fd3_fk_pages_page_id; Type: FK CONSTRAINT; Schema: public; Owner: gerrard
--

ALTER TABLE ONLY pages_link
    ADD CONSTRAINT pages_link_page_ptr_id_560afe0956838fd3_fk_pages_page_id FOREIGN KEY (page_ptr_id) REFERENCES pages_page(id) DEFERRABLE INITIALLY DEFERRED;


--
-- Name: pages_page_parent_id_7bf3217d99139bb8_fk_pages_page_id; Type: FK CONSTRAINT; Schema: public; Owner: gerrard
--

ALTER TABLE ONLY pages_page
    ADD CONSTRAINT pages_page_parent_id_7bf3217d99139bb8_fk_pages_page_id FOREIGN KEY (parent_id) REFERENCES pages_page(id) DEFERRABLE INITIALLY DEFERRED;


--
-- Name: pages_page_site_id_22239f4327580ae9_fk_django_site_id; Type: FK CONSTRAINT; Schema: public; Owner: gerrard
--

ALTER TABLE ONLY pages_page
    ADD CONSTRAINT pages_page_site_id_22239f4327580ae9_fk_django_site_id FOREIGN KEY (site_id) REFERENCES django_site(id) DEFERRABLE INITIALLY DEFERRED;


--
-- Name: pages_richtextpag_page_ptr_id_303aa0962fe9608b_fk_pages_page_id; Type: FK CONSTRAINT; Schema: public; Owner: gerrard
--

ALTER TABLE ONLY pages_richtextpage
    ADD CONSTRAINT pages_richtextpag_page_ptr_id_303aa0962fe9608b_fk_pages_page_id FOREIGN KEY (page_ptr_id) REFERENCES pages_page(id) DEFERRABLE INITIALLY DEFERRED;


--
-- Name: polls_choice_question_id_246c99a640fbbd72_fk_polls_question_id; Type: FK CONSTRAINT; Schema: public; Owner: gerrard
--

ALTER TABLE ONLY polls_choice
    ADD CONSTRAINT polls_choice_question_id_246c99a640fbbd72_fk_polls_question_id FOREIGN KEY (question_id) REFERENCES polls_question(id) DEFERRABLE INITIALLY DEFERRED;


--
-- Name: twitter_tweet_query_id_5de4bfd6dfe46065_fk_twitter_query_id; Type: FK CONSTRAINT; Schema: public; Owner: gerrard
--

ALTER TABLE ONLY twitter_tweet
    ADD CONSTRAINT twitter_tweet_query_id_5de4bfd6dfe46065_fk_twitter_query_id FOREIGN KEY (query_id) REFERENCES twitter_query(id) DEFERRABLE INITIALLY DEFERRED;


--
-- Name: public; Type: ACL; Schema: -; Owner: postgres
--

REVOKE ALL ON SCHEMA public FROM PUBLIC;
REVOKE ALL ON SCHEMA public FROM postgres;
GRANT ALL ON SCHEMA public TO postgres;
GRANT ALL ON SCHEMA public TO PUBLIC;


--
-- PostgreSQL database dump complete
--

